taxon	lfc_(Intercept)	lfc_EnvironmentFreshwater	lfc_EnvironmentSaline	se_(Intercept)	se_EnvironmentFreshwater	se_EnvironmentSaline	W_(Intercept)	W_EnvironmentFreshwater	W_EnvironmentSaline	p_(Intercept)	p_EnvironmentFreshwater	p_EnvironmentSaline	q_(Intercept)	q_EnvironmentFreshwater	q_EnvironmentSaline	diff_(Intercept)	diff_EnvironmentFreshwater	diff_EnvironmentSaline	passed_ss_(Intercept)	passed_ss_EnvironmentFreshwater	passed_ss_EnvironmentSaline	diff_robust_(Intercept)	diff_robust_EnvironmentFreshwater	diff_robust_EnvironmentSaline
Acidovoraxdelafieldii_Acidovorax	0.555327353657176	1.77726257347195	-1.28650754752236	0.682135503593617	0.843905106827496	0.893509082596181	0.814101231693129	2.10599812596613	-1.43983712374169	0.428322347156144	0.0524596013658216	0.170457218805704	1	1	1	FALSE	FALSE	FALSE	TRUE	TRUE	TRUE	FALSE	FALSE	FALSE
Acinetobacterjohnsonii_Acinetobacter	2.16804646657559	-1.97235930041986	-2.36160674867816	0.731216722957744	1.01197252849674	1.09778788569765	2.96498479658113	-1.94902454847243	-2.15124140049819	0.010237629100789	0.0716187481553442	0.0494026361936305	1	1	1	FALSE	FALSE	FALSE	TRUE	TRUE	TRUE	FALSE	FALSE	FALSE
Acinetobacterlwoffii_Acinetobacter	1.68207509830247	-1.39261527604657	-3.21230440755741	0.639136122915732	1.12669018315412	0.740253805891475	2.63179475857014	-1.23602326253345	-4.33946354884172	0.0250847642019378	0.244696052886645	0.00146760796893501	1	1	0.707387041026675	FALSE	FALSE	FALSE	TRUE	TRUE	TRUE	FALSE	FALSE	FALSE
Acinetobacterradioresistens_Acinetobacter	3.01438260757474	-4.80258856342886	-5.07861777621429	0.200103873026154	0.577941218856284	0.477696713305251	15.0640892751773	-8.30982184128159	-10.6314689524963	0.000635031058753689	0.00365178563858363	0.00177839650494221	0.299099628672988	1	0.844738339847548	FALSE	FALSE	FALSE	TRUE	TRUE	TRUE	FALSE	FALSE	FALSE
Acinetobactertjernbergiae_Acinetobacter	1.7336371644294	-1.96279556607405	-2.33959591918666	0.47000023759001	0.720094912372878	0.627664463647363	3.68858784693145	-2.72574563762183	-3.7274627682301	0.0141664244058804	0.0414899333593369	0.0136066406867122	1	1	1	FALSE	FALSE	FALSE	TRUE	TRUE	TRUE	FALSE	FALSE	FALSE
Acinetobacterursingii_Acinetobacter	2.5791533598148	-3.30247589931497	-3.6727408129547	0.530579189716384	0.734965886025415	0.671119270416412	4.86101492445163	-4.49337304235202	-5.47256050429883	0.00183302120252108	0.00282064648876654	0.000933317475638774	0.808362350311798	1	0.461058832965555	FALSE	FALSE	FALSE	TRUE	TRUE	TRUE	FALSE	FALSE	FALSE
Actinobacillusporcinus_Actinobacillus	1.99677215976351	-1.57077067574919	-2.88447593364869	1.09908252760824	1.32419628105444	1.22246093524416	1.81676271763575	-1.18620683219138	-2.3595649157268	0.0869268166102145	0.251855162017041	0.030517214801813	1	1	1	FALSE	FALSE	FALSE	TRUE	TRUE	TRUE	FALSE	FALSE	FALSE
Actinotalea	1.29459340010875	-0.508933442328327	-2.48351585939697	0.289681509951207	0.662128345118273	0.501163628164177	4.46902323978777	-0.768632616441482	-4.9554990023805	0.00424185949015641	0.471272792452319	0.00256378013757087	1	1	1	FALSE	FALSE	FALSE	TRUE	TRUE	TRUE	FALSE	FALSE	FALSE
Aggregatibacter	2.74404069004699	-3.0610096210594	-5.19024507396978	0.566352034290215	0.799157798364669	0.69770626536918	4.84511491776661	-3.83029437655892	-7.43901170390586	0.0028658427614764	0.00865619057782209	0.00030388425617871	1	1	0.153765433626427	FALSE	FALSE	FALSE	TRUE	TRUE	TRUE	FALSE	FALSE	FALSE
Akkermansiamuciniphila_Akkermansia	2.00636644421886	-3.0728850202048	-4.23461333494937	0.887168080564015	1.08342822053798	0.972599618785327	2.26154038696175	-2.83626082647078	-4.35391218869482	0.0581990169319378	0.0251791732866402	0.00333887869088989	1	1	1	FALSE	FALSE	FALSE	TRUE	TRUE	TRUE	FALSE	FALSE	FALSE
Alistipesputredinis_Alistipes	1.97191051996548	-1.85483354487607	-2.56488474338287	1.14175327957944	1.28813662348563	1.30811487869106	1.72708986716625	-1.43993541605624	-1.96074884948131	0.102274831419924	0.168047529312831	0.066504109725722	1	1	1	FALSE	FALSE	FALSE	TRUE	TRUE	TRUE	FALSE	FALSE	FALSE
Anaerococcushydrogenalis_Anaerococcus	1.67684168493693	-1.91013598811951	-1.53523659058483	0.533744481588406	0.890481020763231	0.937546279806789	3.14165624709918	-2.14506086438803	-1.637504860988	0.00594860849587635	0.0466880039973515	0.119900598466061	1	1	1	FALSE	FALSE	FALSE	TRUE	TRUE	TRUE	FALSE	FALSE	FALSE
Anaerofustis	0.657761226512309	-0.288330701195452	0.460114658957382	0.406931400092648	0.834292316516212	0.774051344782433	1.61639339299585	-0.345599132926749	0.594423951406879	0.130006189146643	0.735172414328009	0.562431462565417	1	1	1	FALSE	FALSE	FALSE	TRUE	TRUE	TRUE	FALSE	FALSE	FALSE
Anaeromyxobactersp.Fw109-5_Anaeromyxobacter	-0.271165305678046	2.31862532240734	-0.807188884441545	0.179506245126467	0.797520807625462	0.451362014395013	-1.51061766952456	2.90729132110147	-1.7883403093268	0.181632472666527	0.0270758272355303	0.123937350616188	1	1	1	FALSE	FALSE	FALSE	TRUE	TRUE	TRUE	FALSE	FALSE	FALSE
Anaerotruncuscolihominis_Anaerotruncus	0.89740968664089	-0.879121176038555	0.0921511810732595	0.552484612755977	0.813977167063089	0.76585675828472	1.62431616360194	-1.08003173996945	0.120324303567745	0.132591109943177	0.303239458982357	0.906395874607574	1	1	1	FALSE	FALSE	FALSE	TRUE	TRUE	TRUE	FALSE	FALSE	FALSE
Aquamonasfontana_Aquamonas	-0.82051654431346	4.04111056790514	-0.734319862007413	0.257514745733323	1.02847445474388	0.465476605585462	-3.18628955393168	3.92922794461772	-1.5775655601076	0.0110723492440645	0.00346209984458202	0.149120832539645	1	1	1	FALSE	FALSE	FALSE	TRUE	TRUE	TRUE	FALSE	FALSE	FALSE
Aurantimonasaltamirensis_Aurantimonas	0.622793781988919	0.555793108975926	-0.272916504621635	0.522205306830124	0.664613372732773	1.0062066240351	1.19262246829582	0.836265311199808	-0.271233062973869	0.254331531998274	0.41811243259271	0.790470956721871	1	1	1	FALSE	FALSE	FALSE	TRUE	TRUE	TRUE	FALSE	FALSE	FALSE
Bacillusbadius_Bacillus	2.33394552841583	-3.28113180244644	-1.71356649958353	0.221031927942797	0.572589797292557	0.465935693108691	10.5593139875242	-5.73033577957728	-3.67768884188873	4.24323312816758e-05	0.00122602525158494	0.0103590928306263	0.021598056622373	0.553376905218624	1	TRUE	FALSE	FALSE	FALSE	TRUE	TRUE	FALSE	FALSE	FALSE
Bacilluslongiquaesitum_Bacillus	1.46851856860641	-2.75685695399003	-0.437236995428357	0.412665820092541	0.647321759303576	0.686350510076058	3.55861449411315	-4.25886649779239	-0.637046216196306	0.00741568336968996	0.002765642972138	0.541891189791208	1	1	1	FALSE	FALSE	FALSE	TRUE	TRUE	TRUE	FALSE	FALSE	FALSE
Bacteroidescaccae_Bacteroides	1.20300753027427	-0.823170721902692	-0.861593796889977	1.03623081792818	1.20688718864514	1.2160498379331	1.16094552435676	-0.682061032420758	-0.708518491605916	0.261707232221775	0.504388107506697	0.488225911385113	1	1	1	FALSE	FALSE	FALSE	TRUE	TRUE	TRUE	FALSE	FALSE	FALSE
Bacteroidescoprocola_Bacteroides	0.503973404337268	0.153045444473274	0.655006484253395	0.347003250606268	0.745330834610546	0.769238721051409	1.45235931783564	0.205338941267932	0.851499627265409	0.164609335749428	0.839745997178143	0.406327225450256	1	1	1	FALSE	FALSE	FALSE	TRUE	TRUE	TRUE	FALSE	FALSE	FALSE
Bacteroidescoprophilus_Bacteroides	0.320986744448913	0.744608544285999	0.771992767370642	0.492626419688169	0.78286879075249	0.954380664945839	0.651582480395788	0.951128149546344	0.808893972526626	0.523382374628801	0.354867154626352	0.429752115816243	1	1	1	FALSE	FALSE	FALSE	TRUE	TRUE	TRUE	FALSE	FALSE	FALSE
Bacteroidesdorei_Bacteroides	1.3843774859864	-1.54301368693048	-1.9981255307219	0.390583831186364	0.626099152588002	0.582227736724432	3.54437991399048	-2.46448774216094	-3.4318624907209	0.0382438255233546	0.0905060412986671	0.0414815761401933	1	1	1	FALSE	FALSE	FALSE	TRUE	TRUE	TRUE	FALSE	FALSE	FALSE
Bacteroideseggerthii_Bacteroides	1.0116063534887	-0.832015068071769	-0.199032443552867	0.545780209000657	0.753635117471176	0.851560839355201	1.85350501320117	-1.10400251896912	-0.23372662803937	0.0835822831519821	0.286988103869218	0.818357058410886	1	1	1	FALSE	FALSE	FALSE	TRUE	TRUE	TRUE	FALSE	FALSE	FALSE
Bacteroidesfragilis_Bacteroides	2.02959363760746	-2.46615445418521	-3.39544108209872	0.882869465550345	1.20584172710567	0.963104419640102	2.29886038287925	-2.04517259500102	-3.52551708086601	0.0443402201545038	0.0680559122013754	0.00548768779196057	1	1	1	FALSE	FALSE	FALSE	TRUE	TRUE	TRUE	FALSE	FALSE	FALSE
Bacteroidesovatus_Bacteroides	2.46059688924788	-2.71029848378151	-3.92462703423525	0.572712585676075	0.731142244966441	0.698482410270511	4.29639045969839	-3.7069373332489	-5.61879150645369	0.00358244712167552	0.00758534942487607	0.000800081159722239	1	1	0.396040174062508	FALSE	FALSE	FALSE	TRUE	TRUE	TRUE	FALSE	FALSE	FALSE
Bacteroidespectinophilus_Bacteroides	0.686177918931875	-0.175774173128769	0.435584226441204	0.26227901518247	0.685537905679065	0.638896420774343	2.61621357108762	-0.256403288093391	0.681775969120746	0.0203253706740233	0.80136883253974	0.506503545682842	1	1	1	FALSE	FALSE	FALSE	TRUE	TRUE	TRUE	FALSE	FALSE	FALSE
Bacteroidesplebeius_Bacteroides	0.603473599996488	-0.148810659867769	0.587041060815106	0.265618607224249	0.721289734798151	0.799905196608973	2.27195529071879	-0.206311905865973	0.733888294892621	0.0382384939170858	0.839321479872741	0.47433270129159	1	1	1	FALSE	FALSE	FALSE	TRUE	TRUE	TRUE	FALSE	FALSE	FALSE
Bacteroidesuniformis_Bacteroides	2.75581225553429	-3.09742769102746	-4.14239540681939	1.11985485208531	1.28261161272147	1.23394161048531	2.46086557592943	-2.41493813115826	-3.35704329250247	0.0248570460159255	0.0272885820051485	0.00373961952277748	1	1	1	FALSE	FALSE	FALSE	TRUE	TRUE	TRUE	FALSE	FALSE	FALSE
Bdellovibriobacteriovorus_Bdellovibrio	-1.55811866921321	3.25665526848125	-0.611576759036115	0.186822643707983	0.576682765232705	0.465389512679519	-8.34009538826918	5.64722142713441	-1.31411805030782	0.0011296608670396	0.0048425221033054	0.259099456990453	0.51869409145615	1	1	FALSE	FALSE	FALSE	TRUE	FALSE	TRUE	FALSE	FALSE	FALSE
Beijerinckia	-1.0862164319489	3.46247316307437	-0.257323536223647	0.235970935201972	0.902888757161272	0.473426955820399	-4.60317890853459	3.83488346223356	-0.543533766001416	0.0036797122031646	0.0086100468265747	0.606351532875641	1	1	1	FALSE	FALSE	FALSE	TRUE	TRUE	TRUE	FALSE	FALSE	FALSE
Bifidobacteriumadolescentis_Bifidobacterium	1.76986687267498	-1.84056292440356	-1.90329810280828	1.07014181342467	1.35443384020208	1.29940441877299	1.65386199331007	-1.35891681806249	-1.46474652179923	0.116500629728112	0.191930504288612	0.161238984664366	1	1	1	FALSE	FALSE	FALSE	TRUE	TRUE	TRUE	FALSE	FALSE	FALSE
Bifidobacteriumbifidum_Bifidobacterium	1.23727174981655	-1.54266507499259	-0.66749079122539	0.34363793169963	0.613772075576013	0.569859863612061	3.60050982642403	-2.51341684703532	-1.17132444982964	0.0113595527395968	0.0456917168754053	0.285874093324792	1	1	1	FALSE	FALSE	FALSE	TRUE	TRUE	TRUE	FALSE	FALSE	FALSE
Bifidobacteriumdentium_Bifidobacterium	0.862649798171811	-0.502943834484974	-0.259542671412352	0.748218056677322	0.926679741629799	0.964179870431386	1.15293902689633	-0.542737487279501	-0.269184909757792	0.269694717584549	0.596493186964746	0.792012417327735	1	1	1	FALSE	FALSE	FALSE	TRUE	TRUE	TRUE	FALSE	FALSE	FALSE
Bifidobacteriumlongum_Bifidobacterium	1.6999474664205	-2.6801703588859	-2.07938218977611	0.477388722556321	0.677015185575338	0.647405469150638	3.56092925136065	-3.95880390276364	-3.21186997771914	0.0235663996821129	0.0166943603375612	0.0325309868057196	1	1	1	FALSE	FALSE	FALSE	TRUE	TRUE	TRUE	FALSE	FALSE	FALSE
Bifidobacteriumpseudocatenulatum_Bifidobacterium	1.3055744508666	-1.4264074397755	-1.16996286158881	1.04742193795614	1.26664166530017	1.26550987593136	1.24646468014046	-1.12613336419615	-0.924499195020324	0.231708894967633	0.277804185057446	0.369860872719974	1	1	1	FALSE	FALSE	FALSE	TRUE	TRUE	TRUE	FALSE	FALSE	FALSE
Bifidobacteriumpseudolongum_Bifidobacterium	2.53519563038959	-4.32973368958584	-3.56336410527254	0.217749950923993	0.552917098504592	0.498648176745551	11.6426920861833	-7.83071042891592	-7.14604859989461	0.0545459043731052	0.0808601734334705	0.0885121870271633	1	1	1	FALSE	FALSE	FALSE	TRUE	TRUE	TRUE	FALSE	FALSE	FALSE
Bifidobacteriumsubtile_Bifidobacterium	1.09021553591686	-1.23879504951109	-0.281720220005684	0.197217049173742	0.548187060483275	0.490348803815438	5.52799841841472	-2.25980352111737	-0.574530248291827	0.11393071203867	0.265224148089666	0.668014771628109	1	1	1	FALSE	FALSE	FALSE	TRUE	TRUE	TRUE	FALSE	FALSE	FALSE
Bilophila	1.4460199099431	-1.31493226323948	-2.99282769295689	0.733707674195059	0.868037551249755	0.827174404781311	1.97083928763524	-1.51483338635098	-3.61813382481066	0.0802337263200315	0.164115618365913	0.00558798509899908	1	1	1	FALSE	FALSE	FALSE	TRUE	TRUE	TRUE	FALSE	FALSE	FALSE
Blautiaproducta_Blautia	1.46204099854517	-1.66193000810209	-0.990682225725842	0.543882121955409	0.957370548341859	0.80808927585575	2.68815785539838	-1.73593183013673	-1.22595640769608	0.0168541319765879	0.103064750902709	0.239114546159504	1	1	1	FALSE	FALSE	FALSE	TRUE	TRUE	TRUE	FALSE	FALSE	FALSE
Burkholderiaandropogonis_Burkholderia	-0.0629262588537637	1.21051488314815	1.24627493415255	0.195935101786889	1.19552797711887	0.761216881323214	-0.321158681011666	1.01253580536476	1.6372139987045	0.754109570158481	0.333036014048208	0.129847186725459	1	1	1	FALSE	FALSE	FALSE	TRUE	TRUE	TRUE	FALSE	FALSE	FALSE
Burkholderiagraminis_Burkholderia	0.654912420826142	0.681164805010802	-0.687164983433841	0.44417763959103	0.630852947184345	0.610143969184972	1.47443806813225	1.07975211663988	-1.12623416462143	0.174462776570897	0.308337252888969	0.289199790149326	1	1	1	FALSE	FALSE	FALSE	TRUE	TRUE	TRUE	FALSE	FALSE	FALSE
Burkholderiamultivorans_Burkholderia	-0.799301884395156	6.09293503040166	0.0144911052726007	0.200546917134659	0.554492367197358	0.498375825878749	-3.98561042879786	10.9883118160814	0.0290766616680286	1	1	1	1	1	1	FALSE	FALSE	FALSE	TRUE	TRUE	TRUE	FALSE	FALSE	FALSE
Burkholderiasordidicola_Burkholderia	0.74782233735168	0.56445366034419	-1.29898986388543	0.253633147425843	0.636005366337408	0.494404558079803	2.94844086800731	0.887498266869561	-2.62738245968146	0.0214543389671456	0.404271435018603	0.0340418705394784	1	1	1	FALSE	FALSE	FALSE	TRUE	TRUE	TRUE	FALSE	FALSE	FALSE
Campylobacterconcisus_Campylobacter	1.84239441731632	-1.40482584978167	-2.50817081379766	1.01249351736353	1.25998859407502	1.1098232510806	1.81966045779118	-1.11495124351739	-2.25997320866681	0.0864664983869888	0.280385680477468	0.0372390391021339	1	1	1	FALSE	FALSE	FALSE	TRUE	TRUE	TRUE	FALSE	FALSE	FALSE
Campylobactercurvus_Campylobacter	2.45109530572559	-3.12545376553052	-2.90877734613519	0.827325828607363	1.10684692260252	0.958496159837247	2.96267228819813	-2.82374527290698	-3.03473030776576	0.0110006725500582	0.0143616496708649	0.0095772573952122	1	1	1	FALSE	FALSE	FALSE	TRUE	TRUE	TRUE	FALSE	FALSE	FALSE
Campylobactergracilis_Campylobacter	2.51372029894488	-3.14107794900583	-4.04874493453751	0.900036520267559	0.992227537248559	0.975797175174316	2.79290922350308	-3.16568310300682	-4.14916648412539	0.0174952627938548	0.00898746959932382	0.00161873413993989	1	1	0.772136184751326	FALSE	FALSE	FALSE	TRUE	TRUE	TRUE	FALSE	FALSE	FALSE
CandidatusAmoebophilus	-1.02804673250433	3.16718981358293	0.13165131228796	0.183206980388691	0.563387054173115	0.466898715649982	-5.61139499337433	5.62169433983787	0.281969746060844	0.00248582929489096	0.00246580390258853	0.789265140379996	1	1	1	FALSE	FALSE	FALSE	TRUE	TRUE	TRUE	FALSE	FALSE	FALSE
CandidatusAquiluna	-0.870278577304735	3.48598884137046	2.03134597195852	0.560137034563835	1.64721530108553	1.37292258624883	-1.5536886933077	2.11629216840881	1.47957794001239	0.141100395855559	0.0514516655226347	0.15968024440184	1	1	1	FALSE	FALSE	FALSE	TRUE	TRUE	TRUE	FALSE	FALSE	FALSE
CandidatusPelagibacterubique_CandidatusPelagibacter	-0.954165793656567	2.17565433908758	3.82996306538759	0.4760658699746	0.655269700548432	1.60369746173487	-2.00427263081782	3.32024254633878	2.38820797361889	0.0612388841166387	0.00404917447380523	0.0288049101442532	1	1	1	FALSE	FALSE	FALSE	TRUE	TRUE	TRUE	FALSE	FALSE	FALSE
CandidatusRhodolunalacicola_CandidatusRhodoluna	-0.120871471137247	2.09043885354603	0.368783924832868	0.273792516883327	1.14456896267102	0.505543953957274	-0.441471054480113	1.8263983400945	0.729479448712852	0.68168698411888	0.141819303660209	0.506128972521543	1	1	1	FALSE	FALSE	FALSE	TRUE	TRUE	TRUE	FALSE	FALSE	FALSE
Capnocytophagasputigena_Capnocytophaga	2.14196342718277	-3.70648118715325	-3.44598692745526	0.66833244568005	0.862823214680131	0.779055635581152	3.20493706541996	-4.29575969224162	-4.42328733670563	0.0149628670515391	0.00358522404616023	0.00306905564235566	1	1	1	FALSE	FALSE	FALSE	TRUE	TRUE	TRUE	FALSE	FALSE	FALSE
Cardiobacteriumvalvarum_Cardiobacterium	1.26321261994079	-0.952808881241429	-3.19968019426091	0.680415265553105	0.832438683029865	0.801129167411131	1.85653186207386	-1.14459947701307	-3.9939629268533	0.136949307303927	0.316210688965419	0.016211330791524	1	1	1	FALSE	FALSE	FALSE	TRUE	TRUE	TRUE	FALSE	FALSE	FALSE
Carnobacterium	1.60500669305379	-2.24604309653577	-2.57807687020701	0.533371682771977	0.787121096560291	0.656298721135217	3.00917117442839	-2.85349116717993	-3.92820645109233	0.0147356341761728	0.0189807967613266	0.00346747391550954	1	1	1	FALSE	FALSE	FALSE	TRUE	TRUE	TRUE	FALSE	FALSE	FALSE
Chelativorans	-0.741557936295105	3.51049503221784	0.62098865461762	0.184126194619574	0.482582321409963	0.754726334004567	-4.02744399202541	7.27439625629303	0.822799770776068	0.00380155408612366	8.59930917223243e-05	0.43446028099934	1	0.0429105527694398	1	FALSE	TRUE	FALSE	TRUE	FALSE	TRUE	FALSE	FALSE	FALSE
Chthoniobacterflavus_Chthoniobacter	0.53855594413619	0.520798603495105	-0.257587909654905	0.375130994445891	0.91954501324545	0.554395451920032	1.43564768603484	0.566365535121542	-0.464628468294253	0.201115841921275	0.591683385490169	0.658579709368829	1	1	1	FALSE	FALSE	FALSE	TRUE	TRUE	TRUE	FALSE	FALSE	FALSE
Clostridiumbifermentans_Clostridium	2.13746839128372	-1.20807461796837	-3.63670180076811	0.190359394474067	0.539739896113097	0.488259301249859	11.2285941925231	-2.2382533265898	-7.44830009681082	0.00151436710742634	0.111141521803952	0.00500969684083326	0.682979565449281	1	1	FALSE	FALSE	FALSE	TRUE	TRUE	TRUE	FALSE	FALSE	FALSE
Clostridiumbolteae_Clostridium	2.24501004857961	-2.75141152284042	-4.02182992478972	0.76132179488477	0.978100441968732	0.872970190312049	2.94883197048024	-2.81301531497353	-4.60706444437936	0.0145637370146102	0.018379582443858	0.000969578252854743	1	1	0.478002078657389	FALSE	FALSE	FALSE	TRUE	TRUE	TRUE	FALSE	FALSE	FALSE
Clostridiumbowmanii_Clostridium	-0.619497184047046	4.21471404100135	0.50061726658154	0.281284379952134	0.984490032807454	0.58565145521249	-2.20238743492428	4.28111397835316	0.854804102552605	0.0448988916201607	0.00076085475453338	0.407050222657002	1	0.354558315612555	1	FALSE	FALSE	FALSE	TRUE	TRUE	TRUE	FALSE	FALSE	FALSE
Clostridiumhiranonis_Clostridium	0.392795204381467	-0.419984190839578	1.03953257403366	0.214586837852745	0.543801988872482	0.49057161150388	1.83047202853613	-0.772310876814505	2.11902309399214	0.208664363218914	0.520707105155578	0.168227265547633	1	1	1	FALSE	FALSE	FALSE	TRUE	TRUE	TRUE	FALSE	FALSE	FALSE
Clostridiumleptum_Clostridium	2.63487571696931	-2.7187233471651	-3.67946633746136	0.771946066049207	0.963954020443258	0.949648607732666	3.41328990826329	-2.82038695778761	-3.87455560667463	0.0066216009207483	0.0181486583453435	0.00308617309937518	1	1	1	FALSE	FALSE	FALSE	TRUE	TRUE	TRUE	FALSE	FALSE	FALSE
Clostridiummethylpentosum_Clostridium	0.750474772034335	-0.265777352923814	0.0925872304925516	0.589202027871209	0.840316993503935	0.899144748487088	1.27371383079893	-0.316282254171228	0.102972553249452	0.22506722089939	0.756809327110953	0.919556269624602	1	1	1	FALSE	FALSE	FALSE	TRUE	TRUE	TRUE	FALSE	FALSE	FALSE
Clostridiumorbiscindens_Clostridium	3.14452289414438	-4.00657235149505	-3.44197286187758	0.571685337228523	0.790493700960354	0.799093197242971	5.50044349464818	-5.06844310919562	-4.30734847168398	0.000261625581944965	0.000485934568618819	0.00154349924118947	0.127411658407198	0.23033298552532	0.737792637288566	FALSE	FALSE	FALSE	TRUE	TRUE	TRUE	FALSE	FALSE	FALSE
Clostridiumramosum_Clostridium	0.593891998990967	0.349508368771821	0.282586023151141	0.254632875735221	0.628425885756245	0.862961968604656	2.33234611703683	0.556164818626502	0.327460575821275	0.0351246366136143	0.58687792202753	0.748164778779398	1	1	1	FALSE	FALSE	FALSE	TRUE	TRUE	TRUE	FALSE	FALSE	FALSE
Colwelliapsychrerythraea_Colwellia	-1.23647972014043	0.60762929413658	2.97555907873355	0.193822614353382	0.536254712511897	0.698797876358499	-6.37943990315832	1.13309828325863	4.25811122128685	0.0237015929532206	0.374723877179758	0.050972465988078	1	1	1	FALSE	FALSE	FALSE	TRUE	TRUE	TRUE	FALSE	FALSE	FALSE
Comamonasterrigena_Comamonas	1.06166503647358	0.574678201544533	-2.71714295637833	0.247659169165317	0.644857775167175	0.490707034084809	4.28679882942231	0.89117046219308	-5.53719993324719	0.0051669490852952	0.407151843150011	0.00146335938198905	1	1	0.706802581500711	FALSE	FALSE	FALSE	TRUE	TRUE	TRUE	FALSE	FALSE	FALSE
Coprococcuseutactus_Coprococcus	2.0454082063165	-2.41986058131648	-2.76630730003683	0.855418950432332	1.12929529569699	0.937420308984933	2.3911186504376	-2.14280586356554	-2.950978630954	0.0313982813384762	0.0501846610637202	0.0105254833313222	1	1	1	FALSE	FALSE	FALSE	TRUE	TRUE	TRUE	FALSE	FALSE	FALSE
Corynebacteriumdurum_Corynebacterium	1.51654522390228	-1.68803009369404	-3.44030670718285	0.964393900046347	1.08743777692901	1.03714940780593	1.5725371384342	-1.55230039778564	-3.31707918000045	0.150276112961632	0.155006701322939	0.00898201273361676	1	1	1	FALSE	FALSE	FALSE	TRUE	TRUE	TRUE	FALSE	FALSE	FALSE
Corynebacteriumefficiens_Corynebacterium	2.32394356908368	-2.52748111385074	-3.32728840097074	0.790004714886964	1.00465235010471	0.888227368833237	2.94168316377225	-2.51577683920941	-3.74598725249979	0.0134073277880425	0.0286902111940837	0.00323237616101835	1	1	1	FALSE	FALSE	FALSE	TRUE	TRUE	TRUE	FALSE	FALSE	FALSE
Corynebacteriumglucuronolyticum_Corynebacterium	1.46296055298609	-3.13107510105041	-2.98706884497559	0.457121644473519	0.669398906417898	0.62854741784203	3.20037471573027	-4.6774428088111	-4.75233651461172	0.0493177032920055	0.0184599579193517	0.0176814456766274	1	1	1	FALSE	FALSE	FALSE	TRUE	TRUE	TRUE	FALSE	FALSE	FALSE
Corynebacteriummatruchotii_Corynebacterium	2.04268137646239	-1.70024716843081	-2.92960957874362	1.13235920838268	1.29521840253571	1.2182516886965	1.80391642629012	-1.31271078692378	-2.40476545686404	0.0889935488979962	0.206726822840863	0.0278565959110103	1	1	1	FALSE	FALSE	FALSE	TRUE	TRUE	TRUE	FALSE	FALSE	FALSE
Corynebacteriumtuberculostearicum_Corynebacterium	2.02510333205738	-2.64546894308427	-2.78580343604554	1.03328653561792	1.25183841179179	1.10016061877547	1.95986617675836	-2.11326711032756	-2.53217883689225	0.0702272926542442	0.0530145881161305	0.0239297919828427	1	1	1	FALSE	FALSE	FALSE	TRUE	TRUE	TRUE	FALSE	FALSE	FALSE
Crenothrixpolyspora_Crenothrix	-1.67465189531738	4.53594504583947	4.26467448196374	0.41058979032282	0.90421770719822	1.03055491511249	-4.07864962740724	5.01643023547327	4.13823117955653	0.000782017194699693	0.00010587676297455	0.000687479019775223	0.365202029924757	0.0523031209094276	0.343739509887611	FALSE	FALSE	FALSE	FALSE	TRUE	TRUE	FALSE	FALSE	FALSE
Cupriavidusbasilensis_Cupriavidus	-1.21660971667431	1.52096270224674	3.53881125338858	0.173084674765775	0.585838053032968	0.918819075867211	-7.02898577427884	2.59621698244506	3.85147777874391	0.000109431358636814	0.0318042608350264	0.00486732637842193	0.05460624795977	1	1	FALSE	FALSE	FALSE	TRUE	TRUE	TRUE	FALSE	FALSE	FALSE
Curtobacterium	1.51508677298607	-0.755287204324408	-2.6086427505123	0.361184950445098	1.16054598899955	0.552105064736683	4.19476717155292	-0.650803338672952	-4.72490277146153	0.00301802120169053	0.533415516488467	0.0014926990639486	1	1	0.715002851631378	FALSE	FALSE	FALSE	TRUE	TRUE	TRUE	FALSE	FALSE	FALSE
Desulfitobacterium	0.285725343209104	0.238750674044182	1.17317660052641	0.282573227800996	0.735703383923956	0.657576590474492	1.01115503911194	0.324520288014415	1.78409118803922	0.331896861324273	0.751131350512609	0.099694151616577	1	1	1	FALSE	FALSE	FALSE	TRUE	TRUE	TRUE	FALSE	FALSE	FALSE
Dialisterinvisus_Dialister	1.65672173390717	-4.27409151551847	-3.45036407107007	0.747587044358935	0.86864848899715	0.856784255864973	2.21609208774856	-4.92039250589485	-4.02710956399021	0.0575317399536463	0.0011634375395798	0.00380332383289464	1	0.528200642969228	1	FALSE	FALSE	FALSE	TRUE	FALSE	TRUE	FALSE	FALSE	FALSE
Dietzia	1.46025399287546	-2.07408904993483	-0.844666147679759	0.742622263391895	0.886380892956637	0.994631861551903	1.96634825652252	-2.33995234601283	-0.849224904540906	0.0728208579769171	0.0373888669233699	0.412377789836322	1	1	1	FALSE	FALSE	FALSE	TRUE	TRUE	TRUE	FALSE	FALSE	FALSE
Doreaformicigenerans_Dorea	2.07870304464026	-2.23479004442443	-2.39559289994789	1.01421670579316	1.24296527866378	1.23145410854436	2.04956498228317	-1.79795050013536	-1.94533672292474	0.0571699775418895	0.0910795844681471	0.0695225324837338	1	1	1	FALSE	FALSE	FALSE	TRUE	TRUE	TRUE	FALSE	FALSE	FALSE
Edwardsiella	0.223411163942875	0.659440294670133	1.29447129047166	0.36335554294177	0.705378823553487	0.750487208098915	0.614855527272575	0.934873960842871	1.72484124513025	0.547864779226317	0.36466038078907	0.105093965743223	1	1	1	FALSE	FALSE	FALSE	TRUE	TRUE	TRUE	FALSE	FALSE	FALSE
Eggerthella	2.90834755108821	-4.28756865429543	-4.53119363214338	0.194334223158074	0.531195208684185	0.475405254096792	14.9656993185525	-8.0715499390819	-9.53122329443342	0.000647504513423439	0.00397290305340975	0.00244949642273992	0.304327121309016	1	1	FALSE	FALSE	FALSE	TRUE	TRUE	TRUE	FALSE	FALSE	FALSE
Enterococcushaemoperoxidus_Enterococcus	1.60185733992538	-3.72912708930835	-2.83055782184984	0.662900819580751	0.807655191773159	0.785032517678024	2.41643590203807	-4.61722666713907	-3.60565678250131	0.0521152790956815	0.00362587736820227	0.0112896019300628	1	1	1	FALSE	FALSE	FALSE	TRUE	TRUE	TRUE	FALSE	FALSE	FALSE
Erwiniatoletana_Erwinia	0.54586346647134	0.233792445517325	0.44808377626978	0.467124646114109	0.692658368033842	0.78832976528516	1.16856062083694	0.337529229858235	0.568396369135822	0.258707154866229	0.739849796702857	0.577197704974793	1	1	1	FALSE	FALSE	FALSE	TRUE	TRUE	TRUE	FALSE	FALSE	FALSE
Eubacteriumlimosum_Eubacterium	1.88012956407359	-2.48010440994602	-3.79317636731256	0.541994424106978	0.735662841611362	0.697240165910347	3.46890942129414	-3.37125143430341	-5.4402723089827	0.0739966643942778	0.0778507872707714	0.0321663491648302	1	1	1	FALSE	FALSE	FALSE	TRUE	TRUE	TRUE	FALSE	FALSE	FALSE
Eubacteriumrectale_Roseburia	2.58920863005368	-3.28701946249715	-3.42905684565929	0.983323691574971	1.12823227346486	1.20520790986005	2.63311934029231	-2.91342442492143	-2.84519941962337	0.0174414134834681	0.00968301366704868	0.0111870796594717	1	1	1	FALSE	FALSE	FALSE	TRUE	TRUE	TRUE	FALSE	FALSE	FALSE
Faecalibacteriumprausnitzii_Faecalibacterium	2.57064041204	-2.90680442976693	-3.68400864622219	1.17345074928824	1.32162456272236	1.38843400384429	2.19066749379915	-2.19941768014611	-2.65335524484557	0.0427009011451855	0.0419727087530786	0.0167235998382823	1	1	1	FALSE	FALSE	FALSE	TRUE	TRUE	TRUE	FALSE	FALSE	FALSE
Flavobacteriumpsychrophilum_Flavobacterium	0.101848922945831	2.89723961491537	-1.60234297806256	0.364750735328669	1.66849335008036	0.542736423442224	0.279228835149729	1.73644061258969	-2.95234096856802	0.786379705271692	0.11650091144306	0.0161593433290625	1	1	1	FALSE	FALSE	FALSE	TRUE	TRUE	TRUE	FALSE	FALSE	FALSE
Flavobacteriumsuccinicans_Flavobacterium	0.0526572586971959	1.71734854732693	-1.51370430657118	0.392202744414758	1.05973492019791	0.554174452307998	0.13426030145651	1.62054539733975	-2.73145811804745	0.896512997077043	0.14377397545185	0.0257875815716958	1	1	1	FALSE	FALSE	FALSE	TRUE	TRUE	TRUE	FALSE	FALSE	FALSE
Gallibacteriumgenomosp.3_Gallibacterium	2.26035445374037	-2.78665381156474	-3.45558453643443	0.447981814898244	0.656692338327619	0.624247771008578	5.04563885981351	-4.24346935227147	-5.53559771763598	0.00725326689792458	0.0132268424673486	0.00520544090627999	1	1	1	FALSE	FALSE	FALSE	TRUE	TRUE	TRUE	FALSE	FALSE	FALSE
Gemellasanguinis_Gemella	1.46549724047765	-1.92831523998314	-2.3065950122774	0.498904687104979	0.719943452979396	0.639095219643334	2.93742928931289	-2.67842596804381	-3.6091570416763	0.0217927657411994	0.0316112737802	0.00863386323742278	1	1	1	FALSE	FALSE	FALSE	TRUE	TRUE	TRUE	FALSE	FALSE	FALSE
Geobactermetallireducens_Geobacter	-1.58707093164022	3.95510511517307	0.8707258099649	0.175713310203346	0.84862510540402	0.559148688349076	-9.0321611368175	4.66060347494679	1.55723482520504	4.16784700430568e-05	0.00231286693676035	0.16337199767763	0.021256019721959	1	1	TRUE	FALSE	FALSE	FALSE	TRUE	TRUE	FALSE	FALSE	FALSE
Gordoniaamarae_Gordonia	2.21860988973957	-2.92712103783184	-2.29187895913967	0.577345920761749	0.891977992516614	0.733142746521386	3.84277399381698	-3.28160679118697	-3.12610193582924	0.00325033110911929	0.00826646053820978	0.0107616364979526	1	1	1	FALSE	FALSE	FALSE	TRUE	TRUE	TRUE	FALSE	FALSE	FALSE
Granulicatellaadiacens_Granulicatella	1.83014708398075	-2.17971782089125	-2.74718055330672	1.05235326441562	1.32022470738377	1.14418486642023	1.73909954562363	-1.6510203215411	-2.40099361032604	0.103947034962625	0.12097940592872	0.0308102376157981	1	1	1	FALSE	FALSE	FALSE	TRUE	TRUE	TRUE	FALSE	FALSE	FALSE
Granulicatellaelegans_Granulicatella	1.46440733325063	-2.8316459036991	-2.47035547171268	0.87000371946407	0.973104379167576	0.9503477174856	1.68321962365026	-2.90990973252159	-2.59942274418112	0.126622705860398	0.0173137934973004	0.0287654482527472	1	1	1	FALSE	FALSE	FALSE	TRUE	TRUE	TRUE	FALSE	FALSE	FALSE
Haemophilusparainfluenzae_Haemophilus	1.89313593814162	-1.45311648683981	-2.6370670190002	1.03468598235553	1.28063426475253	1.14417180660741	1.82967196852495	-1.13468499698515	-2.3047823795094	0.0848925943308966	0.272253885079925	0.0340602027385225	1	1	1	FALSE	FALSE	FALSE	TRUE	TRUE	TRUE	FALSE	FALSE	FALSE
Holdemania	1.0624564808309	-1.47057166971872	-0.776048188848457	0.800412421086113	1.00513818671555	1.02638114746033	1.32738629841503	-1.46305422394113	-0.756101367185771	0.207221064963278	0.167207269435816	0.46307031827302	1	1	1	FALSE	FALSE	FALSE	TRUE	TRUE	TRUE	FALSE	FALSE	FALSE
Hydrogenophaga	-0.314579136711345	3.38709125139247	-0.107493860052002	0.489062907223372	1.1808564490644	0.711851458293817	-0.643228370144345	2.86833446527399	-0.151006026326962	0.532175478513094	0.0141334429424015	0.882479720693522	1	1	1	FALSE	FALSE	FALSE	TRUE	TRUE	TRUE	FALSE	FALSE	FALSE
Hydrogenophilusthermoluteolus_Hydrogenophilus	1.69300569381504	-1.6494130738963	-1.94220352290231	0.934739246306706	1.08851016049716	1.0256010248565	1.81120638777537	-1.51529414584697	-1.89372229144766	0.091613146981424	0.151946717205044	0.0791133176529183	1	1	1	FALSE	FALSE	FALSE	TRUE	TRUE	TRUE	FALSE	FALSE	FALSE
Hyphomicrobiumzavarzinii_Hyphomicrobium	-1.86774169103985	4.1996963945212	1.01674040184208	0.186822643707983	0.569945816019659	0.491590127453951	-9.99740531431113	7.36858886665875	2.06826855353665	0.000562568538330474	0.00180753234612764	0.107440713149358	0.266094918630314	0.807966958719053	1	FALSE	FALSE	FALSE	TRUE	TRUE	TRUE	FALSE	FALSE	FALSE
Janthinobacteriumlividum_Janthinobacterium	2.70807146755801	-2.10506246308152	-3.85786129331871	0.484921001399299	1.12763360978332	0.623149071842537	5.58456214464528	-1.86679648852078	-6.19091236373301	0.000232625873723973	0.091488243505055	0.000102666372908762	0.114219303998471	1	0.0529758484209211	FALSE	FALSE	FALSE	TRUE	TRUE	TRUE	FALSE	FALSE	FALSE
Knoellia	1.93705692801722	-2.43881241239953	-2.54164502331429	0.493694792404616	0.70358775935453	0.637117918497144	3.92359197994065	-3.46625190670868	-3.9892851064519	0.00439612298660979	0.00848938253662154	0.00400931722264541	1	1	1	FALSE	FALSE	FALSE	TRUE	TRUE	TRUE	FALSE	FALSE	FALSE
Kocuriapalustris_Kocuria	1.95705846311864	-2.78795695183748	-1.36934240001404	0.89567904257125	1.09318383819068	0.978192127725707	2.18499972657668	-2.55030933905117	-1.39987059924287	0.0463851551741873	0.0231035272997686	0.183320546289905	1	1	1	FALSE	FALSE	FALSE	TRUE	TRUE	TRUE	FALSE	FALSE	FALSE
Lactobacillushelveticus_Lactobacillus	1.44796596936244	-2.05524873495362	-2.32228400480183	0.744329149185943	0.855899296063281	0.872999584205415	1.94533019558088	-2.40127401016307	-2.66012040190777	0.0803680572887341	0.0372345030835934	0.0238943479897662	1	1	1	FALSE	FALSE	FALSE	TRUE	FALSE	TRUE	FALSE	FALSE	FALSE
Laribacter	-2.12296362031719	4.17837859997531	-0.210936367684211	0.190359394474067	0.754016240620499	0.473864110256173	-11.1523974226889	5.54149682046214	-0.445141050184572	0.00154502795772778	0.0115846360539198	0.68637746522267	0.693508411078071	1	1	FALSE	FALSE	FALSE	TRUE	TRUE	TRUE	FALSE	FALSE	FALSE
Lentisphaera	-1.69724650651816	-0.1792463043558	3.87865875873248	0.193822614353382	0.536254712511897	0.560918190140147	-8.75670010014257	-0.334255905213744	6.91483861089151	0.0127915550079429	0.769982858958861	0.0202799151101822	1	1	1	FALSE	FALSE	FALSE	TRUE	TRUE	TRUE	FALSE	FALSE	FALSE
Leptothrix	-0.790453956777731	3.93076356607323	-0.655688633480833	0.325705527357971	0.775810395415336	0.504577254663546	-2.42689758196511	5.06665493180054	-1.29948115461139	0.0381763166868744	0.000674923216572978	0.226076745285331	1	0.316538988572727	1	FALSE	FALSE	FALSE	TRUE	TRUE	TRUE	FALSE	FALSE	FALSE
Lewinella	-1.22420689511614	1.20391855044598	3.1326150376009	0.183655048371193	0.507754255562741	0.87387864929261	-6.66579495621513	2.37106540665362	3.584725453742	0.00114719185175811	0.0638682536672813	0.0157957915135587	0.525413868105215	1	1	FALSE	FALSE	FALSE	TRUE	TRUE	TRUE	FALSE	FALSE	FALSE
Limnohabitanscurvus_Limnohabitans	-1.02128179503232	3.79441811692495	-0.941922229840843	0.25185487585367	0.623399374739318	0.473532215804081	-4.05504079113279	6.08665691798557	-1.98914075622376	0.00483984469838653	0.000497586593127017	0.0870014136684692	1	0.235358458549079	1	FALSE	FALSE	FALSE	TRUE	FALSE	TRUE	FALSE	FALSE	FALSE
Loktanellahongkongensis_Methylarcula	-0.552620472683031	1.19408962844412	2.81328355950071	0.413792549399453	0.622117500464027	1.4752332721427	-1.33550126382184	1.91939565685497	1.90700929312322	0.203020213060109	0.0755500378751139	0.077250659774402	1	1	1	FALSE	FALSE	FALSE	TRUE	TRUE	TRUE	FALSE	FALSE	FALSE
Mariprofundusferrooxydans_Mariprofundus	-1.22851055388563	-0.58523819115735	4.74126456828358	0.261305219033709	0.524479475640659	0.993496880413266	-4.70143902379211	-1.11584574485488	4.77229940199848	0.00220480905887066	0.301323059842433	0.00203030274424616	0.950272704373253	1	0.954242289795693	FALSE	FALSE	FALSE	TRUE	TRUE	TRUE	FALSE	FALSE	FALSE
Massilia	1.10334821658041	0.595999938368719	-1.88911913729067	0.869152654538098	1.2875620482453	0.993993980859743	1.26945273746736	0.462890265506778	-1.90053377954733	0.223622509702877	0.650087313635065	0.0767564428904629	1	1	1	FALSE	FALSE	FALSE	TRUE	TRUE	TRUE	FALSE	FALSE	FALSE
Methanobacteriumbeijingense_Methanobacterium	-1.01228106001003	2.9513355109263	-0.0655943719802935	0.186822643707983	0.583077589474312	0.468257845022209	-5.4184066766141	5.06165142376189	-0.140081736328801	0.00562295938375863	0.00717223154762833	0.895365998346539	1	1	1	FALSE	FALSE	FALSE	TRUE	TRUE	TRUE	FALSE	FALSE	FALSE
Methanobrevibactersmithii_Methanobrevibacter	2.87747978580649	-3.43150114398604	-4.24744442594471	0.613161533007839	0.763155209753888	0.798709376756076	4.69285764175572	-4.49646559458419	-5.31788476453791	0.00155576433720546	0.00201147096633412	0.000712849789752604	0.695426658730838	0.883035754220677	0.355712045086549	FALSE	FALSE	FALSE	TRUE	TRUE	TRUE	FALSE	FALSE	FALSE
Methylibiumpetroleiphilum_Methylibium	-0.523873302008551	5.39708894280553	-0.28887407653742	0.352943130752307	0.750057832880167	0.688748221805288	-1.48429947026282	7.19556373684027	-0.419418979812751	0.156034726072938	1.49742604906588e-06	0.680162209404936	1	0.000783153823661456	1	FALSE	TRUE	FALSE	TRUE	FALSE	TRUE	FALSE	FALSE	FALSE
Methylococcus	-0.951240988815173	3.4874067929279	0.830119203692358	0.190387706842881	0.811252769492972	0.485867427535896	-4.99633618466866	4.29879184894186	1.70853026287922	0.00074267320635785	0.00199418224696109	0.121712659311794	0.348313733781832	0.877440188662882	1	FALSE	FALSE	FALSE	TRUE	TRUE	TRUE	FALSE	FALSE	FALSE
Methylophagamarina_Methylophaga	-0.849017467733044	0.357035495581276	3.80982526186	0.326512605773547	0.588658733159257	0.620972142718047	-2.60025938576436	0.606523738576189	6.1352595386712	0.0232148041306062	0.555468055252177	5.05797280565714e-05	1	1	0.0261497194052474	FALSE	FALSE	TRUE	TRUE	TRUE	TRUE	FALSE	FALSE	TRUE
Methylosinussporium_Methylosinus	-0.507010816832606	3.71619113926347	-0.021202368671643	0.447795793731606	0.854837820323395	0.771503800821433	-1.13223666664563	4.34724698757198	-0.0274818719610564	0.279652678628711	0.000949428103062036	0.978527147550042	1	0.436736927408537	1	FALSE	FALSE	FALSE	TRUE	TRUE	TRUE	FALSE	FALSE	FALSE
Micrococcus	1.80031144726225	-2.09848258514075	-2.36972543402229	1.06561866647098	1.29006243638947	1.15764139599368	1.68945186857918	-1.62665195570985	-2.04702893505997	0.111804248930713	0.124630315734102	0.0585918280887852	1	1	1	FALSE	FALSE	FALSE	TRUE	TRUE	TRUE	FALSE	FALSE	FALSE
Microcystisviridis_Microcystis	1.71754719788403	-0.407026978373158	-2.06851087679621	0.309498184992145	1.74670198073038	0.527579726378262	5.54945806201617	-0.233026001495092	-3.92075505060847	0.00261036250848041	0.824980174234696	0.011173518752575	1	1	1	FALSE	FALSE	FALSE	TRUE	TRUE	TRUE	FALSE	FALSE	FALSE
Micromonospora	1.29068288520405	-1.3513579141313	-0.679409605644814	0.449742550516987	0.658395638157692	0.722958319524783	2.86982604541283	-2.05250131655282	-0.939763174855509	0.0123569415839017	0.0593062290038605	0.363271575996205	1	1	1	FALSE	FALSE	FALSE	TRUE	TRUE	TRUE	FALSE	FALSE	FALSE
Mitsuaria	-0.726371368056149	2.18851874918374	0.0144911052726001	0.186822643707983	0.631944534281584	0.465389512679519	-3.88802638502171	3.46315005583792	0.0311375844916795	0.0177202251262487	0.0257437344047247	0.97665152752776	1	1	1	FALSE	FALSE	FALSE	TRUE	TRUE	TRUE	FALSE	FALSE	FALSE
Mitsuokellamultacida_Mitsuokella	0.21114217022171	0.691954738959502	1.04156009180722	0.24289758674157	0.599388714999385	0.712380507426203	0.869264174478414	1.15443404529265	1.46208392979522	0.400467485064816	0.269103275071671	0.167468727023153	1	1	1	FALSE	FALSE	FALSE	TRUE	TRUE	TRUE	FALSE	FALSE	FALSE
Neisserialactamica_Neisseria	1.65592473068217	-3.74497435341265	-3.00759682068605	0.465382054153552	0.675042746085729	0.634552812720098	3.55820495419403	-5.54775882731587	-4.73971080168027	0.0378685392799091	0.0115482494800772	0.0178096572352159	1	1	1	FALSE	FALSE	FALSE	TRUE	TRUE	TRUE	FALSE	FALSE	FALSE
Nitrosospira	0.964888119279971	-0.105746110944037	-0.457093759818149	0.172848187288136	0.623355971981698	0.566181503054211	5.58228659737988	-0.169640006187574	-0.807327256988088	0.000119459936094592	0.868119483850467	0.435188796868158	0.0592521283029176	1	1	FALSE	FALSE	FALSE	TRUE	TRUE	TRUE	FALSE	FALSE	FALSE
Oceanicola	-1.08604415592531	0.288801234858194	3.85797049240919	0.261281803790158	0.657432988529712	0.882269629783993	-4.15660080484418	0.43928619326522	4.37277943405322	0.0019593092402313	0.669794617477601	0.00139302927168903	0.85621813798108	1	0.675619196769179	FALSE	FALSE	FALSE	TRUE	TRUE	FALSE	FALSE	FALSE	FALSE
Oribacteriumsinus_Oribacterium	2.16622303423519	-1.74762553960676	-3.30193312867298	0.83300397456265	1.15642459194732	0.959000603227747	2.6004954362583	-1.5112317325109	-3.4430980726806	0.0186609276323997	0.149094554604813	0.00310416896329003	1	1	1	FALSE	FALSE	FALSE	TRUE	TRUE	TRUE	FALSE	FALSE	FALSE
Pantoeaananatis_Pantoea	0.637555505052413	0.424508698539515	-0.0557406166160185	0.364833063021669	0.856025765999167	0.620798595642661	1.74752666266584	0.495906449783111	-0.0897885675116821	0.102433559776742	0.62765450968278	0.929727138158407	1	1	1	FALSE	FALSE	FALSE	TRUE	TRUE	TRUE	FALSE	FALSE	FALSE
Parabacteroidesdistasonis_Parabacteroides	2.60313943013604	-2.69359392304693	-4.17739186097624	1.08756760974282	1.27012139252915	1.14262044426025	2.39354262375615	-2.12073738690699	-3.65597507200281	0.0302036071669977	0.0510219565723552	0.0023410010136826	1	1	1	FALSE	FALSE	FALSE	TRUE	TRUE	TRUE	FALSE	FALSE	FALSE
Parabacteroidesjohnsonii_Parabacteroides	0.619711008887238	0.3564686099486	0.112478223040119	0.312885269625301	0.691267179529924	0.917150072734601	1.98063337922357	0.515674142364181	0.122638842195968	0.0662760536785642	0.61359862415662	0.904021146953604	1	1	1	FALSE	FALSE	FALSE	TRUE	TRUE	TRUE	FALSE	FALSE	FALSE
Paracoccusdenitrificans_Paracoccus	1.9081524883285	-2.53403767936492	-3.61151285139481	0.216118770697698	0.544387906959516	0.491221793790507	8.82918444412949	-4.654838299987	-7.35210224189488	0.0125863214859503	0.0431844466045523	0.0180021676913859	1	1	1	FALSE	FALSE	FALSE	TRUE	TRUE	TRUE	FALSE	FALSE	FALSE
Paracoccusmarcusii_Paracoccus	0.410745891133896	2.72290139269681	-1.93586609718228	0.513722818653379	0.804880440413903	0.724805980000575	0.799547686455867	3.38298864772585	-2.67087489700449	0.439513431663413	0.00543802848542396	0.0203777769344185	1	1	1	FALSE	FALSE	FALSE	TRUE	TRUE	TRUE	FALSE	FALSE	FALSE
Paracoccusyeei_Paracoccus	0.77775151860475	2.57368417354911	-2.62874790390358	0.619362429462213	0.84456374225387	0.742213619182057	1.25572924931863	3.04735337877609	-3.54176727018368	0.231315124070213	0.00934745891527755	0.00361293768860482	1	1	1	FALSE	FALSE	FALSE	TRUE	TRUE	TRUE	FALSE	FALSE	FALSE
Pelobactercarbinolicus_Pelobacter	-1.42284038933527	2.3359097626535	2.8135707218153	0.171098065988738	0.762977263769245	1.28899403847861	-8.31593496462386	3.06157191514946	2.182764728017	8.37402818510108e-06	0.0120122316698122	0.0539925410042327	0.00433774659988236	1	1	TRUE	FALSE	FALSE	FALSE	TRUE	TRUE	FALSE	FALSE	FALSE
Peptoniphilusasaccharolyticus_Peptoniphilus	2.95722806100043	-4.19405262231721	-4.8660206884412	0.747640339226481	0.895140263547168	0.833252688864005	3.95541533253812	-4.68535803059228	-5.83978996224444	0.00126943838002578	0.00029306681914244	3.25480761666098e-05	0.580133339671781	0.140776546641925	0.0168599034543039	FALSE	FALSE	TRUE	TRUE	FALSE	FALSE	FALSE	FALSE	FALSE
Photobacteriumrosenbergii_Photobacterium	-1.14375364460328	0.208727988564269	2.51729729487022	0.183206980388691	0.509571755967257	0.760588524599648	-6.24295887731296	0.409614516738799	3.30967035848359	0.0015445621627574	0.699046766715408	0.0212481310569761	0.693508411078071	1	1	FALSE	FALSE	FALSE	TRUE	TRUE	TRUE	FALSE	FALSE	FALSE
pIVWA5_Nitrosopumilus	-0.394821857144733	-1.09730853271404	3.12278238767227	0.276643489729135	0.545449101023112	1.46012668488526	-1.42718651189409	-2.01175239019697	2.13870646978667	0.181291233326003	0.069391620945147	0.0557304201533704	1	1	1	FALSE	FALSE	FALSE	TRUE	TRUE	TRUE	FALSE	FALSE	FALSE
Polaromonassp.JS666_Polaromonas	1.58794498563485	-1.23338628025743	-3.04128394386864	0.41603679854951	1.36127934588805	0.576980204033147	3.81683781620072	-0.906049360098686	-5.27103689625706	0.00656920836982845	0.395025972276143	0.00115931120607512	1	1	0.565743868564659	FALSE	FALSE	FALSE	TRUE	TRUE	TRUE	FALSE	FALSE	FALSE
Polynucleobactercosmopolitanus_Polynucleobacter	0.24596585362747	1.29770073384479	-0.432810185754397	0.364164735475233	1.59124780006415	0.678370366598683	0.675424690165252	0.815523976713415	-0.638014581805049	0.521085555936706	0.441633828565523	0.543763104534448	1	1	1	FALSE	FALSE	FALSE	TRUE	TRUE	TRUE	FALSE	FALSE	FALSE
Porphyromonasendodontalis_Porphyromonas	2.09932922449423	-2.68704632200464	-3.92726349124195	0.346951020398212	0.587332266706183	0.542030528687617	6.05079420744961	-4.57500204624182	-7.24546549204669	0.00177773009334312	0.00597460271905902	0.000781957748706725	0.787534431351002	1	0.389414958855949	FALSE	FALSE	FALSE	TRUE	TRUE	TRUE	FALSE	FALSE	FALSE
Prevotellacopri_Prevotella	0.342063272694692	0.123500873389702	1.01227885746655	0.357691019634954	0.642505116690455	0.770005607349021	0.956309367352273	0.192217727425822	1.31463829328676	0.356362723236504	0.850541766306982	0.211352643618351	1	1	1	FALSE	FALSE	FALSE	TRUE	TRUE	TRUE	FALSE	FALSE	FALSE
Prevotellaintermedia_Prevotella	1.66135231843778	-2.12015114450497	-2.96538582408989	0.673614946313183	0.852832345800999	0.791227251980408	2.46632342042091	-2.48601164688903	-3.74783074858412	0.0567859091927802	0.0554312086255686	0.0133234811266393	1	1	1	FALSE	FALSE	FALSE	TRUE	TRUE	TRUE	FALSE	FALSE	FALSE
Prevotellamelaninogenica_Prevotella	1.69464369368437	-1.20341957122688	-2.18350696715347	1.13496226100594	1.38437174122155	1.24252103944294	1.49312779103543	-0.869289321208623	-1.75731991478584	0.153730868162966	0.396796610595794	0.0968559706390161	1	1	1	FALSE	FALSE	FALSE	TRUE	TRUE	TRUE	FALSE	FALSE	FALSE
Prevotellananceiensis_Prevotella	1.88874460017035	-1.91639393472255	-2.23636468586037	1.19797794554851	1.40306755224785	1.28481081548926	1.57661049369784	-1.36586006258381	-1.74061788622845	0.133310803052439	0.189782212434244	0.0998181635840767	1	1	1	FALSE	FALSE	FALSE	TRUE	TRUE	TRUE	FALSE	FALSE	FALSE
Prevotellanigrescens_Prevotella	2.22772859700306	-1.97232128605022	-3.9919855126161	0.914820293525164	1.01297666305196	0.998738995924325	2.43515432787214	-1.94705500925153	-3.99702577841325	0.0376628011590189	0.0833599933887408	0.00312441839852966	1	1	1	FALSE	FALSE	FALSE	TRUE	TRUE	TRUE	FALSE	FALSE	FALSE
Prevotellaoris_Prevotella	3.50092385439075	-4.13937549181733	-4.59642204602477	0.574027234308904	0.761042015041136	0.781377855762755	6.09888110727997	-5.4390893143969	-5.88245752311204	0.000115864790904518	0.00028521189081844	0.000154672257411564	0.0575848010795453	0.137472131374488	0.0793468680521323	FALSE	FALSE	FALSE	TRUE	TRUE	TRUE	FALSE	FALSE	FALSE
Prevotellaoulorum_Prevotella	2.46559853996401	-3.81811654589283	-3.86887232625092	0.419230779465103	0.6549981177499	0.584964881138326	5.88124408019341	-5.82920231741905	-6.61385401243609	0.00107092653165605	0.00112173233376909	0.000575177626547518	0.49369713109344	0.511509944198705	0.288163990900307	FALSE	FALSE	FALSE	TRUE	TRUE	TRUE	FALSE	FALSE	FALSE
Prevotellapallens_Prevotella	1.98556063090626	-2.74765315967197	-2.87670063117429	0.816221960898213	1.07816905237755	0.902798765657863	2.43262338680676	-2.54844372838649	-3.18642508231395	0.0315807755820228	0.0255386991646634	0.00782728396702319	1	1	1	FALSE	FALSE	FALSE	TRUE	TRUE	TRUE	FALSE	FALSE	FALSE
Prevotellatannerae_Prevotella	2.17213058818658	-3.61441341831279	-3.11775172808211	0.686402397269395	0.848146440474059	0.793887797676363	3.16451486304188	-4.26154405162931	-3.92719441866657	0.0158283659121094	0.00373946030702058	0.00569615916925877	1	1	1	FALSE	FALSE	FALSE	TRUE	TRUE	TRUE	FALSE	FALSE	FALSE
Prevotellaveroralis_Prevotella	2.05654036374042	-1.89057436187941	-2.79311139144932	0.897911239773339	1.23679994801848	1.02623035127971	2.2903604194325	-1.52860158581698	-2.72171972692711	0.039356186461337	0.150324051840598	0.0174555243599922	1	1	1	FALSE	FALSE	FALSE	TRUE	TRUE	TRUE	FALSE	FALSE	FALSE
Prosthecobacterdebontii_Prosthecobacter	-1.63218177890506	3.94210588646026	0.779525232811572	0.200981688051997	0.994251711087583	0.456582316850752	-8.12104721940038	3.964897261427	1.70730491313877	0.000187179282387264	0.0074100946566968	0.138634282702077	0.0922793862169211	1	1	FALSE	FALSE	FALSE	TRUE	TRUE	TRUE	FALSE	FALSE	FALSE
Prosthecobactervanneervenii_Prosthecobacter	-0.626540521295541	3.62108023555282	-0.203990152699844	0.221007603375925	0.952132162938959	0.457708014978337	-2.83492744921459	3.80312773425864	-0.445677475648964	0.0177016969558109	0.00346799861967818	0.665323942461271	1	1	1	FALSE	FALSE	FALSE	TRUE	TRUE	TRUE	FALSE	FALSE	FALSE
Pseudanabaenasp.PCC6903_Pseudanabaena	-0.378277516727008	4.59374893033655	-0.367790617246406	0.603440203394448	1.22796971309993	0.778836462463048	-0.626868270624224	3.74093015595632	-0.47223086613495	0.540170075454258	0.00196713033339716	0.643558861279631	1	0.867504477028148	1	FALSE	FALSE	FALSE	TRUE	TRUE	TRUE	FALSE	FALSE	FALSE
Pseudoalteromonasluteoviolacea_Pseudoalteromonas	-0.183442829828629	-1.21715328596707	1.63652305386655	0.189899404779357	0.492540222015194	0.746912301600063	-0.966000025338521	-2.47117541180123	2.19105114530947	0.366224117100016	0.0427592843927224	0.0645784864817585	1	1	1	FALSE	FALSE	FALSE	TRUE	TRUE	TRUE	FALSE	FALSE	FALSE
Pseudomonasalcaligenes_Pseudomonas	1.68521443927324	-1.51068304132142	-1.45401046581253	0.479015879408571	0.636584732770831	0.778704079785482	3.51807635553529	-2.37310598817843	-1.86721824574629	0.00423841255002086	0.0352018787971848	0.0864816958349749	1	1	1	FALSE	FALSE	FALSE	TRUE	TRUE	TRUE	FALSE	FALSE	FALSE
Pseudomonasmendocina_Pseudomonas	1.34084050232725	-0.420307288990998	-1.92870453359496	0.568727493967872	0.99808907881619	0.715238648114729	2.35761505562626	-0.421112000834149	-2.69658880805555	0.0505182354965769	0.686301853239786	0.0307906520976922	1	1	1	FALSE	FALSE	FALSE	TRUE	TRUE	TRUE	FALSE	FALSE	FALSE
Pseudomonasstutzeri_Pseudomonas	2.27330155216134	-1.38471928335029	-2.62944009701612	0.414794120669988	0.839236186190288	0.583169915731315	5.48055393960125	-1.64997566374755	-4.50887473116426	0.000389883962446171	0.133346010686956	0.00147008347274521	0.187534185936608	1	0.707387041026675	FALSE	FALSE	FALSE	TRUE	TRUE	TRUE	FALSE	FALSE	FALSE
Pseudomonasumsongensis_Pseudomonas	1.49451477394274	-1.10027293324042	-1.6722999718878	0.638405820794318	1.14809622685097	0.863168340789916	2.34101056923828	-0.958345570264858	-1.93739725249586	0.0373170898937127	0.356799589030878	0.0765901019064717	1	1	1	FALSE	FALSE	FALSE	TRUE	TRUE	TRUE	FALSE	FALSE	FALSE
Pseudomonasviridiflava_Pseudomonas	2.60117198932824	-2.17120649860731	-3.62516347274206	0.513775285963546	0.842461546431823	0.648667056178431	5.06285930910425	-2.57721733152484	-5.58863509132007	0.000489924628972553	0.0275474945036353	0.000231312190174732	0.233204123390935	1	0.117737904798938	FALSE	FALSE	FALSE	TRUE	TRUE	TRUE	FALSE	FALSE	FALSE
Pseudonocardiahalophobica_Pseudonocardia	1.73127560856488	-1.6293642610744	-1.79477775624571	0.415270394541776	0.667505477265406	0.584688037165207	4.16903210852589	-2.44097511791136	-3.06963310716512	0.00312624635709376	0.0405028562115512	0.015356455037756	1	1	1	FALSE	FALSE	FALSE	TRUE	TRUE	TRUE	FALSE	FALSE	FALSE
Pseudoxanthomonasmexicana_Pseudoxanthomonas	1.59359584666482	-0.382555127371035	-2.24127328536502	0.363538679225131	0.656900704604577	0.58899562959417	4.38356614504269	-0.58236370381322	-3.80524603707043	0.0118418952057248	0.591569150212523	0.0190176685444484	1	1	1	FALSE	FALSE	FALSE	TRUE	TRUE	TRUE	FALSE	FALSE	FALSE
Psychromonasarctica_Psychromonas	-0.773824399684785	-0.095942794461546	2.60012321054553	0.197623771372548	0.521161988419217	0.913441988320446	-3.91564432917343	-0.184093998782526	2.84651159437765	0.0173111609200713	0.862895758893613	0.0465597661162545	1	1	1	FALSE	FALSE	FALSE	TRUE	TRUE	TRUE	FALSE	FALSE	FALSE
Psychromonasingrahamii_Psychromonas	-1.65422501431099	3.90519612272116	2.94508210167954	0.162680980729856	0.805427238107826	0.540750282604506	-10.1685212794356	4.84860200642774	5.44628860385361	2.98879030071237e-07	0.000399186455305923	0.00014855003750418	0.000156612611757328	0.190012752725619	0.0763547192771483	TRUE	FALSE	FALSE	FALSE	TRUE	FALSE	FALSE	FALSE	FALSE
Reinekeablandensis_Reinekea	-0.0948283226639147	-0.604528090526236	2.33109724160769	0.169666816756061	0.514113384778935	0.706635021566731	-0.558909069416057	-1.17586530213793	3.29887023776326	0.586502831505073	0.262450444667334	0.00635403414121178	1	1	1	FALSE	FALSE	FALSE	TRUE	TRUE	TRUE	FALSE	FALSE	FALSE
Rhizobiumsp.IRBG74_Agrobacterium	0.613708449796598	-0.137981271713586	0.0598770407019864	0.400191919643248	0.756208527246637	0.764181346432975	1.5335353356052	-0.182464580525133	0.0783544913540207	0.163686454344779	0.859757167601712	0.93947045990612	1	1	1	FALSE	FALSE	FALSE	TRUE	TRUE	TRUE	FALSE	FALSE	FALSE
Rhizobiumsullae_Rhizobium	1.20989117461131	-2.71750795669537	0.219063975688839	0.222971177009762	0.516428881815255	0.581168977111854	5.42622230746147	-5.26211459580512	0.376936802059682	0.000980567697415398	0.00117064022141984	0.717387372236136	0.454002843903329	0.530300020303189	1	FALSE	FALSE	FALSE	TRUE	TRUE	TRUE	FALSE	FALSE	FALSE
Rhodobactersphaeroides_Rhodobacter	-0.592257811399304	2.25478494169569	-0.380335592217018	0.238255609989796	0.701715083082293	0.480691156857018	-2.48580846186442	3.21324850506492	-0.791226522043444	0.0554450083186468	0.0236429128650696	0.464672352862509	1	1	1	FALSE	FALSE	FALSE	TRUE	TRUE	TRUE	FALSE	FALSE	FALSE
Rhodobium	-1.49574892117661	0.0946594311728757	3.86646872543972	0.183206980388691	0.510594179441274	0.798106801479754	-8.16425726794487	0.185390736879254	4.84455052666006	0.000448051243873824	0.860208471630873	0.00469619031662947	0.214168494571688	1	1	FALSE	FALSE	FALSE	TRUE	TRUE	TRUE	FALSE	FALSE	FALSE
Rhodococcusfascians_Rhodococcus	2.65656456736039	-2.73444480675094	-3.13619950859746	0.215294493837953	1.09063171568282	0.483604437370107	12.3392127685342	-2.50721189144858	-6.48505114149168	5.27232525275957e-06	0.0405619921528079	0.000338868036633993	0.00274160913143498	1	0.171128358500166	TRUE	FALSE	FALSE	FALSE	TRUE	TRUE	FALSE	FALSE	FALSE
Rhodocyclus	-0.689958922714839	3.93099540848859	0.416889357633855	0.262556584889651	0.686125107313475	0.506097112087023	-2.62784848075633	5.72926914725568	0.823733919197254	0.0220630972034662	9.4666899220446e-05	0.426159663507508	1	0.0470494489125617	1	FALSE	TRUE	FALSE	TRUE	FALSE	TRUE	FALSE	FALSE	FALSE
Rhodoplaneselegans_Rhodoplanes	-0.369082288043743	3.02124270657975	-0.2065453235363	0.476409550843015	0.911878393046773	0.6164100101204	-0.774716391370924	3.31320791195102	-0.335077821815315	0.460789146306917	0.0106472116123145	0.746183407609249	1	1	1	FALSE	FALSE	FALSE	TRUE	TRUE	TRUE	FALSE	FALSE	FALSE
Roseburiafaecis_Roseburia	1.00862501579188	-2.63868606177848	-1.0991265892317	0.871100013729711	0.985665227423689	0.961355058259821	1.1578751003267	-2.67706112416629	-1.14330972702351	0.290918985236897	0.0366795618501459	0.296467646619299	1	1	1	FALSE	FALSE	FALSE	TRUE	TRUE	TRUE	FALSE	FALSE	FALSE
Rothiaaeria_Rothia	1.88396272767065	-1.28677981085351	-2.74510354741891	1.05476353732549	1.3381157150995	1.1678013646608	1.78614699977943	-0.961635676446576	-2.35065965025332	0.0919233496009254	0.349712264992435	0.0310686914881728	1	1	1	FALSE	FALSE	FALSE	TRUE	TRUE	TRUE	FALSE	FALSE	FALSE
Rothiamucilaginosa_Rothia	1.87546334556445	-1.42413962265088	-2.60230576390039	1.04967593157604	1.31160673326562	1.15491008377536	1.78670701037084	-1.08579773687581	-2.2532539982624	0.0918297420451927	0.292726010464113	0.037738784400553	1	1	1	FALSE	FALSE	FALSE	TRUE	TRUE	TRUE	FALSE	FALSE	FALSE
Ruegeriapomeroyi_Ruegeria	-0.794955082848344	0.0393482606009602	2.51488794774133	0.186822643707983	0.534966126528065	0.776423500187647	-4.25513239225387	0.0735528076447209	3.23906727080456	0.0131043297141285	0.944897481383286	0.0317019486246886	1	1	1	FALSE	FALSE	FALSE	TRUE	TRUE	TRUE	FALSE	FALSE	FALSE
Ruegeriasp.TM1040_Ruegeria	-0.873396416439235	1.10311618254422	3.09157214587737	0.186471884303726	0.815001527790292	1.23182933714286	-4.68379680776241	1.35351425111446	2.50974063748802	0.00157411746707422	0.212889741843772	0.0363856307705746	0.702056390315103	1	1	FALSE	FALSE	FALSE	TRUE	TRUE	TRUE	FALSE	FALSE	FALSE
Ruminococcusflavefaciens_Ruminococcus	1.86951394349312	-3.03944187475108	-2.4903328515092	1.16539219519886	1.26692190927232	1.33022241163617	1.60419294997433	-2.39907594343904	-1.87211764718811	0.13267958430498	0.0321405558578661	0.0838560209144593	1	1	1	FALSE	FALSE	FALSE	TRUE	TRUE	TRUE	FALSE	FALSE	FALSE
Ruminococcusgnavus_Ruminococcus	1.65930967814491	-1.16100355723685	-2.83692143988758	0.81134986322253	0.9903052240791	0.900178683666896	2.04512227506201	-1.1723694160217	-3.15150924073355	0.0711731185310002	0.271145537895921	0.0117090773361574	1	1	1	FALSE	FALSE	FALSE	TRUE	TRUE	TRUE	FALSE	FALSE	FALSE
Ruminococcustorques_Ruminococcus	1.79824945811976	-1.92031867594949	-1.93144359466928	1.03124321456682	1.22027927830515	1.34543011580017	1.74376852397049	-1.57367146200879	-1.43555846713048	0.0992534272270628	0.133988892130498	0.169272721069595	1	1	1	FALSE	FALSE	FALSE	TRUE	TRUE	TRUE	FALSE	FALSE	FALSE
Salinicoccushalodurans_Salinicoccus	1.48913456986912	-3.35223239581119	-3.20822613973636	0.627761435198459	0.790036203300685	0.757000216889297	2.37213451858245	-4.24313769648268	-4.23807823057141	0.0766425538210781	0.0132303464711295	0.0132839398415513	1	1	1	FALSE	FALSE	FALSE	TRUE	TRUE	TRUE	FALSE	FALSE	FALSE
CandidatusNitrososphaera	0.777225544382413	-1.33592591671707	0.959013221666915	0.49155061446775	0.712215544734291	0.865516067008416	1.58117093439908	-1.8757326017301	1.10802474757247	0.144920283075405	0.0901543297570883	0.293789268228494	1	1	1	FALSE	FALSE	FALSE	TRUE	TRUE	TRUE	FALSE	FALSE	FALSE
Scardovia	1.73953228124841	-2.07824439983832	-2.06333136800411	0.583523273278927	0.812782550683979	0.714638517492421	2.98108466432478	-2.55695006996573	-2.887237837731	0.0246020992598862	0.0430852907834938	0.027793637453124	1	1	1	FALSE	FALSE	FALSE	TRUE	TRUE	TRUE	FALSE	FALSE	FALSE
Serratiamarcescens_Serratia	1.53848511316152	-2.41895077587568	-1.06514343031945	0.59899452476376	0.842415385455637	0.999740458583949	2.56844603674515	-2.87144657806474	-1.0654199509222	0.0206190714408004	0.0110779174034184	0.30250039397011	1	1	1	FALSE	FALSE	FALSE	TRUE	TRUE	TRUE	FALSE	FALSE	FALSE
Simonsiellamuelleri_Simonsiella	1.18383755723386	-1.26888230378007	-0.413394751370157	0.500073673305217	0.771412516644639	0.650240877366658	2.36732629696207	-1.64488166370341	-0.635756326246853	0.0641650900410716	0.160913930798245	0.552891242637713	1	1	1	FALSE	FALSE	FALSE	TRUE	TRUE	TRUE	FALSE	FALSE	FALSE
Sphingobacteriumfaecium_Sphingobacterium	1.41372605851875	-1.00455056971949	-2.08202574174938	0.449625852111411	0.677163449545145	0.633658254876212	3.14422769927483	-1.48346838624301	-3.28572337806302	0.196032309871701	0.377597215087107	0.188082987782284	1	1	1	FALSE	FALSE	FALSE	TRUE	TRUE	TRUE	FALSE	FALSE	FALSE
Sphingomonasasaccharolytica_Sphingomonas	0.476955224907471	-0.0149992968103375	0.605193323845144	0.634858737179704	1.11284300849709	1.39744959785511	0.751277720499361	-0.0134783583091331	0.433069875846709	0.465869000906497	0.9894508064548	0.672062631775768	1	1	1	FALSE	FALSE	FALSE	TRUE	TRUE	TRUE	FALSE	FALSE	FALSE
Sphingomonasazotifigens_Sphingomonas	-0.0787746353132874	1.83821600682394	1.19319114779636	0.572542032439685	0.820112217578545	1.61478888054012	-0.137587514715063	2.24142009766839	0.738914642140252	0.892182894588518	0.0386340717912007	0.470038868803279	1	1	1	FALSE	FALSE	FALSE	TRUE	TRUE	TRUE	FALSE	FALSE	FALSE
Sphingobium	1.35758036785973	-1.14209723185786	-2.23060567556464	0.379734657147221	0.614852959573958	0.576003638131446	3.57507628631696	-1.85751278264845	-3.87255483802276	0.0232698484580251	0.136793829497131	0.0179544502297823	1	1	1	FALSE	FALSE	FALSE	TRUE	TRUE	TRUE	FALSE	FALSE	FALSE
Sphingomonaswittichii_Sphingomonas	0.491670261429784	1.11230885207204	-0.197467663188771	0.534393123146843	0.777504951388929	1.1672485637141	0.920053496449429	1.43061320713781	-0.16917361847972	0.373126505068228	0.174481238450672	0.868080089380601	1	1	1	FALSE	FALSE	FALSE	TRUE	TRUE	TRUE	FALSE	FALSE	FALSE
Sphingopyxis	1.6956910694838	-1.59480858818915	-2.30374423596471	0.384846877339047	0.62256156078858	0.583569975828653	4.40614480545701	-2.56168817453017	-3.94767436877378	0.0216820979052888	0.0830918687842739	0.0289889200407437	1	1	1	FALSE	FALSE	FALSE	TRUE	TRUE	TRUE	FALSE	FALSE	FALSE
Sphingosinicella	0.912580133858478	-0.765528828254257	-0.73474167912042	0.359837999716857	0.571189634826315	0.532312012198707	2.53608605699385	-1.34023585439718	-1.38028386037276	0.0349229289831317	0.216983620938299	0.204838740224282	1	1	1	FALSE	FALSE	FALSE	TRUE	TRUE	TRUE	FALSE	FALSE	FALSE
Staphylococcusequorum_Staphylococcus	1.40596246321174	-2.79802101818314	-2.92181958433532	0.397769959867369	0.630576910088053	0.58703968206254	3.53461197441994	-4.43723988845775	-4.97720967357714	0.0385118434629233	0.0212775675073073	0.015586334774222	1	1	1	FALSE	FALSE	FALSE	TRUE	TRUE	TRUE	FALSE	FALSE	FALSE
Streptococcusanginosus_Streptococcus	2.12085683641229	-2.40105784686491	-2.96948535279337	0.843506728627376	1.00188937568262	0.943314170761961	2.51433303900673	-2.39652990154627	-3.14792827759046	0.0238218064839629	0.0300278633049489	0.00663440994489898	1	1	1	FALSE	FALSE	FALSE	TRUE	TRUE	TRUE	FALSE	FALSE	FALSE
Streptococcusinfantis_Streptococcus	1.08202943233553	-1.28339657424763	-1.66772456571758	0.607901936121829	0.763210114861479	0.731705362275414	1.77994075695572	-1.68157699859699	-2.27922966223917	0.125386927058733	0.143645593723996	0.0628661629993742	1	1	1	FALSE	FALSE	FALSE	TRUE	TRUE	TRUE	FALSE	FALSE	FALSE
Streptococcusmutans_Streptococcus	1.53501313319138	-0.880017163936102	-2.19362300664471	0.802208532774142	0.939698079663642	0.920721650899303	1.91348392653355	-0.936489264989344	-2.38250398967171	0.0820546584383726	0.369126612645006	0.0363398882823857	1	1	1	FALSE	FALSE	FALSE	TRUE	TRUE	TRUE	FALSE	FALSE	FALSE
Streptococcusphocae_Streptococcus	0.906781493200038	0.150010912996458	-1.57667957164465	0.436504319859494	0.628704219444822	0.591842529957618	2.07737117811783	0.238603318312266	-2.66401870740441	0.0763810110976367	0.818247782675092	0.0322784296514612	1	1	1	FALSE	FALSE	FALSE	TRUE	TRUE	TRUE	FALSE	FALSE	FALSE
Streptococcusporcinus_Streptococcus	0.800574151497103	0.0166127716436319	-0.752763408665145	0.476033835459167	0.711299196848379	0.621461958985976	1.68175892523458	0.023355532688972	-1.21127833776569	0.136498242010386	0.982018507443268	0.265089117570467	1	1	1	FALSE	FALSE	FALSE	TRUE	TRUE	TRUE	FALSE	FALSE	FALSE
Streptococcussanguinis_Streptococcus	2.51645861125601	-2.63305555740898	-3.73152670390719	1.04191365129088	1.25960053593663	1.11543191039118	2.41522760368697	-2.09038935939406	-3.34536484849043	0.027272578981057	0.0519159092840546	0.0038352324515641	1	1	1	FALSE	FALSE	FALSE	TRUE	TRUE	TRUE	FALSE	FALSE	FALSE
Streptococcusthermophilus_Streptococcus	2.72766651228545	-2.99141020633895	-4.13692416656371	0.468390592796113	0.956547125487945	0.634316500169141	5.82348696629949	-3.12730039809904	-6.52186119304888	2.03462851934512e-05	0.00613472767293289	5.2224566311865e-06	0.0104579905894339	1	0.00272612236147935	TRUE	FALSE	TRUE	TRUE	TRUE	TRUE	TRUE	FALSE	TRUE
Syntrophussp._Syntrophus	-1.67116867114296	4.49159323453996	1.12827792970762	0.187928206138661	0.948058255802478	0.519791696589835	-8.89259098184497	4.73767641075819	2.17063476987002	4.61185663422249e-05	0.00211358037667278	0.0665546276982949	0.0234282317018503	0.925748204982677	1	TRUE	FALSE	FALSE	FALSE	TRUE	TRUE	FALSE	FALSE	FALSE
Tannerellaforsythia_Tannerella	1.22630891612033	-0.169818206036552	-2.73278957674009	0.517325921038163	0.705656042018386	0.66851140582696	2.37047645642691	-0.240652946938315	-4.08787277662014	0.0767810780660488	0.821655367209588	0.0150012541555103	1	1	1	FALSE	FALSE	FALSE	TRUE	TRUE	TRUE	FALSE	FALSE	FALSE
Tetrasphaera	0.73287584661244	-0.540313896310906	0.401635511381076	0.369877786479816	0.732181820875006	0.614845718528232	1.98140000130133	-0.737950439229964	0.653229744109594	0.0828689645239526	0.481627724933327	0.531928973035668	1	1	1	FALSE	FALSE	FALSE	TRUE	TRUE	TRUE	FALSE	FALSE	FALSE
Thermomonasfusca_Thermomonas	1.85569556010979	-2.1111888391685	-2.36230813416427	0.567443097419319	0.955805565061658	0.709792138492681	3.27027603040609	-2.20880576169517	-3.32816891883429	0.0113515297677455	0.0581892967232683	0.0104127263130839	1	1	1	FALSE	FALSE	FALSE	TRUE	TRUE	TRUE	FALSE	FALSE	FALSE
Thiothrixflexilis_Thiothrix	-1.00688503959109	-0.210959348624694	3.25097521343568	0.179506245126467	0.552652205603372	0.694649272503196	-5.60919225334872	-0.381721716634378	4.68002392303769	0.00136924260774689	0.715820828290761	0.00339584540342437	0.624374629132583	1	1	FALSE	FALSE	FALSE	TRUE	TRUE	TRUE	FALSE	FALSE	FALSE
Treponemadenticola_Treponema	1.8662348253562	-2.09690865919412	-2.09287958014435	0.560879953103139	0.779647046016334	0.687431647796904	3.3273337993826	-2.68956147516808	-3.04449116774251	0.00883651083566847	0.0248143351322796	0.0139163898436025	1	1	1	FALSE	FALSE	FALSE	TRUE	TRUE	TRUE	FALSE	FALSE	FALSE
Treponemalecithinolyticum_Treponema	2.40201906760442	-2.58428429474623	-3.65081666445376	0.604183774224574	0.918790607289206	0.720810106600624	3.97564312396048	-2.81270212629936	-5.06487996078633	0.00408652745598255	0.0227481594444245	0.000971152936721739	1	1	0.478002078657389	FALSE	FALSE	FALSE	TRUE	TRUE	TRUE	FALSE	FALSE	FALSE
Treponemasocranskii_Treponema	2.65126030035181	-3.63411687109174	-4.15765355739841	0.368722255459196	0.668938054743236	0.544043035469031	7.19039944320693	-5.43266576826259	-7.64214094536474	0.000178943881404556	0.000973840588704745	0.000121938634356216	0.0885772212952554	0.446992830215478	0.0627983966934514	FALSE	FALSE	FALSE	TRUE	TRUE	TRUE	FALSE	FALSE	FALSE
4-29	-1.11692932461293	5.76323511986571	0.791752263491194	0.321994295860946	0.884598980792751	0.694598866807591	-3.46878605916447	6.51508225196108	1.13986978863085	0.00343676326178668	9.77110705390866e-06	0.272215763273587	1	0.00500280681160124	1	FALSE	TRUE	FALSE	TRUE	FALSE	TRUE	FALSE	FALSE	FALSE
4041AA30	-1.54297753266618	0.513900876204145	3.39049474212586	0.193822614353382	0.536254712511897	0.79205937618316	-7.96077143946155	0.958314890692441	4.28060678792069	0.0154154467252483	0.439031788667713	0.0504779039786836	1	1	1	FALSE	FALSE	FALSE	TRUE	TRUE	TRUE	FALSE	FALSE	FALSE
A17	-1.00568349261254	4.451089916806	2.10549241380881	0.350950037605432	0.835339310308733	0.878493104111491	-2.86560303419376	5.3284813271399	2.39670909646844	0.0107150418797029	5.54398181353045e-05	0.0283142969317119	1	0.0277753488857876	1	FALSE	TRUE	FALSE	TRUE	FALSE	TRUE	FALSE	FALSE	FALSE
Acholeplasma	-1.59418180816016	0.29909740560844	3.41121305489582	0.193822614353382	0.536254712511897	0.599668530573341	-8.2249525602498	0.557752498262297	5.68849769660978	0.0144621101396432	0.633112177553771	0.0295407796019735	1	1	1	FALSE	FALSE	FALSE	TRUE	TRUE	TRUE	FALSE	FALSE	FALSE
Achromobacter	0.460014908602755	0.773613768437217	-0.194982518682806	0.225511883611833	0.986521107275316	0.579179066836039	2.03986992275123	0.784183696356857	-0.336653256043875	0.0807283722744906	0.458641812183933	0.74624582534499	1	1	1	FALSE	FALSE	FALSE	TRUE	TRUE	TRUE	FALSE	FALSE	FALSE
Acidaminococcus	1.89922952291844	-2.21404507060396	-3.86746400123926	0.947392692283017	1.09275578978239	1.02779572998741	2.00469091474803	-2.02611149838416	-3.762872221007	0.0850290201933915	0.0823841109313362	0.00704833919102561	1	1	1	FALSE	FALSE	FALSE	TRUE	TRUE	TRUE	FALSE	FALSE	FALSE
Unknown_Acidovorax	-0.396024810302914	5.05001968302472	-0.600719089715025	0.557098995909296	0.818895447890235	0.825903925169962	-0.710869725508163	6.16686745058281	-0.72734742069594	0.487399199388449	1.35376863893898e-05	0.477522046843219	1	0.00689068237219939	1	FALSE	TRUE	FALSE	TRUE	FALSE	TRUE	FALSE	FALSE	FALSE
Unknown_Acinetobacter	0.999331674618235	-0.348098484532116	-0.578567809178669	1.09354012159679	1.37591489599187	1.45662478745028	0.913850031546173	-0.25299419720373	-0.397197558467621	0.373575318971289	0.803306619902236	0.696164299200473	1	1	1	FALSE	FALSE	FALSE	TRUE	TRUE	TRUE	FALSE	FALSE	FALSE
Unknown_Actinobacillus	2.35744386316521	-3.16382856959965	-3.55707708166188	0.985521469890299	1.17854399962774	1.04445361721711	2.39207763117289	-2.68452308153025	-3.4056821892575	0.0325642039749578	0.0187386983622699	0.00469083182642033	1	1	1	FALSE	FALSE	FALSE	TRUE	TRUE	TRUE	FALSE	FALSE	FALSE
Unknown_Actinomyces	2.56037694431353	-3.08172460215329	-3.80808843249198	0.920221602789143	1.11568328197153	1.05250726307305	2.78234822628936	-2.76218587474713	-3.61811131010473	0.0133172863728815	0.0138817691495504	0.00230914832383346	1	1	1	FALSE	FALSE	FALSE	TRUE	TRUE	TRUE	FALSE	FALSE	FALSE
Aeromonas	0.441277072125013	1.74801929076849	-0.796914029812761	0.511465654178452	1.27138107155711	0.625311128934043	0.862769706078934	1.37489799862099	-1.27442802940553	0.402802186564626	0.190768972329885	0.223259776518793	1	1	1	FALSE	FALSE	FALSE	TRUE	TRUE	TRUE	FALSE	FALSE	FALSE
Unknown_Agrobacterium	1.09757383052672	-1.16697754318313	0.0283787601636088	0.405466676523827	0.583409384345581	0.946973326677807	2.70693966748762	-2.0002721493624	0.0299678558668255	0.0190630373287374	0.0686222413436262	0.976585337513086	1	1	1	FALSE	FALSE	FALSE	TRUE	TRUE	TRUE	FALSE	FALSE	FALSE
Agromyces	0.432974153010624	2.1283605839293	-1.04026608625746	0.552664751250634	1.28694781942531	0.830324517071724	0.783430012554336	1.65380487988995	-1.25284279202803	0.446426425778479	0.120405821153357	0.230785591197734	1	1	1	FALSE	FALSE	FALSE	TRUE	TRUE	TRUE	FALSE	FALSE	FALSE
Unknown_Akkermansia	2.40360296986806	-3.9051683025686	-4.51620066098359	0.906707205926021	1.10253327661718	1.00052162917671	2.65091415857147	-3.54199586115944	-4.5138461071549	0.0264365563799518	0.00629437387882071	0.00145962724603688	1	1	0.706459587081849	FALSE	FALSE	FALSE	TRUE	TRUE	TRUE	FALSE	FALSE	FALSE
Alcanivorax	0.24917395448793	-0.10978028499485	0.734974364146999	0.17732119877848	0.540039439983213	0.913111550018735	1.40521244050021	-0.203281976957577	0.804911912604674	0.202750756047525	0.844697557018691	0.447342858133175	1	1	1	FALSE	FALSE	FALSE	TRUE	TRUE	TRUE	FALSE	FALSE	FALSE
Algoriphagus	-0.383482380244379	3.00310077261643	-1.53843745764461	0.342408672733248	1.57136522648011	0.526901015687347	-1.11995521954296	1.91114116693509	-2.91978457402993	0.299682822226653	0.097593596502578	0.0223468742399876	1	1	1	FALSE	FALSE	FALSE	TRUE	TRUE	TRUE	FALSE	FALSE	FALSE
Alishewanella	0.741740250152267	-1.11694606879804	0.772258074509748	0.177675787394791	0.616889951929905	0.655347230924361	4.17468390616521	-1.81060830267009	1.17839526600347	0.00416475072611383	0.113114011454429	0.277140465953428	1	1	1	FALSE	FALSE	FALSE	TRUE	TRUE	TRUE	FALSE	FALSE	FALSE
Unknown_Alistipes	2.3067885777373	-2.49186884730098	-3.15028218393483	1.12261081608349	1.28500338647891	1.28160425041996	2.05484264420782	-1.93919243600521	-2.45807719731152	0.0555956851182785	0.0692594478544543	0.0249986517508712	1	1	1	FALSE	FALSE	FALSE	TRUE	TRUE	TRUE	FALSE	FALSE	FALSE
Alkanindiges	1.37509906136622	-0.953992508342355	-1.130062444268	0.357073682641087	0.986246276362748	0.623080677477795	3.85102327115046	-0.967296436201164	-1.81366953769525	0.00390020838468937	0.358668731674362	0.10313333101087	1	1	1	FALSE	FALSE	FALSE	TRUE	TRUE	TRUE	FALSE	FALSE	FALSE
Alteromonas	-1.08310665764321	1.91621692034674	3.15042845257719	0.288321046698589	0.583245868560062	1.17410581886347	-3.7565993535515	3.2854359090062	2.68325767742706	0.00273783354483282	0.00651417311556831	0.0199166163118323	1	1	1	FALSE	FALSE	FALSE	TRUE	TRUE	TRUE	FALSE	FALSE	FALSE
Amaricoccus	0.560032299932808	-0.323741037843204	0.856664491233004	0.728126641280691	0.827253501752802	0.872775793654622	0.769141339132676	-0.391344415172924	0.981540158951757	0.454590588398508	0.701434162677544	0.342985330349219	1	1	1	FALSE	FALSE	FALSE	TRUE	TRUE	TRUE	FALSE	FALSE	FALSE
Amphritea	-1.37846271509798	1.30955092785785	2.79743916577386	0.179506245126467	0.502235207964224	0.78566420274191	-7.67919085002766	2.60744548986524	3.5606040799759	0.000255159375566747	0.0402581030284062	0.0119184673222082	0.124772934652139	1	1	FALSE	FALSE	FALSE	TRUE	TRUE	TRUE	FALSE	FALSE	FALSE
Anabaena	0.30168864910201	3.81089165937648	-0.687197022078097	0.490640510145372	1.15369998791144	0.650311476471605	0.614887362261675	3.30319121028631	-1.05671981341406	0.553855339497357	0.00918305442577905	0.318177878007754	1	1	1	FALSE	FALSE	FALSE	TRUE	TRUE	TRUE	FALSE	FALSE	FALSE
Unknown_Anaerococcus	2.78302126269763	-3.50578690398498	-4.29358173567598	0.955689417171824	1.10935647073024	1.04152730963704	2.91205616876394	-3.16019872465094	-4.12238997090941	0.0101829075443052	0.00606400941447712	0.000798194208728587	1	1	0.395904327529379	FALSE	FALSE	FALSE	TRUE	TRUE	TRUE	FALSE	FALSE	FALSE
Anaerolinea	-1.0574468586468	4.63679498738018	0.507208570259391	0.200969663912701	0.898607070223271	0.526962872816518	-5.26172377491831	5.15998053101019	0.962512913952469	0.000267706902227183	0.000313342326924515	0.356473814312957	0.130105554482411	0.150090974596843	1	FALSE	FALSE	FALSE	TRUE	TRUE	TRUE	FALSE	FALSE	FALSE
Unknown_Anaeromyxobacter	-0.958852399124865	5.43139838128458	0.299231593598987	0.283302750862382	0.885743660512544	0.604910023953322	-3.3845502601231	6.1320206098248	0.494671243242743	0.0044475007403782	2.5969748449301e-05	0.628504378049876	1	0.0130887532184477	1	FALSE	TRUE	FALSE	TRUE	FALSE	TRUE	FALSE	FALSE	FALSE
Anaerovorax	1.28864731297292	-2.00173187420746	-2.88582377478645	0.770134948983902	0.891302498641363	0.863432076962256	1.67327468344754	-2.24585017685775	-3.34227074923995	0.132810184055055	0.0549218062109878	0.0101966934235646	1	1	1	FALSE	FALSE	FALSE	TRUE	TRUE	TRUE	FALSE	FALSE	FALSE
Aquabacterium	-0.375395752694912	2.88162855333835	0.792324097682477	0.582106992002796	0.831590569741507	1.21900678947345	-0.644891330721395	3.46520109557529	0.64997513100376	0.530214201933154	0.00418424323109747	0.527027741052328	1	1	1	FALSE	FALSE	FALSE	TRUE	TRUE	TRUE	FALSE	FALSE	FALSE
Unknown_Aquamonas	-0.428843404661874	3.1922500411674	-1.83484918074886	0.417190482562331	0.624117452913371	0.585682567725836	-1.02793189822542	5.11482258069539	-3.13283898456027	0.33405567182541	0.000912997575719735	0.0139553111816671	1	0.421804879982518	1	FALSE	FALSE	FALSE	TRUE	TRUE	TRUE	FALSE	FALSE	FALSE
Aquimonas	0.58454439986588	0.657195970239494	-0.231076212475528	0.169850340414104	1.04382825694235	0.525894205354095	3.44152621914521	0.629601628302912	-0.439396764830182	0.00737271636408357	0.54460469035477	0.67073501121643	1	1	1	FALSE	FALSE	FALSE	TRUE	TRUE	TRUE	FALSE	FALSE	FALSE
Arcanobacterium	1.27496946666228	-0.582478175711708	-2.12124599163786	0.432695042679038	0.649957219686353	0.589506997981432	2.94657747583213	-0.896179253140372	-3.59833894915811	0.021511214874178	0.399925392356691	0.00875918837106624	1	1	1	FALSE	FALSE	FALSE	TRUE	TRUE	TRUE	FALSE	FALSE	FALSE
Arthrobacter	0.692702297975905	0.450088939779154	-0.468279255240527	0.794140261376484	0.926872021691737	1.02128480833051	0.872266942838591	0.485599877054922	-0.458519750240895	0.400179376723141	0.635996346921006	0.654772311326781	1	1	1	FALSE	FALSE	FALSE	TRUE	TRUE	TRUE	FALSE	FALSE	FALSE
Atopobium	2.19897831926488	-2.63188882646918	-3.24353575825363	0.804429234837675	1.11950114228977	0.899121610735748	2.73358826859222	-2.35094787048279	-3.60744944791112	0.0170644808317904	0.0351638943327233	0.00318614461215546	1	1	1	FALSE	FALSE	FALSE	TRUE	TRUE	TRUE	FALSE	FALSE	FALSE
Aureispira	-0.379991164126583	-0.132382095389582	1.71513413667384	0.186822643707983	0.559187310762418	1.02360337171251	-2.03396738524124	-0.236740163522465	1.67558468843686	0.11170730802473	0.824488002323162	0.169128884453573	1	1	1	FALSE	FALSE	FALSE	TRUE	TRUE	TRUE	FALSE	FALSE	FALSE
Azohydromonas	-0.745761417029017	5.2383884154018	-0.155878721337574	0.434259989187512	0.836674920042857	0.624815477994277	-1.71731551512336	6.2609602486154	-0.249479609304752	0.107950970477839	2.08792788202446e-05	0.806612993661096	1	0.0105440358042235	1	FALSE	TRUE	FALSE	TRUE	FALSE	TRUE	FALSE	FALSE	FALSE
Azotobacter	-0.425027808670173	0.798319177745289	1.99695347651556	0.182864537617287	0.489990052289926	0.947039839841795	-2.32427683469008	1.62925588798061	2.1086266833813	0.0530591915334433	0.147282007519332	0.072936181560449	1	1	1	FALSE	FALSE	FALSE	TRUE	TRUE	TRUE	FALSE	FALSE	FALSE
Unknown_Bacillus	0.984224189082136	-1.81605619105388	0.640993949654261	0.638350305759399	0.769939166319708	0.810359859456118	1.54182457531884	-2.35870088247958	0.790999137203651	0.15414307896067	0.0400419062096105	0.447298668744752	1	1	1	FALSE	FALSE	FALSE	TRUE	TRUE	TRUE	FALSE	FALSE	FALSE
Unknown_Bacteroides	2.37583816358516	-2.76992209792428	-3.14873642790828	1.18827508062005	1.33626743117547	1.31367582025959	1.99940081411572	-2.0728800487846	-2.39688999321467	0.0618089798943416	0.0536998323398745	0.0283039427661363	1	1	1	FALSE	FALSE	FALSE	TRUE	TRUE	TRUE	FALSE	FALSE	FALSE
Balneimonas	1.21198125412231	-0.829197300673184	-1.01384870239467	0.543033545628202	0.712705541547676	0.681717255644392	2.23187179480826	-1.16345005382242	-1.48719823944654	0.0670929307335925	0.288818677126102	0.187521699367104	1	1	1	FALSE	FALSE	FALSE	TRUE	TRUE	TRUE	FALSE	FALSE	FALSE
Balneola	-0.84695518325517	0.856904656517279	4.45316997017297	0.326847200410901	0.55969576826087	0.940206785400921	-2.59128786231122	1.53101864461102	4.73637293340109	0.0268904763064899	0.156764577866247	0.000796464239925588	1	1	0.395842727243017	FALSE	FALSE	FALSE	TRUE	TRUE	TRUE	FALSE	FALSE	FALSE
Bartonella	-1.15265927744543	3.22271918206657	0.643764852968249	0.184118403772931	0.827632110333294	0.449705193575553	-6.26042401968128	3.89390302989665	1.4315263914338	0.000770901573232414	0.00804038610502104	0.202241035393513	0.36078193627277	1	1	FALSE	FALSE	FALSE	TRUE	TRUE	TRUE	FALSE	FALSE	FALSE
BD2-6	0.0681492661149965	-0.732253245348061	1.62615062299301	0.183206980388691	0.539780263446974	0.810225016039568	0.37197963729554	-1.35657654592996	2.00703581202879	0.725152229806526	0.232951094796502	0.101027835791913	1	1	1	FALSE	FALSE	FALSE	TRUE	TRUE	TRUE	FALSE	FALSE	FALSE
Unknown_Bifidobacterium	0.707286491028742	-0.122604438118002	0.187071514566558	0.66498336147677	1.00658890994905	1.01098128590616	1.06361532032625	-0.121801896391058	0.185039542447002	0.303292786089251	0.904572573205603	0.855523249305678	1	1	1	FALSE	FALSE	FALSE	TRUE	TRUE	TRUE	FALSE	FALSE	FALSE
Unknown_Blautia	2.52689379960677	-3.12897278897056	-3.35304630544176	0.953551360514072	1.18239065819885	1.17630661795541	2.64998185126021	-2.64631047892154	-2.85048664545459	0.0168412688807829	0.0169702307329761	0.0110628646475482	1	1	1	FALSE	FALSE	FALSE	TRUE	TRUE	TRUE	FALSE	FALSE	FALSE
Bordetella	-0.392895275103017	2.14738866010284	0.831230145786438	0.288899090011142	1.25198669190657	0.706131236486235	-1.35997408329623	1.71518489292623	1.17716099053018	0.222717351200783	0.137133626973549	0.283708128574232	1	1	1	FALSE	FALSE	FALSE	TRUE	TRUE	TRUE	FALSE	FALSE	FALSE
Bosea	1.17131111679414	-0.67926065884536	-1.03408736087148	0.63562463898899	1.15014306869485	0.913122507445527	1.84277173184664	-0.59058796886562	-1.13247384928048	0.0882778184299506	0.564922988212625	0.277891406499249	1	1	1	FALSE	FALSE	FALSE	TRUE	TRUE	TRUE	FALSE	FALSE	FALSE
Brachymonas	0.523268326719869	1.53282804168634	-1.01097682973154	0.479938477383864	1.34512324522008	0.688993306666558	1.09028209109675	1.1395446827146	-1.46732460235758	0.296998258042893	0.276712215776893	0.168002297110602	1	1	1	FALSE	FALSE	FALSE	TRUE	TRUE	TRUE	FALSE	FALSE	FALSE
Bradyrhizobium	-0.0358859967967874	2.55185724451527	0.25020250543442	0.4759603408855	1.00939458985645	0.718116527580014	-0.0753970314627965	2.52810671877901	0.348414910150557	0.940833498949964	0.022370881948924	0.732070792613857	1	1	1	FALSE	FALSE	FALSE	TRUE	TRUE	TRUE	FALSE	FALSE	FALSE
Unknown_Brevibacterium	1.36625513275115	-1.02977166680485	-2.16715108420604	0.682791971643725	0.824045897137944	0.807132390051214	2.00098300725782	-1.24965329040703	-2.68500076433375	0.09230050217783	0.25796186937136	0.0362935147042325	1	1	1	FALSE	FALSE	FALSE	TRUE	TRUE	TRUE	FALSE	FALSE	FALSE
Unknown_Brevundimonas	0.440709351937821	1.84266538364546	-0.894210435210524	0.807137993886269	1.43081998328893	1.29136111528968	0.546014876360684	1.28783872546276	-0.692455754337882	0.593084333800059	0.217316423882089	0.499231688975792	1	1	1	FALSE	FALSE	FALSE	TRUE	TRUE	TRUE	FALSE	FALSE	FALSE
Unknown_Burkholderia	0.776993802446539	0.319690269046671	-1.44809592969975	0.277771266136273	0.583618913236605	0.459962544502568	2.79724326153069	0.547772290780894	-3.14829097935749	0.0173601611136791	0.594788676758558	0.00927037787879005	1	1	1	FALSE	FALSE	FALSE	TRUE	TRUE	TRUE	FALSE	FALSE	FALSE
Butyrivibrio	1.37475036697811	-1.38499744219711	-3.00302444667167	0.507194460406167	0.850202843410821	0.650662161201116	2.71049957027763	-1.62902000732062	-4.61533592352769	0.0350827732113517	0.15443173563636	0.00363307117656638	1	1	1	FALSE	FALSE	FALSE	TRUE	TRUE	TRUE	FALSE	FALSE	FALSE
Caldilinea	-0.858893462369716	4.21291684764427	-0.434974766081748	0.17732325774584	0.927866821099314	0.485824397609449	-4.84365938956966	4.54043269124863	-0.895333310187977	0.00186988077551367	0.00266631938839029	0.400347386164887	0.8208776604505	1	1	FALSE	FALSE	FALSE	TRUE	TRUE	TRUE	FALSE	FALSE	FALSE
CandidatusAquirestis	-0.329020860507457	4.76980727745453	-0.415647493748565	0.425378653551874	1.43893878246026	0.596642439170989	-0.773477601097662	3.31480903537762	-0.696644198367937	0.449862313941975	0.00409697400519436	0.495441747253742	1	1	1	FALSE	FALSE	FALSE	TRUE	TRUE	TRUE	FALSE	FALSE	FALSE
CandidatusEndobugula	-0.649187975107232	-0.670088099321285	1.90260444071904	0.183206980388691	0.507600317821197	0.837360209461402	-3.54346746903375	-1.32010969220339	2.27214574948911	0.0165016321952997	0.244001124054602	0.0722445176723788	1	1	1	FALSE	FALSE	FALSE	TRUE	TRUE	TRUE	FALSE	FALSE	FALSE
CandidatusOdyssella	-1.9967436499337	4.18448198633178	3.0561819305392	0.18975350057664	1.25367765018016	0.483561904785504	-10.5228290590994	3.33776548200443	6.32014619078574	1.52746910291e-05	0.012457748575153	0.000396412574548052	0.00789701526204468	1	0.19939552499767	TRUE	FALSE	FALSE	FALSE	TRUE	TRUE	FALSE	FALSE	FALSE
Unknown_CandidatusPelagibacter	-1.22847598472231	3.75916907568544	3.42473475510853	0.489723132397308	1.01099225191705	1.48056481762303	-2.50851124534109	3.7182966225085	2.31312720277034	0.0225513375355981	0.00170858666171145	0.0334968283198552	1	0.767155411108441	1	FALSE	FALSE	FALSE	TRUE	TRUE	TRUE	FALSE	FALSE	FALSE
CandidatusPortiera	-0.917757418943926	1.7591511925058	4.05568777183027	0.567815319822437	0.705844204404889	1.56281800477684	-1.61629562800616	2.49226554745034	2.59511200884161	0.124434871242209	0.0233138005717666	0.0188698180659702	1	1	1	FALSE	FALSE	FALSE	TRUE	TRUE	TRUE	FALSE	FALSE	FALSE
Unknown_CandidatusRhodoluna	-0.0242345648020693	1.69434279539245	0.825427671005408	0.482903833900941	1.71033419535256	0.628731990740949	-0.0501850743372657	0.990650131416677	1.31284503279793	0.960874585871453	0.343147638998833	0.215964567709011	1	1	1	FALSE	FALSE	FALSE	TRUE	TRUE	TRUE	FALSE	FALSE	FALSE
CandidatusSolibacter	-0.512821970716393	3.59163028778891	1.17883703166924	0.359357345830156	0.528524028760522	0.728053205420047	-1.42705297851006	6.79558561644187	1.6191633013814	0.171674444907447	3.12037411860141e-06	0.123813395425163	1	0.00161947416755413	1	FALSE	TRUE	FALSE	TRUE	FALSE	TRUE	FALSE	FALSE	FALSE
CandidatusXiphinematobacter	-0.619131507893959	5.68338153317218	-0.209923882224934	0.609351979110314	1.24592871635503	0.730367705904532	-1.01604906379056	4.56156235791638	-0.287422185466088	0.323849384358701	0.000276842432580449	0.777263267407662	1	0.133714894936357	1	FALSE	FALSE	FALSE	TRUE	TRUE	TRUE	FALSE	FALSE	FALSE
Unknown_Capnocytophaga	2.08700779098072	-2.1014206160637	-2.74305308744398	1.235516451935	1.43773784590574	1.34060366610085	1.68917847084283	-1.46161598378171	-2.04613276601142	0.109440478381275	0.162085345317212	0.0565327304056829	1	1	1	FALSE	FALSE	FALSE	TRUE	TRUE	TRUE	FALSE	FALSE	FALSE
Catenibacterium	0.466670462822213	0.261717699659658	0.550421404087802	0.393398358449504	0.658189787133151	0.832215013082178	1.1862542199248	0.397632574640227	0.661393264283073	0.253972206239882	0.696502340724648	0.518391343173727	1	1	1	FALSE	FALSE	FALSE	TRUE	TRUE	TRUE	FALSE	FALSE	FALSE
Caulobacter	0.362235087846573	-0.261841016091443	1.29205374153412	0.380974836267422	0.965226011087434	1.01344744159971	0.950811059847286	-0.271274305793365	1.27490947087955	0.36212429875654	0.791203369690934	0.228611937518132	1	1	1	FALSE	FALSE	FALSE	TRUE	TRUE	TRUE	FALSE	FALSE	FALSE
Cellulomonas	1.47242411052244	1.09751505152663	-2.38680605475922	0.355225826836728	0.590381936569	0.547493697877403	4.14503676051461	1.85899158416809	-4.35951329487939	0.00895311495585949	0.122128963215441	0.00729359812706831	1	1	1	FALSE	FALSE	FALSE	TRUE	TRUE	TRUE	FALSE	FALSE	FALSE
Chondromyces	-0.697847611365211	2.43781332154942	1.09785114512026	0.174847783426126	0.630221509584252	0.550708243825585	-3.99117219384172	3.86818489130529	1.99352589584252	0.00399876077880721	0.00475353555941553	0.0813277253548263	1	1	1	FALSE	FALSE	FALSE	TRUE	TRUE	TRUE	FALSE	FALSE	FALSE
Chryseobacterium	1.8077301367023	-0.573154369675733	-2.44493275707773	0.668917481630051	0.807505124323002	0.826884262231828	2.70247106159812	-0.709784188869706	-2.95680165743952	0.0305296775932777	0.500791215741209	0.0212010960103365	1	1	1	FALSE	FALSE	FALSE	TRUE	TRUE	TRUE	FALSE	FALSE	FALSE
Unknown_Chthoniobacter	-0.269479426456886	4.71414128677239	-0.567730615015352	0.520871665913961	0.763891519693505	0.768700311378393	-0.517362421670675	6.1712182492402	-0.73855910634058	0.611569545953183	1.02532404804708e-05	0.470249216234924	1	0.00523940588552059	1	FALSE	TRUE	FALSE	TRUE	FALSE	TRUE	FALSE	FALSE	FALSE
Unknown_Clostridium	1.77245437293326	-1.11590284063726	-2.51580650680782	0.770183092037216	0.970937268681087	0.990564751736968	2.30134157872115	-1.14930477656202	-2.53976986602473	0.0342950557600983	0.266343807404107	0.0211501884085495	1	1	1	FALSE	FALSE	FALSE	TRUE	TRUE	TRUE	FALSE	FALSE	FALSE
Collimonas	-0.850354638315965	3.96088043816163	-0.202439327589945	0.276398536484649	0.670699230267014	0.484208596592836	-3.07655260816909	5.90559860428757	-0.418082886207353	0.0132133476039095	0.000227487624531835	0.685685408157722	1	0.11033149789794	1	FALSE	FALSE	FALSE	TRUE	TRUE	TRUE	FALSE	FALSE	FALSE
Unknown_Colwellia	-0.661904719633887	0.893280008861782	1.9536450381252	0.171819815959339	0.509563372788889	1.00073940910685	-3.85231887217552	1.75303025406394	1.95220156251147	0.00486152853852286	0.117688895544117	0.086696759681861	1	1	1	FALSE	FALSE	FALSE	TRUE	TRUE	TRUE	FALSE	FALSE	FALSE
Unknown_Comamonas	0.883610034914208	0.0603470824331414	-0.646495810235285	0.635759891351189	1.12898848125456	0.758636390972804	1.38984866289105	0.0534523455598786	-0.852181384821626	0.192060343355732	0.958329911796918	0.412282993408705	1	1	1	FALSE	FALSE	FALSE	TRUE	TRUE	TRUE	FALSE	FALSE	FALSE
Congregibacter	-1.73054116542407	1.91179222262003	5.68580930314411	0.30511777629165	0.594719630085312	0.506146025601038	-5.67171531746455	3.21461092909576	11.2335354138014	5.76619800212853e-05	0.00623664786403274	2.17186317794874e-08	0.0291192999107491	1	1.14022816842309e-05	TRUE	FALSE	TRUE	FALSE	TRUE	TRUE	FALSE	FALSE	TRUE
Coprobacillus	1.70208211883999	-2.57845610079045	-3.19838087759705	0.491950295075376	0.699730400489295	0.65923157760858	3.4598660390664	-3.68492793651302	-4.85168032939116	0.0743418698382898	0.0663943376040409	0.0399542765833892	1	1	1	FALSE	FALSE	FALSE	TRUE	TRUE	TRUE	FALSE	FALSE	FALSE
Unknown_Coprococcus	2.6447333478827	-3.43367800219028	-3.49192378867841	1.13175949207022	1.32738073880426	1.24875639612297	2.3368333699989	-2.5868071622641	-2.79632104349561	0.0319433959275597	0.01919643828025	0.0124010250123457	1	1	1	FALSE	FALSE	FALSE	TRUE	TRUE	TRUE	FALSE	FALSE	FALSE
Unknown_Corynebacterium	2.24730191392144	-2.44915178998348	-2.98759085231322	0.942330238850214	1.13124764530757	1.00973111910997	2.38483476521298	-2.16500056388413	-2.95879843234569	0.0290017831112094	0.0449045188694977	0.00879334596304653	1	1	1	FALSE	FALSE	FALSE	TRUE	TRUE	TRUE	FALSE	FALSE	FALSE
Unknown_Crenothrix	-1.50948609850446	6.52063207934392	2.06021596466697	0.504953844811297	0.950665160403966	0.734249661180873	-2.98935459946555	6.85902076875638	2.80587935356154	0.00823954165781394	2.77335534534648e-06	0.0121540511712846	1	0.00144214477958017	1	FALSE	TRUE	FALSE	TRUE	FALSE	TRUE	FALSE	FALSE	FALSE
Crossiella	2.200107721589	-2.04405360388674	-2.36103061955292	0.189064411905759	0.530829512906474	0.494999789251697	11.6368157254559	-3.85067814465485	-4.76976085812511	2.4257540940118e-05	0.00845331089102629	0.0030951879300448	0.0124441185022805	1	1	TRUE	FALSE	FALSE	FALSE	TRUE	TRUE	FALSE	FALSE	FALSE
Unknown_Cupriavidus	-0.789437768063035	5.16689010770465	0.547696589292084	0.457961489582429	0.753200531402191	1.00824004500178	-1.72380819352921	6.85991298769498	0.543220428515231	0.104006974973727	3.83514505946547e-06	0.594465938210376	1	0.00198276999574365	1	FALSE	TRUE	FALSE	TRUE	FALSE	TRUE	FALSE	FALSE	FALSE
Cyanobacterium	-1.11201526086254	3.63366562364748	-0.509475121032349	0.198041651236396	0.780260884232131	0.462637062747814	-5.6150575089639	4.65698806268295	-1.10124147427001	0.00247868633136544	0.00554710740375515	0.320959177560981	1	1	1	FALSE	FALSE	FALSE	TRUE	TRUE	TRUE	FALSE	FALSE	FALSE
Cycloclasticus	-0.425063836252291	0.362835247428082	1.90687836168332	0.186822643707983	0.517338813450661	0.9163141348975	-2.27522653472721	0.701349363307892	2.08103126325408	0.0852343306980066	0.521742468211755	0.105899304022856	1	1	1	FALSE	FALSE	FALSE	TRUE	TRUE	TRUE	FALSE	FALSE	FALSE
Cytophaga	-0.611339005796289	5.49734931326179	-0.0808720392918462	0.510199533510068	0.927392693889859	0.676176246785059	-1.19823513281246	5.92774705848037	-0.11960201157074	0.247264225970874	1.6539428494599e-05	0.906200483071004	1	0.0083854902467617	1	FALSE	TRUE	FALSE	TRUE	FALSE	TRUE	FALSE	FALSE	FALSE
Dechloromonas	-0.827827386480786	3.90899168252743	0.178570806438677	0.286442243437749	0.735935952787683	0.523859437416811	-2.8900324775619	5.31159222174211	0.340875421313821	0.0161062756012297	0.000341829155086495	0.740250644383391	1	0.163394336131345	1	FALSE	FALSE	FALSE	TRUE	TRUE	TRUE	FALSE	FALSE	FALSE
Demequina	-0.0515844056362913	1.00755174120881	1.47115932896979	0.236262571873801	1.20896740059802	0.620322479715184	-0.21833507198019	0.83339860174098	2.37160408832075	0.830837000835696	0.420898991174577	0.0352982375357508	1	1	1	FALSE	FALSE	FALSE	TRUE	TRUE	TRUE	FALSE	FALSE	FALSE
Dermacoccus	2.53221478851803	-2.54232098198354	-3.52666155728898	0.436242214942242	0.72947857220224	0.599692590988673	5.80460739878945	-3.48512085051172	-5.88078227125469	0.000403041203986442	0.00825732450075468	0.000369674979229431	0.193459777913492	1	0.186316189531633	FALSE	FALSE	FALSE	TRUE	TRUE	TRUE	FALSE	FALSE	FALSE
Desulfobacca	-1.82679566011733	4.9946476501398	0.23329848520993	0.175713310203346	0.796051792024203	0.535928587677466	-10.3964557835901	6.27427473963647	0.435316365975115	1.65476719232687e-05	0.000414313568128313	0.676439518779441	0.00852205104048339	0.196798944860949	1	TRUE	FALSE	FALSE	FALSE	FALSE	TRUE	FALSE	FALSE	FALSE
Desulfobacterium	-1.76489332182906	4.88522245927642	3.84525406310889	0.374280597211246	0.943437613002539	0.960617520858806	-4.71542830427019	5.17810864433203	4.00289811461192	0.000233357565316463	9.15418035376529e-05	0.0010257560732778	0.114345207005067	0.0455878181617511	0.502620475906122	FALSE	TRUE	FALSE	FALSE	FALSE	TRUE	FALSE	FALSE	FALSE
Desulfobulbus	-1.71297152729094	4.10524293739495	3.0050376983217	0.213813757006103	0.913323746172541	0.852893966954834	-8.01151222108711	4.49483871912754	3.52334266010916	6.4434941890205e-06	0.000908900934135769	0.00477033717154576	0.00334417348410164	0.420821132504861	1	TRUE	FALSE	FALSE	FALSE	TRUE	TRUE	FALSE	FALSE	FALSE
Desulfosarcina	-0.585573616769115	-0.739218199173041	3.32052880240111	0.207144284209409	0.49223110101111	1.21361091058643	-2.82688764019739	-1.50177060664104	2.73607362412108	0.0164635651621264	0.161306427613342	0.0193669157468411	1	1	1	FALSE	FALSE	FALSE	TRUE	TRUE	TRUE	FALSE	FALSE	FALSE
Unknown_Desulfovibrio	2.06462326689825	-2.0178208278616	-2.88488547609945	0.842609160808198	0.961699933950114	0.937501411899551	2.45027393829654	-2.0981813106439	-3.07720654015245	0.0497722352110856	0.0806803129474132	0.0217405786842958	1	1	1	FALSE	FALSE	FALSE	TRUE	TRUE	TRUE	FALSE	FALSE	FALSE
Desulfuromonas	-0.877905889548158	1.43604576854347	3.98981293248805	0.383732510187264	0.580792363597206	1.41671655305181	-2.28780691299711	2.4725631026709	2.81623936975495	0.0360999143842642	0.0250158147307609	0.0124180959848275	1	1	1	FALSE	FALSE	FALSE	TRUE	TRUE	TRUE	FALSE	FALSE	FALSE
Devosia	-0.116401179901799	2.80391849265078	0.0930533249730093	0.429045943131865	0.736132680878797	1.02911505177091	-0.271302366949602	3.80898520807888	0.0904207209999333	0.790117868088494	0.00191650822077588	0.929233821792475	1	0.849013141803714	1	FALSE	FALSE	FALSE	TRUE	TRUE	TRUE	FALSE	FALSE	FALSE
Unknown_Dialister	1.1434575924806	-2.88127943135861	-3.11979371778098	0.765772235003971	0.884343079387538	0.859546618215895	1.49320847663624	-3.25810140715306	-3.62958058546788	0.173732948911371	0.0115600745266488	0.00668909481099002	1	1	1	FALSE	FALSE	FALSE	TRUE	FALSE	TRUE	FALSE	FALSE	FALSE
Dolichospermum	0.0239403588634296	2.92215223995638	-0.0524723604030601	0.71078388023062	1.87747978854006	0.897877489113671	0.0336816288738314	1.55642274169495	-0.0584404454274241	0.973523340134641	0.138027311834391	0.954079258295908	1	1	1	FALSE	FALSE	FALSE	TRUE	TRUE	TRUE	FALSE	FALSE	FALSE
Unknown_Dorea	1.51214529099462	-2.50968790603161	-1.35539215226577	0.784966453012969	0.996458296859514	0.946391042586902	1.92638205771787	-2.51860806813619	-1.4321692527445	0.082929254799965	0.0304599187469204	0.182602916849661	1	1	1	FALSE	FALSE	FALSE	TRUE	TRUE	TRUE	FALSE	FALSE	FALSE
Ensifer	0.523577053475601	-2.5556372065849	0.75006865241574	0.311270294390734	0.557559649087981	0.709839594080078	1.68206559672013	-4.58361219425625	1.05667344942599	0.143548810817463	0.00375620691150949	0.331337692383299	1	1	1	FALSE	FALSE	FALSE	TRUE	TRUE	TRUE	FALSE	FALSE	FALSE
Unknown_Eubacterium	2.91221322729239	-4.67897407209823	-4.62855826890139	0.605492875800537	0.919061123314036	0.930457335736613	4.80965729521108	-5.09103687818537	-4.97449812165446	0.000277484178459449	0.000164386249024349	0.000203943690442949	0.134458219588906	0.0803848757729067	0.104215225816347	FALSE	FALSE	FALSE	FALSE	FALSE	FALSE	FALSE	FALSE	FALSE
Exiguobacterium	1.59395201125512	-1.67324592401348	-1.90689057086938	0.397320672407769	0.615496548110846	0.563868130768028	4.01175202285787	-2.71853015122376	-3.38180235203587	0.00511290634625626	0.029828895378837	0.0117298176440327	1	1	1	FALSE	FALSE	FALSE	TRUE	TRUE	TRUE	FALSE	FALSE	FALSE
Unknown_Faecalibacterium	2.68577651507742	-3.16328199072279	-3.85406435555038	1.09818540517902	1.24701908496835	1.29267721263149	2.44564943443189	-2.53667488240814	-2.9814591901908	0.0256390829178592	0.0212851495763428	0.00837929734108579	1	1	1	FALSE	FALSE	FALSE	TRUE	TRUE	TRUE	FALSE	FALSE	FALSE
Finegoldia	2.92059115205408	-4.06007233100577	-5.06565820070072	0.758321074312418	0.97041666872808	0.843271576298143	3.85139125231647	-4.18384438545072	-6.00714923054602	0.00176270553765336	0.000918968222559715	3.21502515871437e-05	0.78264125871809	0.423644350600028	0.0166859805737276	FALSE	FALSE	TRUE	TRUE	FALSE	TRUE	FALSE	FALSE	TRUE
Flavisolibacter	1.18132547882965	0.682706095716443	-2.23384308514437	0.67678751300357	1.43438205861096	0.859520615977162	1.74548947214902	0.475958334544123	-2.59894066950888	0.102797638289374	0.641445910826869	0.0210206262224	1	1	1	FALSE	FALSE	FALSE	TRUE	TRUE	TRUE	FALSE	FALSE	FALSE
Unknown_Flavobacterium	-0.0713730760624195	4.28749765579273	-0.872548757180523	0.625090300554099	1.47641971745053	0.820488126842554	-0.114180424810867	2.90398292918787	-1.06345080280237	0.910432453582369	0.00987882303324384	0.302451036554404	1	1	1	FALSE	FALSE	FALSE	TRUE	TRUE	TRUE	FALSE	FALSE	FALSE
Fluviicola	-1.79991510682782	4.63118677046605	4.60285041647638	0.647715864844017	1.52626227276487	1.21554851107662	-2.77886524712696	3.03433220692568	3.78664477355955	0.0128645973146331	0.00748567422516658	0.00147294111889162	1	1	0.707387041026675	FALSE	FALSE	FALSE	TRUE	TRUE	TRUE	FALSE	FALSE	FALSE
Frigoribacterium	0.17648490572114	1.07701311730757	-0.633934339684648	0.250247837659162	1.20460825351248	0.479709523466387	0.705240482283455	0.894077484665363	-1.32149625695114	0.507101731626579	0.405713565531563	0.234488904047935	1	1	1	FALSE	FALSE	FALSE	TRUE	TRUE	TRUE	FALSE	FALSE	FALSE
Fusobacterium	2.22424903432837	-2.3101970708815	-3.02654351958796	1.17447263785805	1.3286986686408	1.27224772699436	1.89382788719953	-1.73869149221376	-2.37889481377819	0.0753937202652941	0.100164834101295	0.02935152940578	1	1	1	FALSE	FALSE	FALSE	TRUE	TRUE	TRUE	FALSE	FALSE	FALSE
Gallionella	-1.52651440371768	3.15043631724465	1.51531736945198	0.183206980388691	0.543195564237713	0.572939580602182	-8.33218472614436	5.79981966838366	2.64481181045184	0.000407115189091265	0.0021477226070339	0.0457107531850614	0.195008175574716	0.938554779273815	1	FALSE	FALSE	FALSE	TRUE	FALSE	TRUE	FALSE	FALSE	FALSE
Unknown_Gemella	2.20961318582908	-2.21478819256396	-3.3421225598404	1.07114704338426	1.29728870562414	1.13818135415696	2.06284767294682	-1.70724387174742	-2.9363708583294	0.0557480571103555	0.107104683847035	0.00968114642092636	1	1	1	FALSE	FALSE	FALSE	TRUE	TRUE	TRUE	FALSE	FALSE	FALSE
Gemmata	-1.59416447210689	3.93579890256471	-0.165826261642773	0.186968085573794	0.584876066356116	0.465445228213855	-8.52639886221484	6.7292869873877	-0.356274490726076	0.00103818986063342	0.0025403706695885	0.73963244721379	0.479643715612642	1	1	FALSE	FALSE	FALSE	TRUE	TRUE	TRUE	FALSE	FALSE	FALSE
Gemmatimonas	-0.51260681339449	4.99420194132403	-0.561918657111484	0.397495088415431	0.674494825000467	0.608657536342469	-1.28959282349359	7.4043591680938	-0.923209889896628	0.218089946460935	3.33042370798367e-06	0.371536037322553	1	0.00172515948073554	1	FALSE	TRUE	FALSE	TRUE	FALSE	TRUE	FALSE	FALSE	FALSE
Unknown_Geobacter	-1.70757878442923	6.04675070202363	3.11542606551642	0.447794715781403	0.972492453855961	0.90608269739716	-3.81330713438522	6.21778675818829	3.43834627287983	0.00139010187858142	9.36557034262917e-06	0.00313628292940348	0.631747783126104	0.00480453758576876	1	FALSE	TRUE	FALSE	FALSE	FALSE	TRUE	FALSE	FALSE	FALSE
Georgenia	0.47709058582542	-0.351198824424786	0.492361351412128	0.195448283187348	0.567802159417709	0.511543165464647	2.44100678729474	-0.61852322785272	0.962502061707549	0.044692899509624	0.555814141499458	0.367859592434482	1	1	1	FALSE	FALSE	FALSE	TRUE	TRUE	TRUE	FALSE	FALSE	FALSE
Geothrix	-1.69946158351394	4.35336894153984	0.293461065115605	0.180461996068347	0.962292230940848	0.465756767719747	-9.41728242255673	4.52395727780477	0.630073646706911	8.14812272320808e-05	0.00400072458663048	0.551870844727448	0.0408220948432725	1	1	TRUE	FALSE	FALSE	FALSE	TRUE	TRUE	FALSE	FALSE	FALSE
Glaciecola	-2.15366792901923	1.32428591587752	4.13975884509169	0.183206980388691	0.62409718625669	0.943744629043035	-11.7553813967678	2.1219225868018	4.38652440257005	7.83472941457935e-05	0.0872926735287421	0.00711098836924023	0.0394086889553341	1	1	TRUE	FALSE	FALSE	FALSE	TRUE	TRUE	FALSE	FALSE	FALSE
Unknown_Gordonia	1.60180779580821	-2.01828069334169	-2.78765687365047	0.578688241217614	0.794338460549997	0.712310549697793	2.76799782977767	-2.54083214344707	-3.91354146703733	0.0394588001898152	0.0518412499236905	0.0112548231540539	1	1	1	FALSE	FALSE	FALSE	TRUE	TRUE	TRUE	FALSE	FALSE	FALSE
GOUTA19	-1.11842495610736	4.56239768120208	0.553571560020359	0.165443781970186	0.804651570125511	0.505673015801864	-6.76015104822076	5.67002893002549	1.09472236548462	4.9793211189318e-05	0.000206661266394829	0.299304403966732	0.0252451580729842	0.100644036734282	1	TRUE	FALSE	FALSE	FALSE	FALSE	TRUE	FALSE	FALSE	FALSE
Haematobacter	-0.479535872580168	2.50573129045513	0.497806421377974	0.401604674301328	0.724290082936141	0.58599470768675	-1.19404952996231	3.45956868592947	0.849506684698733	0.262979405053101	0.0071656821524875	0.417623261532474	1	1	1	FALSE	FALSE	FALSE	TRUE	TRUE	TRUE	FALSE	FALSE	FALSE
Unknown_Haemophilus	2.41465929730716	-2.37714488933986	-3.77795301499657	0.810280733023812	1.04260945059459	0.89640138244919	2.98002803089753	-2.27999553234838	-4.21457740802928	0.0106397315407754	0.0401193034470737	0.00101171144252588	1	1	0.496750318280205	FALSE	FALSE	FALSE	TRUE	TRUE	TRUE	FALSE	FALSE	FALSE
Hahella	-0.388384232901257	-0.894019367135201	1.7068110180232	0.183206980388691	0.507600317821197	0.93632046024777	-2.11992049690062	-1.76126636597206	1.8228919376295	0.0875144006397752	0.13849717390093	0.127932243353631	1	1	1	FALSE	FALSE	FALSE	TRUE	TRUE	TRUE	FALSE	FALSE	FALSE
Haloferula	-1.05721737297049	2.66859628616705	1.37004458090327	0.183206980388691	0.796419900802268	0.67670348539257	-5.77061731342061	3.35074033619558	2.02458626337424	0.0021964061035241	0.0203123809086844	0.0987907392561978	0.948847436722413	1	1	FALSE	FALSE	FALSE	TRUE	TRUE	TRUE	FALSE	FALSE	FALSE
Halomonas	0.478768618476045	-1.99936943230328	1.17880786801142	0.246852906322592	0.525898304510272	1.04813542734865	1.93948949440515	-3.80181760457497	1.12467133278123	0.100513018477408	0.00894875596194957	0.303698151889422	1	1	1	FALSE	FALSE	FALSE	TRUE	TRUE	TRUE	FALSE	FALSE	FALSE
Herbaspirillum	-1.89520744770852	4.40934984997511	1.7110810215739	0.206823153612831	0.708792718972432	0.459095418664182	-9.16342012295351	6.22092994460713	3.72707056531426	9.51059597187712e-05	0.000797179828443864	0.00977040585573623	0.0475529798593856	0.370688620226397	1	TRUE	FALSE	FALSE	FALSE	FALSE	TRUE	FALSE	FALSE	FALSE
HTCC	-1.60524420286355	2.13653596976691	6.03282307051141	0.443388736372592	0.63156797930275	0.735030106238995	-3.62039914679884	3.38290736671869	8.20758635504087	0.0021132322619146	0.00353617673777999	2.5706862765871e-07	0.915029569409021	1	0.000134703960893164	FALSE	FALSE	TRUE	TRUE	TRUE	TRUE	FALSE	FALSE	TRUE
HTCC2207	-1.11728072293871	2.01035689169393	4.09547587299239	0.462000065006112	0.741057475518356	1.44706782644367	-2.41835620288047	2.7128218230141	2.83018929600381	0.0287728684222428	0.0160408410481598	0.0126637278993029	1	1	1	FALSE	FALSE	FALSE	TRUE	TRUE	TRUE	FALSE	FALSE	FALSE
Hylemonella	0.259779327133827	2.72775014656431	-0.931077573156714	0.827384969958126	1.2078688276827	1.01686139518348	0.31397636718851	2.25831653574297	-0.915638628398032	0.757863249991147	0.0392555063289722	0.37434239902611	1	1	1	FALSE	FALSE	FALSE	TRUE	TRUE	TRUE	FALSE	FALSE	FALSE
Hymenobacter	1.95153849922665	-1.7286296349192	-2.61952542056147	0.565555473041808	1.36926217151583	0.707476102329645	3.45065796769751	-1.26245336421259	-3.70263449455839	0.00726716063985771	0.23851541179063	0.00490053104861535	1	1	1	FALSE	FALSE	FALSE	TRUE	TRUE	TRUE	FALSE	FALSE	FALSE
Unknown_Hyphomicrobium	-0.571483508395897	3.94795631576147	0.889373978264842	0.480120964947478	1.01913776938605	0.657725856249223	-1.19029067697224	3.8738200411705	1.35219555353445	0.251293893121182	0.0013460128982239	0.195117582702139	1	0.605705804200757	1	FALSE	FALSE	FALSE	TRUE	TRUE	TRUE	FALSE	FALSE	FALSE
Hyphomonas	-0.556344847634715	2.34275846674384	-0.47816389274345	0.186961755564879	0.978907888063771	0.458195894715238	-2.97571471745008	2.39323688705552	-1.04357960919886	0.0309524187309491	0.0621383392801508	0.344485425412935	1	1	1	FALSE	FALSE	FALSE	TRUE	TRUE	TRUE	FALSE	FALSE	FALSE
Ignavibacterium	-1.39457130548071	3.662869055242	1.69144162722105	0.195839735655197	1.03868337575577	0.582590012049771	-7.12098237272975	3.52645391342362	2.90331380943165	5.53860644429237e-05	0.00644974615404647	0.0175006955398298	0.0280253486081194	1	1	TRUE	FALSE	FALSE	FALSE	TRUE	TRUE	FALSE	FALSE	FALSE
J2-29	0.487512458328668	-1.15191735508928	1.21224797448402	0.431308891172163	0.625306202948955	0.645553095786848	1.13030931730566	-1.84216524585367	1.87784394869401	0.287567597054344	0.0985717206084751	0.0931261671353344	1	1	1	FALSE	FALSE	FALSE	TRUE	TRUE	TRUE	FALSE	FALSE	FALSE
Janibacter	1.97576395512298	-1.24324371010821	-3.30160582774895	0.369945591852082	0.626785149376235	0.557079779479352	5.3406879244907	-1.98352451608891	-5.92663016926343	0.00308753478737684	0.104107991168261	0.00195050163815787	1	1	0.922587274848672	FALSE	FALSE	FALSE	TRUE	TRUE	TRUE	FALSE	FALSE	FALSE
Kaistobacter	1.04269317166247	-0.772605674196482	-0.547657780881391	0.820464687357302	1.10080040173097	0.955038745295271	1.27085685432845	-0.701858096146755	-0.573440379858171	0.223135884422739	0.493514898562371	0.574843963298245	1	1	1	FALSE	FALSE	FALSE	TRUE	TRUE	TRUE	FALSE	FALSE	FALSE
Kingella	1.94142476543666	-1.66732845857985	-2.61951980020031	1.11064626901197	1.27093149354224	1.27597809330913	1.74801358416641	-1.31189483229564	-2.05295044949151	0.0984969151347685	0.206996016137386	0.0557980489383737	1	1	1	FALSE	FALSE	FALSE	TRUE	TRUE	TRUE	FALSE	FALSE	FALSE
Klebsiella	1.04540527096102	-0.971246860295908	-0.212856150518126	0.673272806773306	1.03291666861126	0.891468715647664	1.55272166118097	-0.940295466043482	-0.238770185405197	0.138907039985639	0.360236056860275	0.814138395845918	1	1	1	FALSE	FALSE	FALSE	TRUE	TRUE	TRUE	FALSE	FALSE	FALSE
Unknown_Kocuria	1.77858454700367	-2.13546151839269	-1.1372494969275	0.715047339862874	0.968655471440803	0.932932480615073	2.4873661474564	-2.20456249033141	-1.21900514834441	0.0260955720113388	0.0447161358913643	0.242983965884688	1	1	1	FALSE	FALSE	FALSE	TRUE	TRUE	TRUE	FALSE	FALSE	FALSE
Kordiimonas	-0.0759471850330488	-0.608299108670339	1.56272471853647	0.191749615500529	0.486361385487029	1.0844645569245	-0.396074770918325	-1.25071423600211	1.44101041251942	0.702403848183407	0.246378476459433	0.187551401954109	1	1	1	FALSE	FALSE	FALSE	TRUE	TRUE	TRUE	FALSE	FALSE	FALSE
Kytococcus	1.53251266989908	-1.39106864504067	-0.950111151194953	0.325973330141754	0.645826084865525	0.550086699861573	4.70134372414041	-2.153936915277	-1.72720255085979	0.00153878625918354	0.0633853430759884	0.122400592905933	0.692453816632591	1	1	FALSE	FALSE	FALSE	TRUE	TRUE	TRUE	FALSE	FALSE	FALSE
Lachnobacterium	2.0824707284157	-2.81702294805141	-2.35144839830314	1.01243042685012	1.10835360072427	1.12320665820726	2.05690255170887	-2.54162836319618	-2.09351358551975	0.0667325443969278	0.0292812865275675	0.0627575628081301	1	1	1	FALSE	FALSE	FALSE	TRUE	TRUE	TRUE	FALSE	FALSE	FALSE
Lachnospira	2.88896574595053	-3.38719504025356	-4.00108729090613	1.00035358738402	1.15881715264426	1.17406759584047	2.88794460517238	-2.92297627155798	-3.40788495064621	0.0107054456941495	0.00995450069035441	0.00359976905885919	1	1	1	FALSE	FALSE	FALSE	TRUE	TRUE	TRUE	FALSE	FALSE	FALSE
Lacinutrix	-0.784021432192341	-0.756828945091628	2.92748454064413	0.175713310203346	0.629856421879371	0.758754169984697	-4.46193536098674	-1.20158963027383	3.85827802528344	0.00292922101570924	0.268593298896675	0.00622535430297324	1	1	1	FALSE	FALSE	FALSE	TRUE	TRUE	FALSE	FALSE	FALSE	FALSE
Unknown_Lactobacillus	1.45661554161823	-3.23745366871642	-1.15562981201148	0.575566438555249	0.728079403223096	0.695716645359545	2.53075135039933	-4.4465667540995	-1.66106391117644	0.0352142143690174	0.00214908843638857	0.135278324898644	1	0.938554779273815	1	FALSE	FALSE	FALSE	TRUE	TRUE	TRUE	FALSE	FALSE	FALSE
Lautropia	2.19503251670591	-2.74728583489988	-3.2817578555674	0.967208369892145	1.14652535917897	1.03711467803345	2.26945153188726	-2.39618409911772	-3.16431531158171	0.0424800410037065	0.0337526710830476	0.00815524409993042	1	1	1	FALSE	FALSE	FALSE	TRUE	TRUE	TRUE	FALSE	FALSE	FALSE
LCP-6	-1.89311190969996	5.43982941402864	0.729278784291129	0.171972673137881	0.785549624038974	0.576641145261379	-11.0082135443818	6.92487049520726	1.26470126227389	4.12551944119601e-06	0.000121446713302242	0.241575413432303	0.00214939562886312	0.0598732296580053	1	TRUE	FALSE	FALSE	FALSE	FALSE	TRUE	FALSE	FALSE	FALSE
Legionella	-0.607301427242399	5.80810098431151	0.76845550678887	0.197217049173742	0.545453601102669	0.511211866853514	-3.07935561244194	10.6482035732646	1.50320357686272	0.199898401497721	0.0596117494804274	0.373707484029818	1	1	1	FALSE	FALSE	FALSE	TRUE	TRUE	TRUE	FALSE	FALSE	FALSE
Leptolyngbya	-1.05321398415658	3.12730410480456	0.535343461185058	0.183206980388691	0.747119312197428	0.476876257828969	-5.74876558699939	4.18581617922113	1.12260455914133	0.00223368500793115	0.00860647464070559	0.312600332354911	0.960484553410394	1	1	FALSE	FALSE	FALSE	TRUE	TRUE	TRUE	FALSE	FALSE	FALSE
Unknown_Leptotrichia	2.32803464224317	-2.65635685473709	-3.08402905942431	1.19853731805203	1.39832099147087	1.28925841044963	1.94239645873264	-1.89967601926859	-2.39209535840743	0.0688435476522552	0.0745766613370018	0.0285795820453262	1	1	1	FALSE	FALSE	FALSE	TRUE	TRUE	TRUE	FALSE	FALSE	FALSE
Leucobacter	0.641169396921807	0.540568344501725	-1.7724030527321	0.214131746652104	1.29743387158564	0.462330583575131	2.99427528587577	0.416644236242326	-3.83362709649528	0.0241862833189002	0.691433176293779	0.00862265243501398	1	1	1	FALSE	FALSE	FALSE	TRUE	TRUE	TRUE	FALSE	FALSE	FALSE
Leuconostoc	1.61583815731949	-2.97007005252656	-2.64961665463891	0.568834024576453	0.720692631560951	0.691283608243835	2.84061446310745	-4.12113281371238	-3.83289379791618	0.0217913572717946	0.00333898690939995	0.00499733776947655	1	1	1	FALSE	FALSE	FALSE	TRUE	TRUE	TRUE	FALSE	FALSE	FALSE
Leucothrix	-0.506809819029039	-0.238111325925072	2.0312019140277	0.179506245126467	0.512217714295563	0.670810350113089	-2.82335480123256	-0.464863512681397	3.02798237040509	0.030220549389608	0.658420737925626	0.023157947309146	1	1	1	FALSE	FALSE	FALSE	TRUE	TRUE	TRUE	FALSE	FALSE	FALSE
Unknown_Limnohabitans	-0.634344768963793	5.7097233448247	-0.181164521702591	0.743826298982995	1.38704510709543	0.871306356658388	-0.852813042280312	4.11646551047013	-0.207922873875716	0.405618521216945	0.000720598073170936	0.837759748378544	1	0.336519300170827	1	FALSE	FALSE	FALSE	TRUE	TRUE	TRUE	FALSE	FALSE	FALSE
Litincola	-1.8383027274776	0.440452077745763	4.42728279588246	0.190359394474067	0.538841644764675	0.503917171125291	-9.65701079558767	0.817405414049092	8.78573513578818	0.00235736455374291	0.47357433708258	0.00310630100425581	1	1	1	FALSE	FALSE	FALSE	TRUE	TRUE	TRUE	FALSE	FALSE	FALSE
Loktanella	-1.27282946735401	2.34249771354937	4.06710835422399	0.357424307438146	0.584862715263264	1.34448123758344	-3.56111613246751	4.00520951740776	3.02503913073133	0.00284364019339321	0.00114709863238061	0.00852653686244154	1	0.521929877733177	1	FALSE	FALSE	FALSE	TRUE	TRUE	TRUE	FALSE	FALSE	FALSE
Luteimonas	0.863081244815785	-0.780497333598883	-0.103949958058433	0.335754362455499	0.620146463481946	0.592337354729042	2.5705734350069	-1.2585693534663	-0.175491140696308	0.0619412191139257	0.276634900598978	0.869219346111509	1	1	1	FALSE	FALSE	FALSE	TRUE	TRUE	TRUE	FALSE	FALSE	FALSE
Luteolibacter	-1.07702350284088	6.19683898355272	0.888501558947669	0.589658074768173	0.877167340323679	0.747956219725673	-1.82652209632559	7.0646029539427	1.18790583661908	0.0853850413946071	1.89979790034912e-06	0.251202785556039	1	0.000989794706081893	1	FALSE	TRUE	FALSE	TRUE	FALSE	TRUE	FALSE	FALSE	FALSE
Lutibacterium	0.9750501095684	-2.38769328406744	-0.232459289622873	0.36779612813574	0.583331317047274	0.850165221989395	2.65106137606904	-4.09320263508832	-0.273428368522198	0.0328909820707713	0.00461232380901039	0.792415665547031	1	1	1	FALSE	FALSE	FALSE	TRUE	TRUE	TRUE	FALSE	FALSE	FALSE
Lysobacter	0.856803140332114	1.78096869538513	-1.78922735617295	0.484491537438166	1.26153288163994	0.642463601265006	1.76845842315969	1.41174972234569	-2.78494743149647	0.0987581662199003	0.179862214558634	0.0146065732181927	1	1	1	FALSE	FALSE	FALSE	TRUE	TRUE	TRUE	FALSE	FALSE	FALSE
Marinobacterium	-1.3533730101171	0.363930307815555	3.23904279431291	0.179506245126467	0.503223551308325	0.876287201516209	-7.53942019768513	0.723198083375424	3.6963255753462	0.000282314929859496	0.49677072737821	0.010132417629279	0.136358111122137	1	1	FALSE	FALSE	FALSE	TRUE	TRUE	TRUE	FALSE	FALSE	FALSE
Unknown_Mariprofundus	-0.403559243214642	-1.01388023454589	3.23543126472101	0.272006236084462	0.539040908628573	1.40646224616358	-1.48363967320709	-1.88089664126866	2.30040392022348	0.163688419745894	0.0844667405535556	0.0401681933466618	1	1	1	FALSE	FALSE	FALSE	TRUE	TRUE	TRUE	FALSE	FALSE	FALSE
MC18	0.1365448450286	2.52999129305641	-0.101019858536991	0.241781626987516	0.596469048676816	0.517755840571348	0.564744504079504	4.24161370764979	-0.195110997541843	0.579624062426513	0.000549974180988956	0.847618934534451	1	0.259587813426787	1	FALSE	FALSE	FALSE	TRUE	TRUE	TRUE	FALSE	FALSE	FALSE
Unknown_Methanobacterium	-1.18620488016321	5.3774501695853	0.55199032667662	0.234170327079685	0.784433462988761	0.623831397815031	-5.06556443318952	6.85520241461492	0.884838962274047	0.000277233442451352	1.75918172012083e-05	0.393627969617343	0.134458219588906	0.00890145950381141	1	FALSE	TRUE	FALSE	TRUE	FALSE	TRUE	FALSE	FALSE	FALSE
Unknown_Methylarcula	-0.619221058126355	1.87567315440002	2.72244742645935	0.365176285819801	0.667828952173418	1.41708011714139	-1.69567708027984	2.80861311612162	1.9211669075925	0.109314993961524	0.0126151599392537	0.0727103923877547	1	1	1	FALSE	FALSE	FALSE	TRUE	TRUE	TRUE	FALSE	FALSE	FALSE
Unknown_Methylibium	-0.498534309037011	5.48935642287168	-0.450226953164344	0.400439737561186	0.549947229761446	0.593953162437739	-1.24496712557363	9.98160573561364	-0.75801760414322	0.230033050368647	1.59062389104587e-08	0.458820489072195	1	8.35077542799084e-06	1	FALSE	TRUE	FALSE	TRUE	FALSE	TRUE	FALSE	FALSE	FALSE
Methylobacterium	0.989100355537098	-0.460199258647286	-0.404586807964269	0.731284312199801	1.43259873958334	1.19354086885873	1.35255240545466	-0.321233884919606	-0.338980271661026	0.201136090280463	0.753559107605155	0.7404827010485	1	1	1	FALSE	FALSE	FALSE	TRUE	TRUE	TRUE	FALSE	FALSE	FALSE
Methylocaldum	-0.634885473905822	4.17096873347862	0.389973942945364	0.243132514358199	0.936452800965855	0.51478257162705	-2.6112734266815	4.45400849800085	0.757550788312026	0.0215401377818994	0.000649820774147599	0.46223141571863	1	0.305415763849372	1	FALSE	FALSE	FALSE	TRUE	TRUE	TRUE	FALSE	FALSE	FALSE
Methylocystis	-0.242702944013688	2.14492348787293	0.00173188074824342	0.175713310203346	0.793342799018284	0.523075372637883	-1.38124393498033	2.7036528100175	0.00331095830321643	0.209684443101752	0.0304775269811089	0.997450624041711	1	1	1	FALSE	FALSE	FALSE	TRUE	TRUE	TRUE	FALSE	FALSE	FALSE
Methylomonas	-1.24371872190622	2.7423348489295	1.79326952304106	0.167815793068984	0.79175200506509	0.469165639837283	-7.4112138027138	3.46362854957855	3.82225246431731	4.05495954347759e-05	0.00711993939019415	0.0040758194518106	0.0207208432671705	1	1	TRUE	FALSE	FALSE	FALSE	TRUE	FALSE	FALSE	FALSE	FALSE
Unknown_Methylophaga	-1.3644675121142	0.98312563934161	3.28580022354309	0.175713310203346	0.536228104859884	0.618377396193558	-7.76530537461939	1.8334093838638	5.31358397601359	0.000110180804874063	0.1093971717709	0.00110693923490128	0.0548700408272835	1	0.541293285866725	FALSE	FALSE	FALSE	TRUE	TRUE	TRUE	FALSE	FALSE	FALSE
Methylophilus	2.65990797234272	-4.0937991986964	-3.98970957124821	0.194219255316344	0.542027540904898	0.482333623132386	13.6953875557306	-7.5527512713873	-8.27168038864492	0.00528926138850247	0.0170824114571967	0.0143026537289668	1	1	1	FALSE	FALSE	FALSE	TRUE	TRUE	TRUE	FALSE	FALSE	FALSE
Methylopila	-0.333302104891187	1.74289514902387	0.16767179316319	0.183206980388691	0.57318005711633	0.474839128845043	-1.81926531502268	3.04074631938938	0.353112839649546	0.128530629977645	0.0287262607045302	0.738403220863589	1	1	1	FALSE	FALSE	FALSE	TRUE	TRUE	TRUE	FALSE	FALSE	FALSE
Unknown_Methylosinus	-0.637065377062825	0.282713841806648	2.3740481705717	0.220106099672364	0.515778038501754	0.809710049775704	-2.8943558493432	0.548130825088797	2.93197320600051	0.0275365246254168	0.603381633302164	0.0262197206773093	1	1	1	FALSE	FALSE	FALSE	TRUE	TRUE	TRUE	FALSE	FALSE	FALSE
Methylotenera	-0.747817325943571	5.10489936720181	0.701097316249086	0.403280542849914	0.851199376728689	1.05108017350435	-1.85433524925074	5.99730158029585	0.667025536131647	0.0811225619864741	1.44160973686324e-05	0.513708462914647	1	0.00732337746326524	1	FALSE	TRUE	FALSE	TRUE	FALSE	TRUE	FALSE	FALSE	FALSE
Methyloversatilis	-1.10241605386035	4.81767307460554	1.85773082930642	0.505153147394179	0.651974680829978	0.756162859871039	-2.18234026561476	7.38935608430767	2.45678666315778	0.0443372101200638	1.52920485165714e-06	0.0258195429828354	1	0.000798244932565027	1	FALSE	TRUE	FALSE	TRUE	FALSE	TRUE	FALSE	FALSE	FALSE
Microbacterium	0.563499458471675	1.63565811436107	-2.36874347673675	0.238028034589361	1.18927065914814	0.480580992614175	2.36736592579865	1.37534555467186	-4.92891627663362	0.06416193622923	0.227447595853827	0.00436369054913214	1	1	1	FALSE	FALSE	FALSE	TRUE	TRUE	TRUE	FALSE	FALSE	FALSE
Microcella	-0.623323242061083	2.85278045091498	1.8496683340547	0.425813451208348	1.44967837043762	1.03415177812797	-1.46384112641875	1.96787129413665	1.78858497676519	0.165327405971585	0.0692157172831313	0.0953347537891647	1	1	1	FALSE	FALSE	FALSE	TRUE	TRUE	TRUE	FALSE	FALSE	FALSE
Microcoleus	0.140717852072633	2.21557391056898	0.0327235806884185	0.268815446445081	1.03705390214176	0.62583318638576	0.523473832823004	2.13641152691611	0.0522880240298537	0.607819354501892	0.0484415151085944	0.958946458802548	1	1	1	FALSE	FALSE	FALSE	TRUE	TRUE	TRUE	FALSE	FALSE	FALSE
Unknown_Microcystis	0.559593300570147	1.94382322738428	-1.39713625124282	0.510485595542116	1.63955621270135	0.687976111609864	1.09619802293516	1.18557888550928	-2.03079180754333	0.298688688612577	0.263195926441668	0.0697122997702842	1	1	1	FALSE	FALSE	FALSE	TRUE	TRUE	TRUE	FALSE	FALSE	FALSE
Moraxella	1.3552739297267	-2.91993514864146	-0.450209075900914	0.697740399209951	0.837325671336875	1.10755150234016	1.94237560453898	-3.48721560629987	-0.4064904204903	0.0781251073712231	0.00508342800901594	0.692178849320438	1	1	1	FALSE	FALSE	FALSE	TRUE	TRUE	TRUE	FALSE	FALSE	FALSE
Morganella	0.19897820259393	0.385846993001104	1.47765586629133	0.384639265756609	0.690950310029259	0.666179638639131	0.517311206391079	0.558429437544886	2.21810421782011	0.611604532461959	0.583832167413863	0.0404557842865447	1	1	1	FALSE	FALSE	FALSE	TRUE	TRUE	TRUE	FALSE	FALSE	FALSE
MSBL3	-0.440584929566624	1.56659667653212	1.23395647746031	0.167815793068984	0.82983163714217	0.688261148811784	-2.62540802334088	1.88784881946327	1.79286086333743	0.0275654141240011	0.0916506107146815	0.106587776703033	1	1	1	FALSE	FALSE	FALSE	FALSE	TRUE	FALSE	FALSE	FALSE	FALSE
Mycobacterium	-0.610364326181269	4.78861644792294	0.506489749773799	0.742548248659755	0.970358979774044	0.963740176407522	-0.821986082766921	4.93489167177905	0.525545953331334	0.422464320422856	0.000125598303717325	0.605991617598687	1	0.0617943654289237	1	FALSE	FALSE	FALSE	TRUE	TRUE	TRUE	FALSE	FALSE	FALSE
Mycoplana	1.36270009546418	-1.44571882844329	0.420837006281069	0.356656447467308	0.699729602236262	0.868362965799063	3.82076394564291	-2.06611071451447	0.484632605092522	0.00875290226664258	0.0843401480899536	0.645120651412333	1	1	1	FALSE	FALSE	FALSE	TRUE	TRUE	TRUE	FALSE	FALSE	FALSE
Unknown_Neisseria	1.89828192763499	-1.78291560754198	-2.37938771672629	1.14036243935979	1.30658993740216	1.29117912567223	1.66463035094412	-1.36455635888861	-1.84280218709972	0.11430765670464	0.190184109624257	0.0828666969878873	1	1	1	FALSE	FALSE	FALSE	TRUE	TRUE	TRUE	FALSE	FALSE	FALSE
Nereida	-1.28049998297856	0.681996966908397	3.54455641552795	0.355080396925491	0.657709565237122	1.23897967577942	-3.60622550291689	1.03692724411347	2.86086728040807	0.00866763152028597	0.33425628075899	0.0243074202243918	1	1	1	FALSE	FALSE	FALSE	TRUE	TRUE	TRUE	FALSE	FALSE	FALSE
Nesterenkonia	1.30067129437693	-0.776619181852179	-0.969834276716345	0.464276954047607	0.667868894290609	0.6323889699147	2.80149872406452	-1.16283179002831	-1.53360403621075	0.0487370483775564	0.30954226274268	0.199906098447645	1	1	1	FALSE	FALSE	FALSE	TRUE	TRUE	TRUE	FALSE	FALSE	FALSE
Nevskia	0.00340778979210366	1.66883425365581	-0.429484540928715	0.178305467164163	1.00306222928709	0.440531627554415	0.0191120880716807	1.66373950182722	-0.974923283744627	0.985285042762803	0.140112817912333	0.362077230963721	1	1	1	FALSE	FALSE	FALSE	TRUE	TRUE	TRUE	FALSE	FALSE	FALSE
Unknown_Nitrosopumilus	-1.18473631960528	-0.00615731924959691	5.32078909274741	0.384288621473542	0.606344972116842	1.07258505492178	-3.0829336425899	-0.0101548120834593	4.96071530022896	0.00810240748292362	0.992041059615569	0.000209235414905548	1	1	0.106710061601829	FALSE	FALSE	FALSE	TRUE	TRUE	FALSE	FALSE	FALSE	FALSE
Nocardioides	0.413312689816758	-0.0680675594717626	0.772264836303026	0.330183848161325	0.590629454679549	0.75471407695132	1.25176531837747	-0.115245792319473	1.02325484562658	0.299368950418226	0.915531268955793	0.381497783917946	1	1	1	FALSE	FALSE	FALSE	TRUE	TRUE	TRUE	FALSE	FALSE	FALSE
Novosphingobium	-0.515321453709009	4.33238886388084	0.403001437764437	0.578842055358156	1.03129502903786	0.741354101261441	-0.890262635444061	4.20092092165201	0.543601818724298	0.38651583698582	0.000677189776544101	0.594209478633763	1	0.316924815422639	1	FALSE	FALSE	FALSE	TRUE	TRUE	TRUE	FALSE	FALSE	FALSE
Odoribacter	1.8280713972024	-2.16766803830927	-2.67325059137966	1.16651812712466	1.3338551298717	1.2219816497152	1.5671178652906	-1.62511504417858	-2.1876356261182	0.139405987997075	0.126430087365503	0.0461569284434327	1	1	1	FALSE	FALSE	FALSE	TRUE	TRUE	TRUE	FALSE	FALSE	FALSE
Oleibacter	-0.503013200270631	0.661662184104338	2.83029365403071	0.186822643707983	0.583422836465414	0.868036644778295	-2.69246377359307	1.13410401984421	3.26056932164839	0.0545185404879366	0.32010929165234	0.0310641243390863	1	1	1	FALSE	FALSE	FALSE	TRUE	TRUE	TRUE	FALSE	FALSE	FALSE
Olleya	-0.818238799408653	0.217008823567723	3.03555248926163	0.283401606666927	0.593000043181394	0.776417895210478	-2.88720593024127	0.365950771948496	3.90968898062135	0.0161844607555836	0.722024788028269	0.00291475381082065	1	1	1	FALSE	FALSE	FALSE	TRUE	TRUE	TRUE	FALSE	FALSE	FALSE
Opitutus	-0.527269738065466	3.53643973349878	-0.285298290228565	0.264820856790998	0.638690265317116	0.471025025062071	-1.99104309401731	5.53701837265815	-0.605696672254237	0.0744911284550436	0.000248566518388257	0.558212233598439	1	0.120306194899916	1	FALSE	FALSE	FALSE	TRUE	TRUE	TRUE	FALSE	FALSE	FALSE
Unknown_Oribacterium	1.40354855109107	-1.78712320576586	-2.6080213239367	0.596826200840382	0.748717346817897	0.727436179628656	2.35168722337383	-2.3869130498462	-3.58522355221327	0.0509607968153075	0.0483878567317576	0.00891377478449783	1	1	1	FALSE	FALSE	FALSE	TRUE	TRUE	TRUE	FALSE	FALSE	FALSE
Oscillospira	2.38373513403916	-3.19804851327504	-3.19445203395187	1.08666863431344	1.2604944671026	1.25101727711006	2.19361731697097	-2.53713808092006	-2.55348354687097	0.0433797838781451	0.0219667780533266	0.021253017972448	1	1	1	FALSE	FALSE	FALSE	TRUE	TRUE	TRUE	FALSE	FALSE	FALSE
Oxalobacter	-0.105991486121407	1.8519609836951	-0.883578453206885	0.275058581461401	0.630067545016034	0.50164194263696	-0.38534149910273	2.9393054734282	-1.76137276034419	0.713275216482742	0.0259710699537882	0.128650645068508	1	1	1	FALSE	FALSE	FALSE	TRUE	TRUE	TRUE	FALSE	FALSE	FALSE
Pandoraea	-0.690656202402158	2.29920448890668	2.3443889471363	0.400186064156784	0.788128517311496	0.559848887512016	-1.72583771465759	2.91729640331991	4.1875388152593	0.122654411192521	0.0193713297339007	0.00304800490682523	1	1	1	FALSE	FALSE	FALSE	TRUE	TRUE	TRUE	FALSE	FALSE	FALSE
Unknown_Pantoea	0.701560873175137	0.164800095311995	-0.0546192547874917	0.722351073545703	1.20465885541696	0.931095250419988	0.971218703575097	0.136802294334983	-0.0586612967500958	0.345893841433666	0.892893677804587	0.953948296235849	1	1	1	FALSE	FALSE	FALSE	TRUE	TRUE	TRUE	FALSE	FALSE	FALSE
Unknown_Parabacteroides	2.42126025957608	-3.2440873392239	-3.29100868504331	0.946883458378462	1.13659831017074	1.14581558041829	2.5570837024891	-2.85420742772049	-2.87219753447751	0.0210988065578274	0.0114805679222329	0.0110606929669182	1	1	1	FALSE	FALSE	FALSE	TRUE	TRUE	TRUE	FALSE	FALSE	FALSE
Unknown_Paracoccus	1.44515274705148	0.414225875792123	-2.41725153372343	0.568750772272215	0.802905163264904	0.693104724824135	2.54092445673165	0.515908845457825	-3.48757041634188	0.0274347934198138	0.616129219388613	0.005080252678059	1	1	1	FALSE	FALSE	FALSE	TRUE	TRUE	TRUE	FALSE	FALSE	FALSE
Pedomicrobium	-0.555472142915264	3.14277285570812	0.269780218801699	0.288367678822714	0.830599072642574	0.519699005068467	-1.92626352989013	3.78374231229189	0.519108592032339	0.0861871689470277	0.00432405475838123	0.616207612534121	1	1	1	FALSE	FALSE	FALSE	TRUE	TRUE	TRUE	FALSE	FALSE	FALSE
Unknown_Pelobacter	-0.621919793361163	1.28730647482999	2.28634747420677	0.238140739097266	0.583366750187627	1.31374437055662	-2.61156405123588	2.20668468749026	1.7403290361869	0.0241899308940859	0.0495045819764213	0.109663080915475	1	1	1	FALSE	FALSE	FALSE	TRUE	TRUE	TRUE	FALSE	FALSE	FALSE
Peptococcus	1.64790739572069	-3.34511021124041	-2.80405052970544	0.513328663676514	0.721363935766167	0.650385759803884	3.21023841512805	-4.63720189683109	-4.31136519740371	0.0148531637659771	0.00237742131417136	0.00351721090859202	1	1	1	FALSE	FALSE	FALSE	TRUE	TRUE	TRUE	FALSE	FALSE	FALSE
Unknown_Peptostreptococcus	2.15258278881277	-2.62575411421401	-4.43517675025081	0.554971582927605	0.729233964616602	0.693227607771394	3.8787261456837	-3.60070188940598	-6.39786514635378	0.0116569125676154	0.0155317637491048	0.00138253894174809	1	1	0.671913925689569	FALSE	FALSE	FALSE	TRUE	TRUE	TRUE	FALSE	FALSE	FALSE
Phascolarctobacterium	1.9392576786068	-2.48224386821236	-2.23718844865072	1.19876338983482	1.38645477381983	1.31142653547839	1.61771513465556	-1.79035329177996	-1.70591976609245	0.128025548066246	0.0950390673120913	0.110099006661933	1	1	1	FALSE	FALSE	FALSE	TRUE	TRUE	TRUE	FALSE	FALSE	FALSE
Phenylobacterium	-0.440608245205031	4.53355586254324	-0.0291516954570847	0.49453973380064	1.22603732510895	0.937836753792619	-0.890946096118233	3.69773070500962	-0.0310839763308433	0.386159990383627	0.001951697407051	0.975587015482172	1	0.86265025391654	1	FALSE	FALSE	FALSE	TRUE	TRUE	TRUE	FALSE	FALSE	FALSE
Unknown_Photobacterium	2.92259990938181	-4.74814223147643	-0.7711378619292	0.300915145147484	0.633919831142413	0.550236562886559	9.71237226344787	-7.49013045217345	-1.4014660492276	6.83907628646558e-05	0.000292674733143296	0.210624522748061	0.0344689444837865	0.140776546641925	1	TRUE	FALSE	FALSE	FALSE	TRUE	TRUE	FALSE	FALSE	FALSE
Phycicoccus	-0.263280940891623	1.85218594248929	-0.0765570295460823	0.221951194423124	0.694169265203333	0.466019594656708	-1.18621096667634	2.66820505506933	-0.164278563442118	0.280377426222182	0.0371153464983136	0.874906314879433	1	1	1	FALSE	FALSE	FALSE	TRUE	TRUE	TRUE	FALSE	FALSE	FALSE
Pigmentiphaga	1.32689211773279	-0.852105549428746	-0.941329956362064	0.297194389461798	0.897041855332066	0.807899897333945	4.46472801904409	-0.949906121284959	-1.16515667283588	0.00209785448286276	0.369970045375255	0.277519173279723	0.910468845562439	1	1	FALSE	FALSE	FALSE	TRUE	TRUE	TRUE	FALSE	FALSE	FALSE
Pirellula	-1.11106923626032	3.68307116901913	-0.117933873275415	0.189314059721624	0.657772454063521	0.459118193607014	-5.86892087092785	5.59930891946938	-0.256870398336603	0.00203748912683	0.00250957269497804	0.807514003054205	0.886307770171049	1	1	FALSE	FALSE	FALSE	TRUE	TRUE	TRUE	FALSE	FALSE	FALSE
Planctomyces	-1.4545421993224	5.06255962336482	2.71189231610949	0.212992772217362	0.600955595459303	1.05856668665413	-6.82906834903307	8.42418252133183	2.56185307009908	4.05091834372361e-06	2.8189076224395e-07	0.0208961544056137	0.00211457937542373	0.00014771075941583	1	TRUE	TRUE	FALSE	FALSE	FALSE	TRUE	FALSE	FALSE	FALSE
Planomicrobium	2.08570128859466	-2.67838073176377	-2.1913977933045	0.230064949043715	0.533880294831807	0.509116570258725	9.06570643317923	-5.01681885938038	-4.30431441701232	0.000820564652279627	0.007401948665576	0.0126025400356181	0.382383127962306	1	1	FALSE	FALSE	FALSE	TRUE	TRUE	TRUE	FALSE	FALSE	FALSE
Polaribacter	-0.581620145146369	1.3538572811765	3.27297511861283	0.376021995256781	0.830049965986788	1.41939851182095	-1.54677160507376	1.63105516132032	2.30588879117108	0.140331198284291	0.121264319906174	0.0339850028719856	1	1	1	FALSE	FALSE	FALSE	TRUE	TRUE	TRUE	FALSE	FALSE	FALSE
Unknown_Polaromonas	-0.0932311615417013	4.12661621867605	-1.40312921600463	0.395985144214583	1.28724078939135	0.550703967360689	-0.235441058594814	3.20578422676246	-2.54788289020195	0.817275553445085	0.00634710376811292	0.0232124966251997	1	1	1	FALSE	FALSE	FALSE	TRUE	TRUE	TRUE	FALSE	FALSE	FALSE
Unknown_Polynucleobacter	-0.390974303551447	4.99562316806974	-0.518451589440092	0.578950225225713	1.63335931965002	0.709092332488558	-0.675315919255441	3.05849613613504	-0.731148209741018	0.509117866882919	0.00750424998073478	0.475260891609414	1	1	1	FALSE	FALSE	FALSE	TRUE	TRUE	TRUE	FALSE	FALSE	FALSE
Unknown_Porphyromonas	3.32121849206697	-4.57359204500137	-5.18447572705294	0.758125267177023	0.961855783429476	0.90179376266648	4.38083076222213	-4.75496651763566	-5.74907028822551	0.000465407713066167	0.000215228185396638	2.98878687802277e-05	0.221999479132562	0.104600898102766	0.0155416917657184	FALSE	FALSE	TRUE	FALSE	FALSE	FALSE	FALSE	FALSE	FALSE
Unknown_Prevotella	2.58623721921663	-3.34525906510164	-3.37061914069872	0.678116713624068	0.902159344708978	0.872141589927812	3.81385264108146	-3.70805787771423	-3.86476138694144	0.00138845666621122	0.00174699800840699	0.00124320752850321	0.631747783126104	0.782655107766331	0.605442066381064	FALSE	FALSE	FALSE	TRUE	FALSE	TRUE	FALSE	FALSE	FALSE
Prochlorococcus	-1.50323966953336	4.80380162087082	3.47008658349087	0.474225858027959	0.985921892827288	1.50767261289642	-3.16988127932225	4.87239573014771	2.30161810581968	0.00559868172464667	0.00014323309024447	0.0342761257635113	1	0.0701842142197901	1	FALSE	FALSE	FALSE	TRUE	TRUE	TRUE	FALSE	FALSE	FALSE
Propionigenium	-1.20464554895762	1.14485408196893	3.31475838463597	0.190408159538217	0.526903318230435	0.643041512910644	-6.32664877324144	2.1727972520914	5.15481243136567	0.00798372506367354	0.118145166440256	0.0141551286385589	1	1	1	FALSE	FALSE	FALSE	TRUE	TRUE	TRUE	FALSE	FALSE	FALSE
Unknown_Prosthecobacter	-1.05609972736884	4.0027231134539	-0.091251477285659	0.228459222488907	0.738288094606076	0.534949638659633	-4.62270560086547	5.42162760404474	-0.170579566170562	0.0017041759476951	0.000629578868576086	0.868789558323535	0.758358296724319	0.296531647099336	1	FALSE	FALSE	FALSE	TRUE	FALSE	TRUE	FALSE	FALSE	FALSE
Proteus	0.478103377662201	0.424496781933638	0.521650600416371	0.290830267893949	0.683732139911556	0.73508913113561	1.64392578917041	0.620852461299462	0.70964265191963	0.120981749670369	0.544016012495452	0.488811122999296	1	1	1	FALSE	FALSE	FALSE	TRUE	TRUE	TRUE	FALSE	FALSE	FALSE
Providencia	0.164900338951622	0.934057149538852	1.13440694798423	0.479918879725658	0.767887419356968	0.886675874693985	0.343600441486874	1.21639855790454	1.27939304582494	0.735359705482775	0.240453107549531	0.217945681747534	1	1	1	FALSE	FALSE	FALSE	TRUE	TRUE	TRUE	FALSE	FALSE	FALSE
Unknown_Pseudanabaena	-0.319393908832845	1.83447820097315	-1.39922842367159	0.190359394474067	0.835442077620639	0.473864110256173	-1.67784684183978	2.19581734044063	-2.95280523126168	0.191969836540909	0.115623217765879	0.059889325794415	1	1	1	FALSE	FALSE	FALSE	TRUE	TRUE	TRUE	FALSE	FALSE	FALSE
Unknown_Pseudoalteromonas	-0.159667341034218	-1.58096639744872	2.30374202951236	0.209378660719385	0.588613565747559	0.690761946994305	-0.762576952616046	-2.68591566597831	3.33507373927672	0.46523177390042	0.0249629719663849	0.00872831598261888	1	1	1	FALSE	FALSE	FALSE	TRUE	TRUE	FALSE	FALSE	FALSE	FALSE
Pseudoclavibacter	1.1143872603739	-0.148197683414438	-2.59544254068177	0.294027206057071	0.971721532721412	0.510133190552322	3.79008213327579	-0.152510445044265	-5.08777430825796	0.0127573470607602	0.884747671932771	0.00380930309015539	1	1	1	FALSE	FALSE	FALSE	TRUE	TRUE	TRUE	FALSE	FALSE	FALSE
Unknown_Pseudomonas	0.496532658565906	0.258682639317381	0.591777974454514	0.980614091022476	1.24237113759001	1.12870764640524	0.506348688145178	0.208216877783543	0.524296948230338	0.619115448280916	0.837533821016817	0.606841338448826	1	1	1	FALSE	FALSE	FALSE	TRUE	TRUE	TRUE	FALSE	FALSE	FALSE
Unknown_Pseudonocardia	2.05521412991527	-2.64206839893794	-2.2763257525038	0.367907168715786	0.665705575516782	0.563989868857673	5.58623018162212	-3.96882420112964	-4.03611106900619	0.00139849065564557	0.00737687599150901	0.00683276603974484	0.632586402610385	1	1	FALSE	FALSE	FALSE	TRUE	TRUE	TRUE	FALSE	FALSE	FALSE
Pseudoruegeria	-0.21319820673271	-0.313146962908815	2.26928520122038	0.184732392198362	0.544520529353749	0.920042077617561	-1.15409216648795	-0.575087523844998	2.4665015399042	0.286338401402816	0.58323571387108	0.0430531219051449	1	1	1	FALSE	FALSE	FALSE	TRUE	TRUE	TRUE	FALSE	FALSE	FALSE
Unknown_Pseudoxanthomonas	1.65988678117019	-1.38947710908814	-2.505752564565	0.373947601973607	0.610660365110926	0.565452551997448	4.43882183602649	-2.27536809079748	-4.4314108331698	0.0113442863164889	0.0852210141846206	0.0114095365101405	1	1	1	FALSE	FALSE	FALSE	TRUE	TRUE	TRUE	FALSE	FALSE	FALSE
Unknown_Psychrobacter	1.31062327089797	-2.31395602786831	0.571497232240471	0.613449883595257	0.803555064104701	1.27893453872223	2.13647977764177	-2.87964836665731	0.446854170356092	0.055946435420772	0.0149807058393219	0.663650412028495	1	1	1	FALSE	FALSE	FALSE	TRUE	TRUE	TRUE	FALSE	FALSE	FALSE
Psychroserpens	-0.834902996084198	0.331567509132071	3.45279695703403	0.186283286908707	0.636071160589511	0.846413649698762	-4.48189963758457	0.521274237342837	4.0793257035291	0.00092848865199684	0.612508935420583	0.00182229046546635	0.430818734526534	1	0.863765680631052	FALSE	FALSE	FALSE	TRUE	TRUE	TRUE	FALSE	FALSE	FALSE
Ralstonia	-0.125073075931261	0.235040761609898	1.96924340956913	0.191953213385129	0.498800903223808	1.08042527413087	-0.651581047931291	0.471211579792262	1.82265581592698	0.529360801352065	0.647601228684716	0.0983493222183583	1	1	1	FALSE	FALSE	FALSE	TRUE	TRUE	TRUE	FALSE	FALSE	FALSE
Ramlibacter	-0.27531468830247	2.30066552125671	-0.695304188829275	0.222139517972319	0.647973098080744	0.458750298479607	-1.23937735534646	3.55055715749796	-1.51564847180189	0.255144064970646	0.00933677014130555	0.173386749868541	1	1	1	FALSE	FALSE	FALSE	TRUE	TRUE	TRUE	FALSE	FALSE	FALSE
Unknown_Reinekea	0.451890742936215	-1.25085470306554	1.41240842694375	0.207540965798918	0.516898987891827	0.651042121312349	2.17735684710093	-2.41992097559942	2.16945782877561	0.0574212317550432	0.0386156353519031	0.0581648209054811	1	1	1	FALSE	FALSE	FALSE	TRUE	TRUE	FALSE	FALSE	FALSE	FALSE
Rheinheimera	1.01115956901655	-0.0708649686761742	-0.930854951067391	0.351917270817857	1.4428996528057	0.548844446848437	2.8732877095421	-0.0491128877454356	-1.69602690965086	0.0165750848760974	0.961796420912393	0.120736865834325	1	1	1	FALSE	FALSE	FALSE	TRUE	TRUE	TRUE	FALSE	FALSE	FALSE
Unknown_Rhizobium	0.154717495298312	2.43041690245362	-0.243037459411158	0.65650165164489	0.824560218014645	1.27032848715674	0.235669620800895	2.94753111944391	-0.191318593472722	0.816876440293685	0.009983386877745	0.850841603903651	1	1	1	FALSE	FALSE	FALSE	TRUE	TRUE	TRUE	FALSE	FALSE	FALSE
Unknown_Rhodobacter	-0.424039747281257	4.97661140057344	-1.03169538485164	0.388723868118095	0.658280912387991	0.553618360059995	-1.09085081225945	7.56001170157009	-1.86354980123824	0.295144777594192	4.13090427629055e-06	0.0851258648732043	1	0.00213154660656592	1	FALSE	TRUE	FALSE	TRUE	FALSE	TRUE	FALSE	FALSE	FALSE
Unknown_Rhodococcus	1.74275108929237	-2.57452930559038	-1.32650759078633	0.52108455892146	0.786844228990915	0.671009877811579	3.34446887641329	-3.27196821268178	-1.97688235993273	0.0101634478576394	0.0113228587586226	0.0834503568491525	1	1	1	FALSE	FALSE	FALSE	TRUE	TRUE	TRUE	FALSE	FALSE	FALSE
Rhodoferax	-0.063810863533672	4.35027030254879	-1.55288592148043	0.561930493939497	1.03197667055264	0.73590479823581	-0.113556506048135	4.21547349536415	-2.11017230109544	0.911201725122859	0.00086416163990847	0.0533194907169909	1	0.40097100091753	1	FALSE	FALSE	FALSE	TRUE	TRUE	TRUE	FALSE	FALSE	FALSE
Rhodomicrobium	-1.61525403195262	4.55278189705006	0.401845824502338	0.197550200265299	0.938487163326676	0.480638678844106	-8.17642315615688	4.85119250956157	0.836066347112851	7.92774675004515e-05	0.00185378207619589	0.430728473946531	0.0397972886852266	0.825514648758374	1	TRUE	FALSE	FALSE	FALSE	TRUE	TRUE	FALSE	FALSE	FALSE
Rhodopirellula	-1.96345521162449	5.18596889851408	4.22060912577508	0.461127146256712	0.771026638468019	0.978645353515756	-4.25794756947887	6.7260567142249	4.31270542552791	0.000601136150635889	4.8680203404007e-06	0.000536274718279036	0.28373626310014	0.00250703047530636	0.269209908576076	FALSE	TRUE	FALSE	TRUE	FALSE	TRUE	FALSE	FALSE	FALSE
Unknown_Rhodoplanes	-0.205786448475827	3.56271807723875	0.179478799659146	0.294344852593671	0.581144238339635	0.648728236363137	-0.699133844748783	6.13052292735046	0.276662536943558	0.493923696851148	1.11002236315449e-05	0.785374859196803	1	0.00566111405208789	1	FALSE	TRUE	FALSE	TRUE	FALSE	TRUE	FALSE	FALSE	FALSE
Rhodopseudomonas	-0.0622678259377086	1.79971831880937	-1.74861069142577	0.327574152288472	0.795947206648894	0.51725359178123	-0.190087726710725	2.26110262562081	-3.38056751893052	0.854635316289535	0.0582366025183952	0.0117495943033346	1	1	1	FALSE	FALSE	FALSE	TRUE	TRUE	TRUE	FALSE	FALSE	FALSE
Rhodovibrio	-0.959330347811616	-0.471823400205255	3.28426606052034	0.242693799123391	0.514555332130908	1.118536051391	-3.95284243469224	-0.91695366998008	2.93621833327238	0.00551191680153822	0.389665053038093	0.0218303260283212	1	1	1	FALSE	FALSE	FALSE	TRUE	TRUE	TRUE	FALSE	FALSE	FALSE
Roseateles	-0.465238029970173	4.51869544427179	-0.965333441257744	0.520315598280345	0.84687061589529	0.734559534901857	-0.894145844383284	5.335756560044	-1.31416637507363	0.387498481390161	0.000135267819764107	0.211506860432585	1	0.0664164995041765	1	FALSE	FALSE	FALSE	TRUE	TRUE	TRUE	FALSE	FALSE	FALSE
Unknown_Roseburia	2.67854184627623	-3.61919214474177	-3.45002366453059	1.02415931366659	1.17737529954522	1.20286949748256	2.61535662521759	-3.07394944172835	-2.86816123590384	0.0180956489303848	0.00687771833809318	0.0106572349647271	1	1	1	FALSE	FALSE	FALSE	TRUE	TRUE	TRUE	FALSE	FALSE	FALSE
Roseococcus	-1.34905286294377	3.08285795495588	0.304601913228875	0.186822643707983	0.540886042430718	0.465389512679519	-7.22103507459423	5.69964412670302	0.654509620285821	0.00195061606728548	0.0046828018850046	0.548508032212547	0.854369837471041	1	1	FALSE	FALSE	FALSE	TRUE	FALSE	TRUE	FALSE	FALSE	FALSE
Roseomonas	0.334186420497209	2.42414600172658	-2.87664809427796	0.664069516562931	1.06832508697658	0.76523928001085	0.50324011592473	2.26910893629489	-3.75914850350753	0.62471969466682	0.0443769227540057	0.00315932987668248	1	1	1	FALSE	FALSE	FALSE	TRUE	TRUE	TRUE	FALSE	FALSE	FALSE
Unknown_Rothia	1.77261887361667	-1.2511835401538	-2.40362092615539	1.01924387190682	1.29758148509922	1.16550679384462	1.73915087691468	-0.964242750472139	-2.06229679556534	0.100082069194324	0.348441318663459	0.054804953603133	1	1	1	FALSE	FALSE	FALSE	TRUE	TRUE	TRUE	FALSE	FALSE	FALSE
Rubrivivax	-1.36599049455278	4.38475824186513	-0.850708674346675	0.362462129838166	0.824923254357798	0.539848367396414	-3.76864334810003	5.31535293580572	-1.57582892849983	0.00699532954090441	0.00110481954918742	0.159068808174705	1	0.504902533978653	1	FALSE	FALSE	FALSE	TRUE	TRUE	TRUE	FALSE	FALSE	FALSE
Unknown_Ruminococcus	2.31724030914313	-2.86202479092306	-2.87665800226922	1.05602329049639	1.20380511964633	1.31610852745041	2.19430795702801	-2.37748182343992	-2.18573008400906	0.0423965388048496	0.0294353065460283	0.0431169104750937	1	1	1	FALSE	FALSE	FALSE	TRUE	TRUE	TRUE	FALSE	FALSE	FALSE
SA-8	-1.24628882392862	2.77777375129321	0.707638285832545	0.186822643707983	0.715517443723765	0.465389512679519	-6.6709730640396	3.88218872322225	1.52052907629624	0.00262410988175296	0.0178081689120378	0.203016488190004	1	1	1	FALSE	FALSE	FALSE	TRUE	TRUE	TRUE	FALSE	FALSE	FALSE
Salegentibacter	-0.247657820194792	1.76438336400749	1.77764592878471	0.225642477900799	0.540142517253335	0.845450283860476	-1.09756736629914	3.26651449876508	2.10260255714583	0.352592388913896	0.0469002229307861	0.126252079221394	1	1	1	FALSE	FALSE	FALSE	TRUE	TRUE	TRUE	FALSE	FALSE	FALSE
Unknown_Salinicoccus	1.79877726693228	-1.92983866232671	-1.72831278248711	0.501315635294719	0.675182284532447	1.05033240401599	3.58811323703239	-2.85824836719923	-1.64549125198732	0.00887946321426315	0.0243986723053735	0.143864867590364	1	1	1	FALSE	FALSE	FALSE	TRUE	TRUE	TRUE	FALSE	FALSE	FALSE
Salinimonas	-0.658306548006033	0.506286061416034	3.28303623947942	0.32421721422985	0.756856338738552	1.27100595801196	-2.03044909126674	0.668932841680176	2.58302191172619	0.0632860227198042	0.51524229372166	0.0227260711657351	1	1	1	FALSE	FALSE	FALSE	TRUE	TRUE	TRUE	FALSE	FALSE	FALSE
SargSea-WGS	-0.113809873942871	-2.2252042177146	2.1803397169003	0.191465480225647	0.518955874262455	0.814397106777102	-0.594414584857508	-4.28784859768104	2.6772439375783	0.584224789663445	0.0127679088021359	0.0553870304690993	1	1	1	FALSE	FALSE	FALSE	TRUE	TRUE	TRUE	FALSE	FALSE	FALSE
Schlegelella	0.0235975074457613	3.14392455120714	-1.12621174507746	0.694143903934371	1.09997707842423	0.825892356018207	0.0339951230746418	2.85817278639203	-1.36363018360789	0.97339746847202	0.0134446363532545	0.195831945509761	1	1	1	FALSE	FALSE	FALSE	TRUE	TRUE	TRUE	FALSE	FALSE	FALSE
Sediminicola	-0.825384725382735	1.01453973903297	2.86887123955622	0.28443594284595	0.65720600741671	1.50059580554482	-2.90182990632011	1.54371647182721	1.91182144382618	0.0157840491164519	0.15368808323456	0.0849490118870936	1	1	1	FALSE	FALSE	FALSE	TRUE	TRUE	TRUE	FALSE	FALSE	FALSE
Segetibacter	0.607571178171839	1.47838512426938	-1.41658075646853	0.664303547643438	0.944873796412185	0.785906594873376	0.914598725728843	1.5646376583656	-1.80247979303032	0.378413684929068	0.143644226071816	0.0966236366646992	1	1	1	FALSE	FALSE	FALSE	TRUE	TRUE	TRUE	FALSE	FALSE	FALSE
Sejongia	1.69634338603732	-1.82351693955079	-2.85507692352368	0.368176635673414	0.752569526943748	0.567552428677771	4.60741726029034	-2.42305444781462	-5.03050780731424	0.0192286119551212	0.0939117126542362	0.0151377719878493	1	1	1	FALSE	FALSE	FALSE	TRUE	TRUE	TRUE	FALSE	FALSE	FALSE
Unknown_Selenomonas	3.09921223932501	-3.72031514482235	-4.54003255894229	0.740017609442309	0.954033203601786	0.835157710919748	4.18802498721704	-3.89956568678842	-5.43613798876672	0.00186379365826003	0.00296309952049241	0.000286402439473992	0.820069209634415	1	0.145492439252788	FALSE	FALSE	FALSE	TRUE	TRUE	TRUE	FALSE	FALSE	FALSE
Serinicoccus	1.59284379506846	-3.14906727610467	-1.97326597964678	0.375524959190261	0.595509441407659	0.591496954522296	4.24164561126133	-5.28802241768147	-3.33605433563125	0.00542990475888174	0.00185092970573626	0.0156883336158599	1	0.825514648758374	1	FALSE	FALSE	FALSE	TRUE	TRUE	TRUE	FALSE	FALSE	FALSE
Unknown_Serratia	1.13268009189293	-1.0596451339477	-0.0789591759701848	0.565714705572079	1.0361652413243	1.1295557831634	2.0022107976626	-1.02266037470374	-0.0699028566336531	0.0665762288098126	0.3251230256733	0.945334839580354	1	1	1	FALSE	FALSE	FALSE	TRUE	TRUE	TRUE	FALSE	FALSE	FALSE
SGSH944	-0.165580103078558	-0.890162678552156	2.47574800644772	0.37873351256416	0.63899873394122	1.21064826854397	-0.43719422122833	-1.39305859506451	2.04497711744574	0.672273036190902	0.19704898279593	0.0711898297846741	1	1	1	FALSE	FALSE	FALSE	TRUE	TRUE	TRUE	FALSE	FALSE	FALSE
Shinella	0.780776233560019	-1.62401108251807	0.282840904778162	0.271369620419653	0.528125680098454	0.730983679622765	2.87716890473077	-3.07504661052521	0.386931901029755	0.0206008823636385	0.015230878018161	0.708896092413939	1	1	1	FALSE	FALSE	FALSE	TRUE	TRUE	TRUE	FALSE	FALSE	FALSE
Unknown_Simonsiella	1.74750075440125	-3.39657505496195	-3.4403637753024	0.538323382280425	0.727085095183207	0.689636533750461	3.24619143793932	-4.67149591906584	-4.9886622980842	0.0476267746060194	0.0185236677336098	0.015488502311445	1	1	1	FALSE	FALSE	FALSE	TRUE	TRUE	TRUE	FALSE	FALSE	FALSE
Simplicispira	-1.20899997260939	4.11056559070732	-0.342658384704672	0.228262211669699	0.524263384946444	0.46369713408372	-5.29654016652937	7.84064977402005	-0.738970244838317	0.00112759585099163	0.00010362104326599	0.48396130657032	0.51869409145615	0.051292416416665	1	FALSE	FALSE	FALSE	TRUE	FALSE	TRUE	FALSE	FALSE	FALSE
SJA-88	-0.814742078070202	2.95408470523257	0.286894557931629	0.179506245126467	0.969394496718001	0.493279355689107	-4.5387951683586	3.04735039783491	0.58160665882893	0.00393827062637352	0.0225886194146385	0.582007600209281	1	1	1	FALSE	FALSE	FALSE	TRUE	TRUE	TRUE	FALSE	FALSE	FALSE
Skermanella	2.63266573559337	-2.81852994728813	-2.63750204838143	0.435013712033844	0.789049611230459	0.611892159006562	6.05191437135332	-3.5720566960205	-4.31040340942357	0.000190042138864785	0.00600488894284138	0.00196053002139878	0.0935007323214741	1	0.925370170100225	FALSE	FALSE	FALSE	TRUE	TRUE	TRUE	FALSE	FALSE	FALSE
Sphaerotilus	-0.13972202857182	2.95984610430169	-0.629888262116477	0.416756805100844	0.744174471429809	0.581442149117252	-0.335260340951148	3.97735506650052	-1.08332060734292	0.743735330055169	0.00216860775921088	0.301840718106172	1	0.943344375256731	1	FALSE	FALSE	FALSE	TRUE	TRUE	TRUE	FALSE	FALSE	FALSE
Unknown_Sphingobacterium	2.33931793125834	-2.48827125434417	-3.60454670982102	0.22099546139209	0.540295433166094	0.486511996141374	10.5853663985792	-4.60539012843967	-7.40895751473637	0.00180124564150196	0.0192514765362698	0.00508658312843476	0.796150573543867	1	1	FALSE	FALSE	FALSE	TRUE	TRUE	TRUE	FALSE	FALSE	FALSE
Unknown_Sphingomonas	0.459726377254589	0.474987369252661	0.534211637212837	0.767461949676682	1.18887118860049	1.02044651909907	0.599021720162496	0.399528034497836	0.523507726484755	0.55705747463869	0.694478972592093	0.607378559424056	1	1	1	FALSE	FALSE	FALSE	TRUE	TRUE	TRUE	FALSE	FALSE	FALSE
Spirochaeta	-1.09798709704772	-0.504574444420293	3.8240842494378	0.183955881299924	0.490379301453476	0.995834548652492	-5.96875234044597	-1.02894727188677	3.84007991549635	0.000559454135527007	0.337739938735124	0.00637387860352802	0.265181260239801	1	1	FALSE	FALSE	FALSE	TRUE	TRUE	TRUE	FALSE	FALSE	FALSE
Spirosoma	0.770801380000285	0.908542248321937	-1.13837769406061	0.444112600767469	1.18857916001179	0.613835075509378	1.73559898698724	0.764393553991745	-1.85453347239232	0.157647004790967	0.487236302274587	0.137266644708713	1	1	1	FALSE	FALSE	FALSE	TRUE	TRUE	TRUE	FALSE	FALSE	FALSE
Spongiibacter	-1.70664991291276	0.710297035657956	4.65758735213524	0.166653256566502	0.471368021821606	0.628262304864059	-10.2407234522401	1.50688422373883	7.41344390086085	1.27762471562726e-06	0.162760727627795	2.27934624276271e-05	0.000668197726273055	1	0.0118753939247937	TRUE	FALSE	TRUE	FALSE	TRUE	TRUE	FALSE	FALSE	TRUE
Sporichthya	-1.47400099281553	3.2822495253241	1.45304489833092	0.186219138282628	0.687135829631026	0.45790707284652	-7.91541087779287	4.77671136300167	3.17323095556978	0.000518078847748971	0.00498511234153018	0.0247251429505283	0.246087452680761	1	1	FALSE	FALSE	FALSE	TRUE	TRUE	TRUE	FALSE	FALSE	FALSE
Sporosarcina	2.1088083072962	-3.27176480133447	-1.89079234433509	0.218313553919823	0.510054534406997	0.745211594797268	9.65953908693489	-6.41453919263421	-2.53725567011538	2.68699158368221e-05	0.000362240684986075	0.0388192927282987	0.0137573969084529	0.172788806738358	1	TRUE	FALSE	FALSE	FALSE	TRUE	TRUE	FALSE	FALSE	FALSE
Unknown_Staphylococcus	2.01180166708795	-1.98747371449135	-2.88126046185285	1.11790255230484	1.2524010580734	1.19002900382599	1.7996216780614	-1.58693072133676	-2.4211682678233	0.0908052398432236	0.132091446949098	0.027724857700878	1	1	1	FALSE	FALSE	FALSE	TRUE	TRUE	TRUE	FALSE	FALSE	FALSE
Stenotrophomonas	0.847152807258828	0.0203617481622711	-0.434071189972268	0.779623942414565	1.20805905759429	0.86491370274153	1.08661722808964	0.0168549277738285	-0.501866473610473	0.298551278159725	0.986829348263352	0.624842498119003	1	1	1	FALSE	FALSE	FALSE	TRUE	TRUE	TRUE	FALSE	FALSE	FALSE
Steroidobacter	0.782757906373346	0.00550439897668299	-0.21543397446529	0.475131447163914	0.624398916783708	0.700160402722654	1.64745548004804	0.00881551653714626	-0.307692313971985	0.121717179273261	0.993090715188271	0.762846355494273	1	1	1	FALSE	FALSE	FALSE	TRUE	TRUE	TRUE	FALSE	FALSE	FALSE
Stigmatella	0.272431847879462	1.03522052412928	-0.790008531407003	0.327461698775921	0.657412465671165	0.522337044895693	0.831950267459784	1.5746895262663	-1.51244974701108	0.43289814473473	0.159329455238016	0.174179888500576	1	1	1	FALSE	FALSE	FALSE	TRUE	TRUE	TRUE	FALSE	FALSE	FALSE
Unknown_Streptococcus	2.41680466572869	-2.88998768238014	-3.18523678134015	0.719009413861488	1.06900610073314	0.872706235566984	3.36129766750769	-2.70343422773561	-3.64983845826511	0.0037053771801831	0.0150666264766566	0.00198240089918587	1	1	0.933710823516545	FALSE	FALSE	FALSE	TRUE	TRUE	TRUE	FALSE	FALSE	FALSE
Streptomyces	-0.321681710611542	1.4381987946756	0.693618366665751	0.221723374485325	0.516461364654346	0.66878150654521	-1.4508245301527	2.78471710200075	1.03713748044387	0.197021818626642	0.0317983928591443	0.339650402698537	1	1	1	FALSE	FALSE	FALSE	TRUE	TRUE	TRUE	FALSE	FALSE	FALSE
Sutterella	-0.0221503247465919	2.04171465835212	0.710550124200296	0.501647211139398	0.668214271244992	0.614952286289571	-0.0441551836723693	3.055478977646	1.15545569964059	0.965506958723482	0.00998255875254046	0.270392597841351	1	1	1	FALSE	FALSE	FALSE	TRUE	TRUE	TRUE	FALSE	FALSE	FALSE
Syntrophobacter	-0.820822524184891	5.30365340882657	0.0806489204579101	0.346080909728312	0.989701404313923	0.716998093915041	-2.3717648131163	5.35884195547156	0.112481359633107	0.032581858981072	0.000100829439749451	0.912038653896547	1	0.0500114021157279	1	FALSE	FALSE	FALSE	TRUE	TRUE	TRUE	FALSE	FALSE	FALSE
Unknown_Tannerella	1.88010250324403	-2.72992160058868	-3.38600678574435	0.650736176302608	0.797710462268952	0.776446550821383	2.88919315032784	-3.42219605948741	-4.36090131659724	0.0277227515721334	0.0141056414523371	0.00476582558163816	1	1	1	FALSE	FALSE	FALSE	TRUE	TRUE	TRUE	FALSE	FALSE	FALSE
Unknown_Tenacibaculum	-0.500049816971273	1.02692704972747	2.96987785066062	0.317256301055367	0.804707322153816	1.18924095513927	-1.5761698516557	1.27614975215943	2.49728857539458	0.135838967674357	0.22130902782588	0.0246372869349277	1	1	1	FALSE	FALSE	FALSE	TRUE	TRUE	TRUE	FALSE	FALSE	FALSE
Tepidimonas	1.15284759399711	0.475759033638252	-2.69784271160896	0.437522288759037	0.676755668776478	0.608021982000256	2.63494597559128	0.702999702238753	-4.43708088107877	0.0271377001988285	0.499835102550526	0.00163036399969954	1	1	0.776053263856979	FALSE	FALSE	FALSE	TRUE	TRUE	TRUE	FALSE	FALSE	FALSE
Unknown_Thalassomonas	-1.17381795229122	1.02282424372291	3.29812710549034	0.190359394474067	0.570206947461368	0.780390077738218	-6.1663253107854	1.79377723873174	4.22625453548718	0.00858477194743664	0.170741052816893	0.0242286635893605	1	1	1	FALSE	FALSE	FALSE	TRUE	TRUE	TRUE	FALSE	FALSE	FALSE
Thauera	-0.721453085907022	4.43762649295966	0.18954190169737	0.349624408472535	0.722563699124757	0.550847723905025	-2.06350892107035	6.14150212408257	0.344091285979516	0.0596250683704363	3.53574970096191e-05	0.736279728708487	1	0.0177848209958384	1	FALSE	TRUE	FALSE	TRUE	FALSE	TRUE	FALSE	FALSE	FALSE
Unknown_Thermomonas	0.800581622542822	0.346597236011123	-0.887051623935107	0.637448694946218	1.27160382286594	0.727427063200853	1.25591538407709	0.272566997502385	-1.21943720382339	0.231249761128683	0.789467516807865	0.244341706428326	1	1	1	FALSE	FALSE	FALSE	TRUE	TRUE	TRUE	FALSE	FALSE	FALSE
Thermosinus	-1.23505792360165	3.09783701278708	-0.626071397299919	0.193822614353382	0.599851319473155	0.482180910944474	-6.37210434768906	5.16434141631611	-1.29841597435618	0.0237542646760658	0.0355096179223385	0.323694349672339	1	1	1	FALSE	FALSE	FALSE	TRUE	TRUE	TRUE	FALSE	FALSE	FALSE
Thiobacillus	-0.648867869967268	2.52487718085797	0.130765977551518	0.183206980388691	0.657420771810243	0.479891634400375	-3.54172023680884	3.84058017197355	0.272490637839333	0.0165323079574241	0.0121165384372334	0.79613985974441	1	1	1	FALSE	FALSE	FALSE	TRUE	TRUE	TRUE	FALSE	FALSE	FALSE
Thioclava	0.297585932989146	0.549536515644603	0.836451583096378	0.611224066956649	0.789146463672887	0.929178462506871	0.486868808145692	0.696368216727376	0.900205522241313	0.633885346303353	0.49759774067263	0.383234717783812	1	1	1	FALSE	FALSE	FALSE	TRUE	TRUE	TRUE	FALSE	FALSE	FALSE
Thiomonas	-0.793849511914161	0.251138771748601	3.25763592642153	0.186822643707983	0.533696058926672	0.61968834164866	-4.24921463564664	0.470565160727759	5.25689400216034	0.0131663199342926	0.662463713396515	0.00626772185725602	1	1	1	FALSE	FALSE	FALSE	TRUE	TRUE	TRUE	FALSE	FALSE	FALSE
Unknown_Thiothrix	-1.98745893336123	3.05165069053661	4.79267272497661	0.409262448634611	0.801491098986764	0.925758836811733	-4.85619665325228	3.80746672594927	5.17702076869429	0.00031366043685808	0.00217625322610004	0.000178075997910615	0.151184330565594	0.944493900127416	0.0911749109302347	FALSE	FALSE	FALSE	TRUE	TRUE	FALSE	FALSE	FALSE	FALSE
TM3	-2.08910602489183	5.53936101116757	3.13387370124232	0.194477574758679	0.883927868459064	0.809257403036767	-10.7421435478313	6.26675683483568	3.87253016096281	1.64368811559257e-07	4.14889552522747e-05	0.00221768964452555	8.62936260686102e-05	0.0208274555366419	1	TRUE	TRUE	FALSE	FALSE	FALSE	TRUE	FALSE	FALSE	FALSE
Unknown_Treponema	1.43441946171725	0.160493355992576	-3.4284296873044	0.509963280017704	0.725748443049382	0.632696000834113	2.81278970059854	0.22114185366796	-5.4187630122279	0.0183866965253243	0.829432075496631	0.000293520185293146	1	1	0.148814733943625	FALSE	FALSE	FALSE	TRUE	TRUE	TRUE	FALSE	FALSE	FALSE
Tropheryma	-0.0795891225560665	1.97058413077924	0.705871192515138	0.346277250077694	0.780661538319744	0.767374044004045	-0.229842193035232	2.52424902989409	0.919852838430663	0.82153863043094	0.0243000382171812	0.373227772167469	1	1	1	FALSE	FALSE	FALSE	TRUE	TRUE	TRUE	FALSE	FALSE	FALSE
Turicibacter	0.676358527270292	-3.48862745283629	0.959781388949244	0.628060778388328	0.768253113139922	0.743647234564918	1.07689980101273	-4.54098706945415	1.29064070212105	0.31292464013697	0.00189672851349136	0.232876512379984	1	0.842147459990164	1	FALSE	FALSE	FALSE	TRUE	FALSE	TRUE	FALSE	FALSE	FALSE
u114	-0.636985584551051	2.34558356791277	-0.15501483931	0.187153142394978	1.08985182563747	0.465516181277992	-3.40355270768963	2.15220410035171	-0.332995598315046	0.0271882198546605	0.0977396323855347	0.755859674837084	1	1	1	FALSE	FALSE	FALSE	TRUE	TRUE	TRUE	FALSE	FALSE	FALSE
Umboniibacter	1.08159526595446	-2.8888782673299	0.0121421074807475	0.183206980388691	0.507600317821197	0.800324290241415	5.90367934485767	-5.69124597819404	0.0151714843955129	0.00198456262974277	0.00233542326297577	0.988482136275382	0.865269306567847	1	1	FALSE	FALSE	FALSE	TRUE	TRUE	TRUE	FALSE	FALSE	FALSE
Unknown	-0.153997948104905	2.35936472906155	1.00964492190374	0.409834309663331	0.594148967613499	0.63131963189538	-0.375756603275627	3.97099861763346	1.59926108882838	0.711745537484145	0.000987351328211838	0.128181435514068	1	0.452206908321022	1	FALSE	FALSE	FALSE	TRUE	TRUE	TRUE	FALSE	FALSE	FALSE
Unknown_Veillonella	2.0655304383779	-1.85625408980589	-2.8757673506494	1.06183648439912	1.32027398099021	1.15780427652971	1.94524342375254	-1.40596127510874	-2.48381130467833	0.0684758726390488	0.177750191770081	0.0237201626495998	1	1	1	FALSE	FALSE	FALSE	TRUE	TRUE	TRUE	FALSE	FALSE	FALSE
Verminephrobacter	0.589170438508679	1.04592325096153	-1.81716052988087	0.189004835237416	0.720072671930941	0.453711583970249	3.11722415867615	1.45252457388334	-4.00510058389876	0.0206578080543766	0.196568047079739	0.00707775047079927	1	1	1	FALSE	FALSE	FALSE	TRUE	TRUE	TRUE	FALSE	FALSE	FALSE
Verrucomicrobium	-1.10717569163989	2.63433982391118	3.75829521999412	0.404291070164706	0.672229012104787	1.02760633018442	-2.73856083734136	3.91881304804581	3.65732976685698	0.0145726207601487	0.00122428518853678	0.00212555079281996	1	0.553376905218624	0.996883321832559	FALSE	FALSE	FALSE	TRUE	TRUE	TRUE	FALSE	FALSE	FALSE
Unknown_Vibrio	-0.717625424075625	0.787534976351949	3.51114210619593	0.364526834360523	0.594577108414981	1.02401330456332	-1.96864909913842	1.32452959457412	3.42880516351613	0.070691032537876	0.208141172975282	0.00448705028865201	1	1	1	FALSE	FALSE	FALSE	TRUE	TRUE	TRUE	FALSE	FALSE	FALSE
Vogesella	-1.14474372111155	4.21971438870428	0.10370081702104	0.174990025004393	0.54675712200766	0.473776099160624	-6.5417655725394	7.71771270799314	0.218881486855847	0.000180022113792467	5.65019006416557e-05	0.832223256286224	0.0889309242134785	0.0282509503208279	1	FALSE	TRUE	FALSE	TRUE	TRUE	TRUE	FALSE	TRUE	FALSE
WCHB1-05	-1.23734046716706	4.81855845749206	1.40393214577204	0.185773480945376	0.945828362174662	0.561492186760254	-6.66047953061118	5.09453792061507	2.50035918375386	1.5626195767211e-05	0.000205704028977652	0.0265707791993605	0.00806311701588087	0.100383566141094	1	TRUE	FALSE	FALSE	FALSE	TRUE	TRUE	FALSE	FALSE	FALSE
Xenophilus	0.327979858565291	1.08279159226325	-1.41103665867619	0.407694816396372	0.689844053163333	0.56519055283828	0.804473948097541	1.56961792639658	-2.49656801868013	0.444370598355682	0.155143679767111	0.0371401280107739	1	1	1	FALSE	FALSE	FALSE	TRUE	TRUE	TRUE	FALSE	FALSE	FALSE
Unknown_Xenorhabdus	0.643114543427857	0.466160856557892	0.21448624177855	0.243916769054953	0.523498847233481	0.520052609912748	2.63661471869926	0.890471600885845	0.412431814955291	0.0387153672431865	0.407498184698121	0.694354198147518	1	1	1	FALSE	FALSE	FALSE	TRUE	TRUE	TRUE	FALSE	FALSE	FALSE
Yersinia	1.99200633239241	-2.28886424057135	-3.14097257227582	0.218405214809006	0.551019509418387	0.485376248329954	9.12069033761126	-4.15387150808379	-6.47121193730233	0.00278551400026311	0.0253621102127203	0.00748831726983323	1	1	1	FALSE	FALSE	FALSE	TRUE	TRUE	TRUE	FALSE	FALSE	FALSE
Yonghaparkia	0.330934340507061	1.5851203484212	-2.14834144004363	0.352441725912972	0.740394704120201	0.5398701279582	0.938976052423424	2.14091259648429	-3.97936712699535	0.375223444672191	0.0646844044467468	0.00406529325878138	1	1	1	FALSE	FALSE	FALSE	TRUE	TRUE	TRUE	FALSE	FALSE	FALSE
ZA3312c	-0.805605826040386	1.11880611256452	4.04122006983319	0.516621318166925	0.746628475702526	1.31185724304597	-1.5593739509218	1.49847768866811	3.08053341265242	0.142912331117216	0.15789447489046	0.0087692632732173	1	1	1	FALSE	FALSE	FALSE	TRUE	TRUE	TRUE	FALSE	FALSE	FALSE
ZD0117	-1.35218413964773	0.970032529449883	5.14535007538265	0.278999030734542	0.537520620947813	0.678275215794571	-4.84655497220809	1.80464244839467	7.58593260606625	0.000258927364302473	0.0926794753631772	2.52811759416126e-06	0.126356553779607	1	0.00132220550174634	FALSE	FALSE	TRUE	TRUE	TRUE	TRUE	FALSE	FALSE	TRUE
Zymomonas	-1.14506343894347	5.51876741795429	0.270404069035306	0.261785822708408	0.745569035093078	0.569278294410588	-4.3740467955704	7.40208774532235	0.474994517954129	0.000905724372643726	8.2512472521265e-06	0.64331910022975	0.421161833279333	0.00424114108759302	1	FALSE	TRUE	FALSE	TRUE	FALSE	TRUE	FALSE	FALSE	FALSE
Veillonellaparvula_Veillonella	2.33809352201264	-2.42100950949333	-3.31368144635902	0.993413636280305	1.21738135393712	1.07108067383255	2.35359515575737	-1.98870263756181	-3.09377391200793	0.0308858832635207	0.0630776912984379	0.00659188604785398	1	1	1	FALSE	FALSE	FALSE	TRUE	TRUE	TRUE	FALSE	FALSE	FALSE
Vibriofortis_Vibrio	-1.00304926204511	-0.606934710992768	2.70580752908954	0.179506245126466	0.498773633818763	0.803361958947829	-5.58782376255735	-1.21685403926805	3.36810512241998	0.00139643797485736	0.269348271215974	0.0150777233659478	0.632586402610385	1	1	FALSE	FALSE	FALSE	TRUE	TRUE	FALSE	FALSE	FALSE	FALSE
Vibriogallicus_Vibrio	-0.150159861321496	-1.50772029988339	1.69198032400895	0.252783549618917	0.544029526929412	0.808717011573274	-0.594025448047821	-2.771394244708	2.09217847503589	0.574193200868225	0.0323627919780338	0.081352810412759	1	1	1	FALSE	FALSE	FALSE	TRUE	TRUE	TRUE	FALSE	FALSE	FALSE
Williamsia	1.21954935169617	-2.45777890424639	-0.392453844033513	0.394180476152755	0.622312796528585	0.643812291531797	3.09388573376111	-3.94942690871294	-0.609578054342149	0.0364365993068435	0.0168260943401668	0.575069033389985	1	1	1	FALSE	FALSE	FALSE	TRUE	TRUE	TRUE	FALSE	FALSE	FALSE
Xenorhabduscabanillasii_Xenorhabdus	0.617143676510569	-0.772357824458805	0.536055170324755	0.197446563549498	0.522159575311469	0.517378239765367	3.1256237911472	-1.47916051141664	1.03609918068425	0.0353341693678463	0.213186001903962	0.358681025038289	1	1	1	FALSE	FALSE	FALSE	TRUE	TRUE	TRUE	FALSE	FALSE	FALSE
