tax_id	AQC1cm	AQC4cm	AQC7cm	Even1	Even2	Even3	F21Plmr	LMEpi24M	M11Fcsw	M11Plmr	M11Tong	M31Fcsw	M31Plmr	M31Tong	NP2	NP3	NP5	SLEpi20M	TRRsed1	TRRsed2	TRRsed3	TS28	TS29
549322	27	100	130	0	0	0	0	0	0	0	0	0	0	0	1	0	0	1	0	0	0	0	0
46043	0	0	0	0	0	0	0	0	0	0	0	0	0	4	0	3	431	0	0	1	2	0	0
540305	1	1	1	22	0	0	0	2	0	0	0	0	0	1	2	4	5	0	63	1320	2305	4	0
321018	0	0	0	0	0	0	0	0	0	0	0	0	0	0	0	4	1	0	0	9	116	0	0
155526	0	0	0	5	1	0	0	0	0	0	0	0	0	0	0	0	1	0	3	37	426	1	0
197473	0	0	1	0	0	0	0	0	0	0	0	0	0	0	0	1	3	0	0	2	98	0	0
315545	2	2	0	1	0	1	1	0	0	0	1	0	0	10	1	117	727	0	217	921	694	0	0
348549	0	0	0	4	1	0	0	0	0	1	0	1	0	8	1	47	771	0	176	440	340	0	0
108964	1	0	1	21	0	2	6	1	0	2	0	0	0	1	3	7	1	0	166	3437	6404	10	3
568724	0	0	0	1	0	0	0	0	0	0	0	0	0	0	1	10	2	0	3	151	117	0	0
175045	0	1	2	27	1	0	2	3	1	0	0	0	0	0	1	6	3	0	83	1692	3030	5	0
71074	0	1	0	4	3	30	58	1	0	48	0	1	23	2	0	1	0	1	9	118	51	0	1
142115	3	81	72	0	0	0	0	0	0	0	0	0	0	0	1	0	0	0	0	0	0	0	0
238793	17	196	246	0	0	0	0	0	0	0	0	0	0	0	0	0	0	0	1	0	0	0	0
515691	18	187	213	0	0	0	0	0	0	0	0	0	0	0	1	0	0	2	0	0	0	0	0
525464	10	94	114	0	0	0	0	0	0	0	0	0	0	0	1	0	0	0	0	0	0	0	0
455926	8	122	139	0	0	0	0	0	0	0	0	0	0	1	0	0	0	1	0	0	2	0	0
246371	143	1730	1874	2	0	0	0	10	0	0	1	0	0	0	10	0	0	13	1	1	1	0	1
254458	63	796	840	1	0	0	0	4	0	0	2	0	0	0	4	0	0	2	1	0	0	0	0
245697	646	6350	6459	6	1	1	0	19	1	0	1	1	0	2	42	2	3	31	0	2	0	0	0
45742	28	321	205	0	0	0	0	1	0	0	0	0	0	0	2	0	0	0	0	1	0	0	0
251993	6	60	43	0	0	0	0	0	0	0	0	0	0	0	1	0	0	1	0	0	0	0	0
462098	6	113	81	1	0	0	0	1	0	0	0	0	0	0	0	0	0	1	0	0	0	0	0
570593	11	124	133	0	0	0	0	0	0	0	0	0	0	0	0	0	0	1	0	0	0	0	0
104332	0	14	10	0	0	0	0	0	0	0	0	0	0	0	0	0	0	0	0	2	86	0	1
200619	1	10	6	2	0	0	0	0	0	0	0	0	0	0	0	0	2	0	0	1	233	1	0
236606	5	90	100	0	0	0	0	0	0	0	0	0	0	0	0	0	0	0	0	0	0	0	0
248224	9	53	66	0	0	0	0	0	0	0	0	0	0	0	0	0	0	0	0	0	0	0	0
146124	0	0	0	0	0	0	0	0	0	0	0	0	0	0	0	1	170	0	1	0	0	0	0
62881	237	600	691	3	0	0	0	2	0	0	1	0	0	1	3	1	0	2	0	0	0	0	0
329648	37	166	210	0	0	0	0	0	0	0	0	0	0	0	1	0	0	0	0	0	0	0	0
547371	194	257	265	0	1	0	0	2	0	0	0	0	0	0	4	0	0	2	0	0	0	0	0
140729	98	132	125	1	0	0	0	1	0	0	0	0	0	0	2	0	0	0	0	0	0	0	0
319002	1784	9254	11824	21	5	1	0	46	0	0	6	1	0	3	73	9	8	51	0	2	0	2	1
219191	29	150	186	0	0	0	0	0	0	0	1	0	0	0	1	0	0	0	0	0	0	0	0
410763	2	62	48	0	0	0	0	0	0	0	0	0	0	0	0	0	0	0	0	0	0	0	0
412056	26	110	129	1	0	0	0	1	0	0	0	0	0	0	1	0	0	2	0	0	0	0	0
250392	160	56	16	10	5	8	1	7	0	11	11	2	2	194	1396	42696	24854	2	56	14	1	3	1
308755	0	0	0	0	0	0	0	0	0	0	0	0	0	4	59	18	1014	0	1	0	0	0	0
255494	1	9	1	0	0	0	0	0	0	2	2	0	0	30	60	159	3386	0	8	2	0	0	0
146866	1	1	0	0	0	0	1	0	0	0	0	0	0	13	34	23	1026	0	2	1	0	0	1
155847	1	6	1	0	0	1	0	0	0	0	1	0	0	15	94	16	1369	0	4	0	0	0	1
715	1	0	1	0	0	0	0	0	0	0	0	0	0	5	0	21	187	0	2	0	0	0	0
79	23	70	86	0	0	0	0	0	0	0	0	0	0	0	0	1	0	0	0	0	0	0	0
77878	634	2083	2518	2	0	1	0	20	0	1	2	0	0	2	17	3	1	22	1	1	0	1	2
101553	26	71	59	0	0	0	0	0	0	0	0	0	0	0	1	0	0	2	0	0	1	0	1
134	62	369	291	1	0	0	0	2	0	0	0	0	0	0	3	1	0	1	0	0	0	0	0
227785	7	0	0	2	0	2	0	1	54	0	0	27	0	4	0	1	1	0	0	1	11	1566	1668
228569	21	98	65	0	0	0	0	0	0	0	0	0	0	0	0	0	0	0	0	0	0	0	0
246686	21	125	89	0	0	0	0	1	0	0	0	0	0	0	1	0	0	1	0	0	0	0	0
368907	0	0	0	0	0	0	20	1	0	292	2	0	254	1	0	0	0	0	0	0	0	0	0
263308	0	1	0	0	0	0	29	0	0	62	0	0	12	0	0	0	0	0	0	6	4	0	0
586825	25	42	30	1	0	1	17	0	0	41	1	0	31	0	0	2	0	1	0	4	1	0	0
204284	0	0	0	0	1	0	22	0	0	71	1	0	10	0	0	1	0	1	0	0	1	0	0
154113	0	0	0	0	0	0	23	0	0	67	2	0	12	2	0	0	0	0	0	2	0	0	0
559914	0	0	0	0	0	0	0	0	0	41	0	1	4	0	0	85	0	1	0	1	0	0	0
531515	0	1	0	0	0	0	19	1	0	64	0	0	12	0	0	0	0	0	0	4	1	0	0
365828	20	11	7	0	1	2	48	0	0	104	0	0	26	0	0	14	0	0	1	6	3	0	0
137878	1	0	0	1	1	1	95	0	1	111	1	0	31	2	0	0	0	0	0	0	0	0	0
208818	0	1	0	0	1	1	39	0	0	80	1	0	6	0	0	0	0	5	0	2	0	0	0
271885	7	82	91	0	0	0	0	0	0	0	1	0	0	0	0	0	0	1	0	0	0	0	0
67031	33	269	292	1	0	0	0	0	0	0	0	0	0	0	2	0	0	0	0	1	0	0	0
12812	302	632	94	44	15	31	12	38	13	12	115	7	7	1888	15527	15682	161687	23	297	36	17	28	14
335721	0	9	0	0	1	0	0	0	0	0	0	0	1	1	202	1	63	0	0	0	0	0	0
241082	3	30	9	1	0	1	0	1	1	0	0	0	0	2	898	0	215	0	0	3	0	0	0
349592	6	49	11	5	0	0	1	0	0	1	2	0	1	24	1739	41	2906	4	8	2	0	1	1
512499	41	50	44	1	1	0	0	0	0	0	0	0	0	0	0	0	0	0	0	0	0	1	0
160075	36	56	67	0	0	0	1	0	0	0	0	0	0	0	0	0	0	0	0	0	0	0	0
543676	104	71	51	0	2	0	0	0	0	0	0	0	0	0	0	0	0	0	0	0	0	0	0
215846	290	414	498	1	0	0	0	1	0	0	0	0	0	1	1	0	0	50	0	0	1	0	0
145898	85	72	18	0	0	0	0	0	0	2	0	0	0	0	0	1	1	8	0	0	0	0	0
229799	4	9	4	0	0	0	0	0	0	0	0	0	0	6	8	9	701	0	0	0	0	0	0
330721	0	2	0	0	0	1	0	0	0	0	1	0	0	6	26	7	297	0	1	0	0	0	0
228452	3	13	4	1	1	0	0	0	1	0	0	0	0	3	272	11	427	1	0	10	2	0	0
317641	231	240	212	2	1	0	0	311	0	2	6	0	0	0	0	0	0	373	0	9	2	0	2
222364	37	21	11	0	0	0	0	1	0	39	1	0	1	0	0	0	0	3	1	5	2	0	0
223441	60	77	71	1	2	0	1	1	0	0	0	0	0	0	4	0	0	2	0	0	0	0	0
512041	50	81	60	2	2	2	6	9	0	2	0	0	2	1	1	1	1	1	1	0	0	0	0
125157	28	94	57	2	0	1	0	4	0	0	0	0	0	0	0	0	2	1	0	0	0	0	0
575662	32	96	52	1	0	0	0	9	0	0	0	0	0	1	0	0	0	0	0	0	0	0	0
572076	0	0	3	0	0	0	0	199	0	1	4	0	0	0	0	0	0	29	0	0	0	0	0
550158	0	0	1	0	0	1	0	196	0	1	4	0	0	1	0	0	0	40	0	0	0	0	0
550926	0	0	0	0	1	0	0	556	0	0	2	0	0	3	0	0	0	1	0	0	0	0	0
589088	12	2	11	1	0	1	0	3814	1	0	48	0	0	7	1	2	0	1	1	0	0	0	0
310346	9	8	15	1	0	0	0	196	0	0	2	0	0	1	0	0	0	1	0	0	0	0	0
325555	19	17	18	0	0	0	0	31	0	0	0	0	15	0	4	3	2	0	2	1	0	0	0
509624	85	171	105	4	0	0	4	5	0	4	0	0	3	1	1	6	0	1	3	8	1	0	0
276603	1	0	0	0	0	0	0	0	0	0	0	0	0	1	5	318	64	0	23	9	1	0	0
581081	33	51	37	0	0	0	0	0	0	0	0	0	0	0	0	1	0	0	0	0	0	0	0
140384	16	35	13	0	0	0	0	0	0	0	0	0	0	1	8	93	21	0	1	0	0	0	0
354357	54	125	78	1	0	0	0	2	0	0	0	0	0	0	0	0	1	1	1	0	0	0	1
113190	105	153	136	0	1	1	0	3	0	1	0	0	0	0	1	0	0	7	0	0	0	0	0
245969	3	4	3	1	0	0	0	8	0	1	0	0	0	0	0	1	0	4	2	42	37	0	0
529793	52	81	95	0	5	0	0	1	0	2	0	0	0	0	0	0	0	0	0	9	6	0	2
84258	69	80	76	1	1	0	0	0	0	2	0	0	2	0	0	0	0	0	0	0	1	0	0
236284	141	211	202	2	0	0	0	1	1	5	0	0	2	1	2	0	0	0	1	2	1	1	2
223447	21	77	65	0	2	0	0	0	0	0	0	0	0	0	0	0	0	0	0	0	0	0	0
581739	22	37	51	0	0	1	1	0	0	2	0	0	0	0	1	0	0	1	0	0	1	0	1
203722	4	15	31	26	19	1	0	2	4	40	0	0	1	5	0	2	3	0	0	2	3	5	0
327290	0	0	1	1	2	2	3	2	0	130	0	0	3	3	0	0	0	0	1	4	1	0	0
175954	3	2	4	1	0	1	46	1	0	80	0	1	19	0	1	0	0	2	0	4	0	0	0
12926	0	0	0	1	1	0	8	0	0	258	0	0	7	3	0	0	0	0	0	1	0	0	0
35860	0	0	0	0	0	0	2	0	0	103	0	0	1	3	0	0	0	0	0	0	1	0	0
12988	2	0	0	1	1	1	13	2	0	56	0	0	29	0	0	1	0	0	2	3	2	0	0
273055	3	2	1	4	7	36	73	1	0	42	0	1	9	4	0	1	1	1	8	11	3	4	2
50040	44	55	68	0	1	0	1	1	0	0	0	0	0	0	0	0	0	0	0	4	1	0	0
264455	21	38	40	0	0	0	0	0	0	0	0	0	0	0	0	0	0	0	0	3	2	0	0
128098	1	1	0	3	0	0	4	0	0	19	0	0	3	0	0	0	1	0	0	48	21	0	0
305551	39	39	44	0	0	0	0	0	0	0	0	0	0	0	0	4	0	1	0	5	0	0	0
104294	1316	1013	1144	10	0	0	1	5	0	5	3	0	0	2	6	2	0	11	0	1	1	0	4
234186	15	11	6	1	0	0	0	16	0	0	2	0	0	0	0	0	0	136	0	0	0	0	0
11431	410	424	437	2	0	0	0	2	0	5	0	1	0	0	3	3	0	178	0	2	0	0	0
152323	990	1001	911	3	0	0	0	6	1	0	2	0	0	1	6	0	2	47	0	0	0	0	4
270517	320	303	277	1	0	2	0	302	0	5	4	0	0	1	112	62	155	43	0	1	0	0	1
331234	36	27	28	0	0	0	3	0	0	0	0	0	0	0	0	0	0	18	0	5	1	0	1
193229	1121	1584	1558	5	0	0	0	4	0	0	1	0	0	3	9	2	1	5	0	0	0	0	2
525816	7	2	3	0	2	0	0	8	0	0	4	0	0	1	0	1	0	227	0	0	0	0	0
110305	283	413	426	1	0	1	0	2	0	1	0	1	0	2	2	0	2	3	0	4	3	0	2
548945	4	3	2	0	0	0	0	478	0	0	9	0	0	0	0	0	0	0	0	1	0	0	0
546222	36	14	157	13	13	35	1	53839	13	3	736	2	0	68	10	7	9	2975	17	3	3	4	2
312041	0	0	2	0	0	0	0	107	0	0	2	0	0	0	0	0	1	7	0	0	0	0	0
160626	6	0	18	1	0	1	0	5492	1	0	96	0	0	7	0	2	1	489	2	0	1	0	0
318920	8	3	12	1	2	5	0	11854	1	1	130	0	0	9	3	1	2	825	3	2	0	0	0
578307	4	1	2	0	0	0	0	181	0	0	4	0	0	0	0	0	0	176	0	0	0	0	0
235395	92	26	76	9	1	5	1	2790	0	5	42	1	0	5	2	4	1	9312	1	1	1	5	2
105395	491	91	346	15	8	4	2	57	3	5	47	3	2	21	5	17	10	31674	2	5	3	6	5
313857	570	98	353	13	7	12	10	5970	12	12	177	6	1	49	10	30	18	34688	5	11	6	7	7
355132	220	51	180	5	7	5	1	7605	2	4	107	3	0	10	5	10	7	16778	6	1	2	2	0
252398	548	99	413	20	7	7	4	20504	3	10	300	5	3	54	18	28	18	47208	16	14	2	10	5
350893	36	5	24	1	0	0	1	2896	2	1	42	0	0	8	0	0	1	1300	1	2	0	0	1
351161	116	22	114	4	1	3	3	14264	5	3	197	0	1	22	5	7	4	8874	2	2	2	6	4
331093	296	49	222	9	6	10	3	13214	4	7	196	3	0	30	9	15	9	21764	8	4	3	3	2
317658	1675	307	1281	68	24	61	23	92241	21	31	1351	13	9	206	40	61	65	136344	50	23	11	21	19
249078	10	3	10	1	0	0	0	650	0	1	17	0	0	1	0	0	1	1197	1	1	0	0	1
123714	3	0	6	0	0	0	0	31	0	0	1	0	0	0	0	0	1	262	0	0	0	0	0
329744	3542	695	2908	129	66	99	29	102525	45	64	1474	28	15	296	91	126	120	323914	83	51	28	52	48
104500	0	0	1	0	0	0	0	254	0	0	4	0	0	0	0	0	0	1	0	0	0	0	0
581541	98	22	63	5	1	1	1	1509	0	2	48	2	0	22	1	10	2	2755	0	3	1	1	1
11621	7	2	2	1	0	2	18	49	0	19	1	0	5	0	0	0	0	2	0	2	0	0	0
252888	8	13	16	0	0	0	0	0	0	0	0	0	0	0	0	0	0	66	0	0	0	0	0
104265	26	34	30	2	4	11	14	1	0	117	0	0	24	1	0	1	1	1	2	8	2	1	0
250241	1	0	1	0	0	0	17	61	0	43	1	0	11	0	0	0	0	0	0	9	0	0	0
223578	115	49	49	1	1	0	8	20	0	64	0	0	35	1	0	1	0	1	0	1	1	0	0
83514	9	6	6	0	1	6	126	2	0	204	1	0	44	0	0	0	1	0	2	8	3	0	0
554377	45	15	8	0	3	6	4	26	2	16	1	0	7	1	0	0	0	0	4	2	0	1	0
11451	72	80	82	0	1	1	0	7	0	0	0	0	1	0	3	0	0	1	0	0	0	0	1
223418	1	1	0	1	5	4	35	1	1	113	0	1	28	1	0	0	0	0	1	4	3	0	0
11448	4	0	1	0	0	0	6	0	0	976	1	0	2	2	0	0	0	0	0	0	0	0	0
147604	43	65	40	1	11	0	53	2	1	148	2	0	80	1	0	0	0	4	0	1	2	0	0
83082	97	116	122	0	1	1	2	0	0	1	0	0	0	0	2	0	0	2	0	1	0	0	1
146122	31	22	20	1	2	0	43	2	1	29	0	0	7	0	0	0	0	0	0	0	0	0	0
153548	45	139	72	0	1	1	4	0	0	2	1	0	1	0	0	0	0	2	0	2	0	0	1
242751	0	0	0	0	0	0	22	5	0	88	1	0	21	0	0	0	0	7	0	0	0	1	0
269218	6	19	4	1	2	0	1	13	0	59	0	0	3	0	0	0	0	2	0	1	0	0	0
190663	91	404	236	1	2	4	8	907	1	24	19	0	10	3	2	5	2	12	1	2	1	0	1
242450	7	66	91	0	0	1	23	118	0	36	2	0	12	3	23	87	52	18	4	3	2	1	0
546690	3	2	0	0	0	0	2	54	0	63	0	0	27	0	0	1	0	9	0	0	0	0	0
207157	4	3	4	0	0	0	0	796	0	10	9	0	6	0	1	0	0	4	0	0	0	0	0
230342	0	0	0	0	0	1	0	164	0	0	1	0	0	0	2	3	1	0	0	0	0	0	0
229136	5	4	11	0	1	0	1	3862	1	0	39	0	1	1	0	0	0	454	2	1	0	1	0
307298	3	5	41	3	2	17	4	37494	5	2	439	0	1	40	5	10	5	3	18	0	1	1	1
269755	3	2	9	1	0	4	0	6205	3	3	94	0	0	4	8	29	16	36	3	0	0	0	1
311254	0	1	0	0	0	0	0	223	0	2	4	0	1	0	0	3	0	3	0	0	0	0	0
542975	1	3	27	1	2	13	1	23940	2	0	290	1	1	14	3	5	4	4	7	2	1	1	2
240200	16	5	20	3	4	6	0	9210	3	0	101	0	0	8	4	396	14	1164	0	5	0	1	1
240435	8	10	8	4	2	1	2	1301	3	5	26	0	0	11	571	912	653	68	2	0	1	0	0
263950	11	21	18	1	0	3	5	2707	3	18	41	2	14	0	4	22	6	33	1	2	0	0	0
398836	6	7	10	0	0	3	0	3672	2	3	46	0	0	3	138	753	372	413	2	0	0	0	0
177797	40	43	57	1	1	0	26	151	0	52	0	0	34	1	0	0	0	30	0	1	3	0	0
292764	1	0	0	0	0	0	4	387	0	48	6	0	9	0	0	0	0	47	0	1	0	0	0
362552	70	118	112	0	0	2	36	125	1	148	1	0	87	1	0	4	0	97	0	8	2	0	0
59853	0	0	0	0	0	0	0	34	0	70	0	0	3	0	0	0	0	1	0	0	0	0	0
19936	3	1	0	0	0	1	7	141	0	17	0	0	56	0	0	0	0	17	0	0	0	0	0
226363	10	29	25	0	1	2	6	1718	0	26	31	0	18	0	0	0	0	17	0	0	0	0	0
218035	4	3	2	0	1	0	39	5	0	242	1	0	75	2	0	0	0	8	0	1	1	0	0
130238	1	2	3	0	0	0	0	206	0	2	3	0	1	0	0	1	0	1	0	0	0	0	0
223546	0	0	0	0	0	0	27	0	0	48	0	0	63	0	0	0	0	2	0	0	0	0	0
38522	1	0	1	0	0	0	0	115	0	4	4	0	0	0	0	1	0	1	1	0	0	0	0
35440	3	3	2	0	1	0	29	120	0	106	1	0	63	0	0	0	0	17	0	3	1	0	0
556066	27	75	46	1	1	3	30	5634	4	238	91	1	45	5	9	46	13	70	1	0	1	0	0
593699	5	5	1	2	8	2	274	11	2	11900	8	4	184	16	1	2	1	22	0	13	4	1	2
29284	2	2	3	0	3	0	2	0	0	93	0	0	4	1	0	0	0	5	7	14	2	0	0
145846	1	2	2	0	3	0	63	0	1	140	0	0	75	2	0	0	0	1	0	2	1	0	0
239951	0	0	0	0	0	0	8	5	0	360	0	0	10	9	0	0	0	1	0	1	0	0	0
219876	0	0	0	0	0	0	3	0	0	108	0	0	0	1	0	0	0	0	0	0	1	0	0
236808	32	67	82	1	2	2	4	1	0	2	0	0	6	0	2	0	0	0	0	3	0	0	0
529501	0	0	0	0	0	0	15	0	0	583	0	0	156	0	0	1	1	0	0	3	0	0	1
113648	0	0	0	0	0	0	6	0	0	225	0	0	49	1	0	0	2	0	0	4	2	0	0
12533	1	0	0	0	0	0	10	0	0	285	0	0	16	0	0	0	0	0	0	0	0	0	0
33876	2	1	0	0	0	0	17	4	0	70	5	0	28	227	0	0	0	0	0	0	2	0	0
369064	0	2	0	0	2	0	24	3	0	596	3	0	22	130	0	0	0	0	1	3	0	0	0
240850	0	0	0	0	0	0	10	1	0	697	1	0	13	2	0	0	1	3	0	0	0	0	0
109814	1	0	0	0	0	0	6	3	0	12	3	0	9	78	0	0	0	1	4	6	2	0	0
102681	0	0	0	0	1	0	17	0	0	81	0	0	51	0	0	1	0	0	0	9	4	0	0
157133	0	0	1	0	0	2	8	0	0	51	1	0	16	76	0	0	2	0	0	5	1	0	0
12321	0	0	0	0	1	0	41	11	0	44	1	0	5	0	0	1	0	0	0	1	1	0	0
249637	1	2	0	0	0	0	5	7	0	18	3	0	2	2	19	81	55	0	2	5	0	0	0
289962	3	0	2	0	0	0	0	43	0	0	0	0	0	0	0	0	0	105	0	0	0	0	0
12346	4	24	38	0	0	0	23	1	0	4	0	0	34	0	0	0	1	0	0	1	0	0	0
375136	0	0	0	0	0	0	37	8	0	144	1	1	48	0	0	0	0	0	1	1	1	0	0
44206	0	0	0	0	0	0	1	0	0	20	2	0	6	84	0	0	0	1	0	1	0	2	1
139651	0	6	9	0	1	0	9	8	0	29	0	0	8	0	10	37	32	0	0	6	0	0	0
524457	3	0	0	1	1	0	6	3	1	9	3	0	8	109	0	0	1	0	0	0	1	0	0
470273	0	0	0	0	0	0	165	0	0	0	1	0	95	0	0	0	0	0	0	0	0	0	0
83011	1	1	0	0	0	0	363	3	0	41	3	0	1561	8	1	0	0	0	0	0	0	0	1
79234	0	0	0	0	0	0	38	4	0	9	16	1	41	704	0	0	1	0	0	0	0	0	0
26061	0	0	0	0	0	0	169	1	0	14	0	0	190	13	0	0	0	0	0	0	0	0	1
583523	0	0	0	0	0	0	11	0	0	1	0	0	87	1	0	0	0	0	0	0	0	0	0
584347	5	6	2	0	2	2	4258	3	2	178	10	0	5757	27	2	3	1	2	5	0	0	0	1
103151	0	0	0	0	0	0	0	0	0	3	9	0	90	121	0	0	0	0	0	0	1	0	0
12561	0	2	0	0	0	0	60	0	0	4	1	0	110	7	0	0	0	0	0	0	0	0	0
24150	0	1	0	0	0	0	671	2	1	35	2	0	1496	6	0	1	0	0	1	0	0	0	0
470693	0	0	0	0	0	0	0	0	0	17	0	29	105	0	0	0	0	0	0	0	0	1	0
131712	0	1	0	0	0	0	8	0	1	89	0	769	190	0	0	0	0	0	0	0	0	5	1
131783	0	0	0	0	0	0	2	1	0	118	1	0	45	0	0	0	0	0	0	0	0	0	0
67513	2	0	2	1	0	0	102	14	3	9	30	1	120	2584	4	0	5	2	0	0	0	2	12
152869	0	0	0	1	0	0	0	0	0	3	7	0	19	126	0	0	0	0	0	0	0	0	0
12570	0	1	0	0	0	0	150	0	0	3	0	0	202	9	0	0	0	0	0	0	0	0	1
23235	2	1	3	1	1	1	335	13	7	80	287	15	1621	4393	2	2	5	1	1	0	0	12	13
12567	1	0	0	0	0	0	8	0	0	8	8	1	37	100	0	0	0	0	0	0	0	2	0
252421	0	0	0	0	0	0	0	1	2	9	0	0	137	0	0	0	0	0	0	0	0	0	1
36025	0	0	0	0	0	0	2	0	0	9	0	0	149	0	0	0	0	0	0	0	0	0	0
100122	0	0	0	0	0	0	11	0	0	169	0	0	105	0	0	0	2	0	0	1	0	0	0
266173	0	0	0	0	0	0	5	1	0	837	1	0	8	0	0	0	1	0	0	0	0	0	0
230376	0	0	0	0	0	0	1	1	0	0	0	0	167	1	0	2	3	0	0	2	0	0	0
555009	0	0	0	0	0	0	20	0	0	54	0	0	29	0	0	0	3	0	0	7	2	0	0
529839	1	7	8	0	1	0	529	12	0	1408	4	0	178	4	17	56	49	1	2	5	3	1	0
567669	1	3	1	0	1	0	1137	2	1	3000	6	1	389	6	0	5	23	3	4	9	8	0	0
566596	1	0	3	0	0	0	0	3	0	2	4	0	16	105	0	2	1	0	1	0	0	1	0
543491	14	7	10	13	8	6	172	151	7	91	243	2	1860	15226	1	11	37	5	3	6	2	3	3
58301	17	7	18	10	8	1	1958	196	4	253	287	3	5485	2259	1	6	15	6	6	10	2	3	2
471141	58	23	52	25	29	11	782	491	12	306	1150	15	9196	91809	9	19	138	21	12	18	10	17	16
193899	0	0	0	0	0	0	5	1	0	6	0	0	314	3	0	0	0	0	0	0	0	0	0
100937	8	3	1	3	0	3	572	12	2	12143	14	2	3910	18	0	9	8	3	0	3	1	2	2
581042	1	7	10	0	2	0	40	0	0	69	0	0	38	0	0	1	0	2	0	10	5	0	0
267323	3	7	11	1	2	1	25	0	0	54	0	0	25	0	0	0	0	3	0	11	12	0	0
554201	4	11	6	1	0	0	63	0	0	68	1	0	39	1	0	1	0	7	0	14	9	0	1
136467	2	7	14	0	3	1	60	0	0	98	0	0	61	0	0	0	0	2	1	18	6	0	0
270098	6	11	20	1	0	0	56	0	0	97	0	0	38	0	0	0	0	5	0	24	19	1	0
251817	0	0	0	0	0	0	45	0	0	108	1	0	79	0	0	0	0	0	0	0	0	0	0
101943	0	0	0	0	0	0	43	0	0	118	1	0	44	0	0	0	0	0	0	4	1	0	0
272208	0	0	1	0	0	0	63	1	1	582	0	12	438	1	0	1	3	1	2	86	11	1	0
320879	2	4	0	2	1	3	339	2	5	5949	3	161	6385	8	0	4	2	1	0	2	3	3	1
13459	2	0	1	1	1	2	22	4	0	3312	4	1	21	6	0	2	1	0	1	1	1	0	1
470178	0	0	0	1	0	0	202	0	1	428	0	0	94	1	0	0	0	0	0	0	0	0	0
552026	2	1	0	0	1	0	43	0	0	2246	2	3	594	2	1	0	0	1	0	3	3	0	0
305123	0	0	0	0	0	0	0	0	0	1	0	0	592	0	0	0	0	0	0	0	0	0	1
544910	1	2	0	0	1	0	25	0	1	1589	3	1	1639	3	0	5	0	1	0	0	0	0	3
261774	0	0	0	0	0	1	238	0	0	852	2	6	1030	1	0	0	0	4	0	1	0	0	1
13453	0	0	1	0	0	0	67	0	0	287	2	3	344	0	0	0	2	0	0	0	0	3	0
470207	1	0	0	1	0	0	2	0	0	427	0	0	0	0	0	0	0	0	0	0	0	0	0
534507	0	0	1	1	0	0	21	0	1	1363	3	0	345	0	1	1	0	0	0	0	0	0	0
13456	0	1	0	0	0	0	136	2	11	600	0	1	319	1	0	0	0	0	0	0	0	0	1
451398	1	0	0	0	0	1	36	0	2	508	1	0	255	1	0	0	1	0	0	0	0	0	0
470190	1	0	0	0	0	1	53	0	0	106	1	1	892	3	0	0	0	0	0	0	0	0	0
270102	0	1	1	2	0	3	163	4	1	5694	5	10	1577	14	0	0	1	2	1	9	7	2	1
470219	4	7	1	2	1	2	1752	14	2	8730	15	10	8739	15	0	10	3	2	1	0	0	7	3
410908	0	0	0	0	0	0	21	2	0	59	0	0	1499	0	0	1	0	3	0	0	0	1	0
82696	0	0	0	0	1	0	39	0	0	0	0	0	578	0	0	0	0	5	0	0	0	0	0
13420	0	0	0	0	0	1	68	0	0	52	2	0	2691	0	0	0	2	0	0	0	0	0	1
58295	3	0	0	0	0	0	814	5	0	185	4	1	6250	24	0	0	0	1	0	0	1	2	1
557799	0	0	0	0	0	0	13	0	0	26	0	13	161	1	0	0	0	0	0	0	0	0	0
470200	1	0	0	0	0	1	2	0	0	149	0	4	192	0	0	1	0	0	0	0	0	0	0
470188	0	1	0	0	0	0	113	4	8	3004	2	0	2301	5	0	1	3	2	1	1	0	3	0
361871	2	0	0	0	0	0	268	1	0	39	2	0	322	4	0	0	0	0	0	0	0	0	0
470213	3	9	4	3	1	3	6310	14	2	792	25	3	8193	45	1	2	3	7	5	1	2	1	1
536902	0	0	0	0	0	0	22	1	0	656	3	1	228	1	0	0	0	1	0	1	0	0	0
358127	0	0	0	0	0	0	2	0	0	107	0	0	66	0	0	0	1	0	0	0	0	0	0
81096	2	6	1	2	0	1	65	1	0	10144	6	2	22	12	1	0	1	1	0	1	2	0	2
241543	1	0	1	0	1	0	0	0	0	327	0	0	121	1	0	7	0	2	0	5	3	0	0
13581	0	1	1	0	0	1	22	0	0	140	0	0	155	0	1	5	0	56	0	4	3	0	0
131262	0	0	0	0	0	0	11	0	0	261	1	0	10	2	0	0	0	0	0	5	0	0	0
142287	1	0	1	0	0	0	12	0	0	86	0	0	1	0	0	0	0	0	0	19	2	0	0
154902	2	0	0	1	0	2	10	4	0	3595	3	0	0	3	0	0	0	0	0	2	0	0	0
36832	0	0	0	0	0	0	2	0	0	257	1	0	23	2	0	0	0	0	0	0	0	0	0
558953	1	1	1	0	0	0	26	5	0	1457	0	0	59	7	0	1	0	0	1	3	9	1	0
20974	0	0	0	0	0	0	2	0	0	997	0	0	6	2	0	0	1	0	0	0	1	0	0
247201	233	417	427	3	6	0	1	1	0	21	0	0	16	0	3	0	0	3	0	0	0	0	1
579213	47	49	54	1	0	0	0	75	0	0	2	0	0	0	0	0	0	1633	0	0	0	1	0
101464	33	39	46	3	1	0	24	1	0	1991	1	0	59	0	0	0	0	55	1	41	11	0	0
13034	1277	2400	2349	21	4	0	3	8	1	46	0	1	15	1	11	3	5	23	2	61	153	3	6
309862	103	214	203	1	0	0	0	0	0	14	1	0	0	0	2	0	0	561	0	1	1	0	0
300187	186	307	319	15	3	0	0	15	0	42	1	0	1	1	0	2	1	432	0	4	5	2	2
354851	3	0	4	0	0	0	0	0	0	371	0	0	1	1	0	0	0	0	0	1	0	0	0
204251	10	15	16	2	0	0	5	0	0	210	1	0	13	1	0	0	1	148	2	22	8	0	1
407296	154	242	240	11	6	1	1	4	0	187	1	0	9	1	0	3	0	3	0	13	14	1	1
181609	4	0	0	470	366	408	0	0	1	0	1	2	0	0	0	0	0	0	0	0	3	208	204
86784	0	1	0	1	0	0	450	2	0	3	1	0	64	4	1	0	0	0	1	0	0	0	0
469868	40	4	0	10076	8196	8497	12	3	3	4	4	8	2	3	0	0	2	0	13	3	80	299	1131
326977	1022	12	18	57374	42950	49438	6	23	330	63	28	714	14	84	5	28	22	14	116	11	655	22191	116225
469873	104	4	3	11541	8801	10126	1	3	22	6	5	20	2	11	0	4	5	0	16	1	125	4053	10129
471180	78	4	2	23902	17377	19556	0	9	3	1	4	3	2	12	1	12	4	4	37	5	174	58	132
12622	1	1	0	105	56	83	0	0	0	0	0	0	0	0	0	0	0	0	0	0	2	0	2
131391	1	0	0	113	77	102	0	0	0	0	0	0	0	0	0	0	0	0	0	0	2	33	94
533785	0	0	0	112	80	74	0	0	0	0	0	1	0	0	0	0	0	0	0	0	2	51	65
471185	0	0	0	14	14	10	0	0	1	2	0	66	2	0	0	0	0	0	0	0	0	2	12
591285	1	0	0	82	69	60	0	0	1	0	0	3	0	0	0	1	0	0	1	0	0	39	124
292521	2	0	0	74	63	56	0	0	0	0	0	3	0	0	0	0	0	0	0	0	0	25	141
469852	3	1	0	742	504	620	0	0	31	0	0	0	0	1	0	0	1	0	2	0	5	7	2
542335	25	182	271	0	0	0	0	1	0	0	0	0	0	0	1	0	0	5	0	0	0	0	0
335847	15	68	28	0	0	0	0	0	0	0	0	0	0	0	0	0	0	0	0	0	0	0	0
227609	46	98	63	0	0	0	0	2	0	0	0	0	0	0	0	0	0	0	0	0	0	0	0
108434	1	1	0	0	0	0	432	1	0	10	7	1	18	4	0	1	0	1	1	0	0	0	0
236512	0	0	1	0	0	1	341	1	0	9	2	0	20	2	0	0	1	0	0	0	0	0	0
251512	97	89	77	1	0	0	0	4	0	0	0	0	0	1	0	0	0	4	0	0	0	0	0
3838	1	1	0	0	0	0	255	1	0	19	8	0	194	47	0	0	0	1	0	0	1	0	0
38741	2	1	0	1	1	0	344	6	0	1	20	0	281	51	1	1	0	2	0	0	0	0	0
3861	0	0	0	0	0	0	48	1	0	0	0	0	185	7	0	1	0	0	0	0	1	0	0
519715	24	122	124	0	0	0	0	2	0	0	0	0	0	1	2	0	0	2	0	0	0	0	0
63216	48	396	409	0	1	0	0	1	0	0	0	0	0	0	2	0	0	1	0	1	0	0	1
3801	9	101	118	0	0	0	0	0	0	0	0	0	0	0	0	0	0	1	0	0	0	0	0
149144	187	1653	1885	3	0	0	0	7	0	0	0	0	1	1	9	0	0	9	0	0	1	0	0
221514	15	158	175	0	0	0	0	1	0	0	0	0	0	0	0	0	0	0	0	0	0	0	0
212910	233	1876	2117	1	0	0	0	10	0	0	1	0	0	1	16	0	0	7	0	1	0	0	0
100167	0	0	0	2	0	0	0	1	0	0	0	0	0	0	0	0	1	0	27	175	171	2	0
101310	0	0	0	0	0	0	0	0	0	0	1	0	0	3	0	1	4	0	67	117	74	1	0
342035	0	0	0	2	0	1	0	0	0	0	0	0	0	0	0	0	1	0	24	224	90	0	0
251576	0	0	0	8	0	0	1	0	0	0	1	0	0	0	0	1	1	0	16	181	356	1	0
242567	1	0	0	1	2	0	0	0	1	0	0	0	0	0	0	2	2	0	65	214	124	0	0
550451	55	377	353	1	0	0	0	1	0	0	1	0	0	0	2	0	0	1	2	1	0	0	0
143845	15	78	60	0	0	0	0	0	0	0	0	0	0	0	1	0	0	1	0	0	0	0	0
88155	104	39	22	0	2	0	0	0	0	0	0	0	0	0	0	0	0	10	0	0	0	0	0
114294	0	0	0	0	0	0	0	1	390	0	0	1	0	0	0	0	1	1	0	0	0	0	0
192132	3	0	0	1	0	1	8	2	14	0	2	1394	5	1	0	0	0	2	0	0	1	5	314
51535	0	0	0	2	0	0	0	0	5	0	1	3532	0	2	0	0	0	0	0	0	2	1	0
245878	73	198	95	0	0	0	0	1	0	0	0	0	0	0	0	0	0	1	0	0	1	0	0
203274	0	2	5	5	1	0	0	0	0	0	0	0	0	1	1	0	2	0	28	424	311	1	0
31235	1	0	1	0	0	1	0	2	0	5	23	0	51	4269	0	1	10	1	0	1	1	1	0
73887	0	1	0	0	0	1	132	0	0	9	0	0	294	13	0	0	0	0	1	0	0	0	0
70628	0	2	1	3	0	2	613	4	4	124	232	0	4989	241	0	1	2	6	2	0	0	1	0
74391	5	1	2	4	0	0	14	5	0	134	782	1	524	5098	3	4	10	4	0	1	1	1	1
59574	0	0	0	0	1	0	713	5	1	15	3	2	3559	132	0	0	1	1	3	0	1	0	0
529857	0	0	0	0	1	0	5	0	0	23	2	1	1832	67	0	0	1	0	0	0	0	0	0
484462	1	0	0	0	1	0	8	1	0	20	0	0	1120	41	0	0	1	0	0	0	0	1	0
237034	0	1	0	0	0	0	336	3	1	151	54	1	1810	2395	0	2	3	3	1	1	0	1	0
74059	0	0	0	0	0	0	229	0	0	0	0	0	397	28	0	0	0	0	0	0	0	0	0
566658	0	0	0	0	0	0	15	1	0	0	0	0	244	22	0	0	0	0	0	0	0	0	0
110394	5	0	0	0	0	0	1	0	0	0	0	0	0	1	0	240	32	0	0	6	0	0	0
591820	15	13	1	0	0	0	0	0	0	0	0	0	0	1	0	0	1	130	0	0	0	0	1
64396	76	57	36	25	18	21	14859	193	48	1391	6519	27	33605	98549	19	35	215	40	33	20	16	12	12
518865	4	1	0	2	3	2	666	8	2	26	54	0	854	877	0	2	7	2	0	1	1	1	0
374052	0	0	0	0	0	0	1	0	0	17	1	0	2141	3	0	0	0	0	0	0	0	0	0
332164	2	0	1	9	1	4	1	0	0	2	1	2	29	22	2	20	24	0	0	0	0	1	0
357591	3	4	4	36	8	25	0	5	2	3	17	910	1	85	0	8	7	3	0	1	447	52961	647
357766	0	0	0	0	0	0	0	0	0	0	0	1	0	0	0	0	0	0	0	0	2	116	3
562962	0	0	0	0	0	0	0	2	1242	0	0	0	1	0	0	1	0	0	0	0	0	0	0
233848	0	0	0	1	1	0	0	0	915	0	0	1	5	0	0	0	0	0	0	0	0	0	0
60702	0	0	0	0	0	0	0	0	0	0	0	1	377	0	0	0	0	0	0	0	0	0	1
15912	0	1	0	0	0	0	0	0	0	0	0	0	343	0	0	0	0	0	0	0	0	1	0
274442	1	0	0	0	0	0	0	0	0	1	0	0	0	0	4	103	11	0	0	0	0	0	0
287510	35	6	4	14747	8716	13640	1	2	2	0	4	1	29	4	2	8	1	0	26	3	83	23	3
233953	2	0	0	0	0	0	0	0	0	0	0	3	0	0	0	0	0	0	0	0	1	19	260
191700	2	0	0	0	0	0	0	0	0	0	0	0	0	0	0	0	0	0	0	0	1	17	402
542934	0	0	0	0	0	2	0	0	99	2	1	330	2	0	0	0	0	0	0	0	1	41	1
190872	1	1	0	1	2	2	1	0	1317	19	0	3899	16	5	2	0	0	0	0	0	1	390	10
136526	0	0	0	201	90	166	0	0	0	0	0	0	0	0	0	0	0	0	0	0	1	1	0
470139	57	7	5	23284	12494	18268	3	3	0	0	1	13	0	3	2	4	3	3	36	1	140	14	10
360238	17	1	1	3214	1730	2693	0	0	0	0	1	2	0	5	0	0	2	1	15	0	25	7	3
15716	0	0	0	1	0	1	0	0	0	0	0	325	0	1	0	0	0	0	0	0	1	226	44
565289	0	0	0	1	0	0	0	0	21	0	0	92	0	0	0	0	0	0	0	0	0	0	9
470369	65	3	2	19597	10636	15686	0	3	3	3	3	2	3	8	0	3	7	3	43	2	150	27	9
362383	7	0	0	0	0	0	0	0	2	0	0	37	0	0	0	0	0	0	0	0	0	106	1466
572915	16	1	0	3	1	1	0	0	0	0	0	35	0	1	0	0	1	0	0	0	4	718	1622
532556	0	0	0	1	0	0	0	1	0	6	0	0	307	0	0	0	0	0	0	0	0	1	0
19191	0	0	0	0	0	0	29	0	1	42	15	4	386	548	0	0	0	1	0	0	0	4	0
470522	18	1	0	4964	2636	4312	3	0	12	1	3	367	1	2	0	3	1	0	14	2	36	180	231
360268	0	0	0	1	1	0	0	2	4992	0	0	1	0	0	0	0	0	0	0	0	0	0	1
385423	14	0	1	0	0	0	0	1	0	1	1	0	0	0	0	2197	158	0	0	1	0	0	0
303568	5	3	1	1	2	0	1	3	0	0	2	0	0	28	59	62	5372	1	13	3	0	0	0
354744	1	0	0	0	0	0	0	0	0	0	0	0	0	2	6	3	92	0	0	0	0	0	0
577338	1	3	1	2	1	1	0	1	0	1	4	1	0	47	0	61	5537	0	9	0	0	1	1
522238	212	7	0	0	0	0	0	0	0	0	0	0	0	0	0	1	0	0	0	0	0	0	1
3536	3657	13	1	6	1	0	0	3	2	0	0	0	0	3	0	6	1	4	0	2	0	0	9
3549	1	1	6	1	0	0	324	3	1	2124	5	1	338	4	0	2	2	0	2	18	2	1	0
50506	2	2	1	0	1	0	105	1	0	551	0	0	139	2	0	0	1	40	0	0	0	0	0
589524	2	0	1	2	0	0	220	1	1	1024	0	2	273	4	0	0	1	99	2	10	1	0	0
245980	0	1	2	1	0	0	321	0	1	354	1	4	3688	3	0	1	0	0	0	30	0	0	0
60254	9	4	2	5	1	4	1448	8	1	6216	7	51	6350	26	2	18	7	59	9	254	10	1	1
330861	5	0	2	0	1	0	297	3	4	402	1	5	179	8	2	7	9	1	60	4618	55	0	3
589787	20	19	10	7	5	4	3975	32	9	19976	25	19	3755	72	3	36	23	234	173	10968	107	2	4
243468	1	2	1	0	0	1	16	0	0	18	1	0	8	2	1	0	0	0	9	345	3	1	0
560209	2	0	1	0	0	0	332	0	6	951	3	0	325	5	2	12	0	0	1	52	0	0	0
108861	3	0	4	0	2	1	309	3	0	255	1	5	230	7	2	14	10	6	113	6467	53	0	3
200033	147	159	98	1	0	0	0	1	0	0	0	0	0	1	0	0	0	7	1	0	0	0	0
38828	893	341	238	4	0	0	1	3	0	7	2	1	0	0	1	2	0	854	0	0	0	0	2
141161	0	0	0	0	0	0	0	0	0	0	0	0	0	1	12	46	45	0	0	0	0	0	0
550329	52	4	0	0	0	0	0	1	0	0	0	0	0	0	0	0	0	60	0	0	0	0	0
233592	94	14	43	5	2	2	0	15	0	1	5	0	0	5	2	5	2	8887	0	1	0	0	2
238123	50	21	5	0	3	3	0	11	0	5	10	0	0	164	210	4778	12453	454	30	5	1	1	0
535929	58	78	28	5	4	5	2	20	1	2	30	1	1	408	1733	443	38229	1504	85	11	2	6	4
25107	7	15	3	0	0	1	0	0	0	0	0	0	0	10	361	20	818	0	2	0	1	0	0
142022	41	3	0	1	0	0	0	101	0	0	1	0	0	1	7	56	81	2	0	0	0	0	0
235716	206	18	1	0	0	0	0	0	0	0	0	0	0	0	7	0	42	82	1	0	0	0	0
30150	15	5	8	1	0	0	0	1	0	0	1	0	0	0	0	1	0	1953	0	0	0	1	0
137756	320	318	168	2	0	0	0	10	0	0	0	0	0	1	1	0	0	4	0	0	0	0	0
44394	11	2	6	0	0	0	0	0	0	1	1	0	0	0	3	1	1	603	1	0	0	0	0
210139	89	126	215	2	0	0	0	1	0	1	2	0	0	2	33	0	2	1532	0	0	0	0	1
83959	97	47	162	1	1	1	0	4	0	0	3	1	0	6	1	5	1	6105	0	0	0	0	1
141745	177	103	132	3	1	2	0	14	0	1	2	0	1	9	121	11	140	6165	5	0	0	1	0
137837	27	140	47	4	0	4	4	8	3	2	1	1	1	35	5301	112	2528	2	7	4	2	0	2
46777	16	52	16	1	3	1	0	2	0	0	1	1	0	4	1955	16	246	12	2	0	0	1	0
354695	6	28	6	3	0	2	0	1	0	0	0	1	0	3	1020	217	339	0	3	1	0	2	0
575555	51	44	26	0	0	0	2	0	0	0	1	0	3	0	0	0	4	2	0	0	0	0	0
592858	68	51	38	0	0	0	0	0	0	2	0	0	1	0	1	3	3	3	0	0	0	0	0
286332	3	0	0	0	0	1	0	0	0	0	2	0	0	8	0	61	1135	0	4	2	0	0	1
558119	43	36	3	6	4	8	1	13	1	2	50	4	3	596	296	778	64741	5	152	11	5	5	4
574214	29	42	24	1	0	0	1	7	1	0	5	0	0	35	506	71	3501	11	13	1	1	0	0
329899	5	1	0	0	0	0	0	0	0	0	0	0	1	3	3	270	47	0	0	0	0	0	0
308887	2363	3714	2630	13	1	1	1	66	0	0	3	1	0	3	20	89	109	29	55	36	12	1	7
328963	97	212	125	2	0	0	0	0	0	0	0	0	0	4	3	14	123	6	0	0	0	0	1
313351	213	496	309	1	0	0	1	5	0	0	2	0	0	2	6	22	152	12	1	1	1	0	1
278521	4112	8923	5826	21	7	4	0	29	1	1	11	1	1	9	33	418	256	72	69	46	4	2	12
317794	82	113	79	0	0	0	0	2	0	0	0	0	0	2	3	2027	200	1	40	12	0	0	0
561077	12187	28435	19161	61	7	7	2	105	13	4	11	2	1	40	135	1896	451	166	35	12	7	4	35
542011	4248	12481	6643	16	2	2	1	32	2	1	5	0	0	36	133	181	2381	56	13	1	2	1	10
139214	807	1319	864	7	0	0	0	15	0	2	3	0	0	3	8	86	9	12	20	23	2	2	2
38733	64	9	6	0	0	0	11	0	0	0	0	0	0	2	0	10	161	277	0	0	1	0	1
101837	1	3	3	0	0	0	0	0	0	0	0	0	0	2	0	347	117	0	0	0	0	0	0
348903	407	963	669	2	0	1	0	3	1	0	0	0	1	1	12	28	23	7	0	1	0	0	0
361147	70	125	59	0	0	0	0	1	0	0	0	0	0	1	2	12	49	5	0	0	0	0	0
323726	1669	4379	2666	9	0	0	2	16	1	0	3	2	0	6	15	24	17	25	2	1	1	2	5
549748	26	87	61	1	0	0	0	0	0	0	0	0	0	0	17	11	18	0	1	0	0	0	1
332808	595	189	76	7	2	5	44	922	1	5	46	0	4	545	139	4379	62214	32	161	26	6	10	3
583758	43	17	14	1	1	0	0	1	0	1	2	0	0	4	3	4585	80	18	2	0	1	0	0
347931	11	7	4	3	2	2	0	8	4	2	17	0	1	201	2	460	16586	0	50	3	1	1	1
91725	838	2824	1309	14	3	4	1	42	2	3	4	4	0	14	41	6537	2027	21	10	5	2	3	2
305627	45	48	7	4	2	2	2	3	0	5	3	0	0	59	865	5461	5318	9	16	8	3	2	0
347310	6	12	1	0	0	1	1	0	0	1	0	1	0	7	159	808	824	3	2	1	0	0	0
532647	1	1	1	0	0	0	0	3	0	0	0	0	0	1	0	95	6	0	1	0	0	0	0
317182	102264	218849	121865	1042	78	55	57	825	46	46	202	54	23	850	3148	12370	63084	2634	261	86	66	55	281
549656	554198	1177685	711043	2198	286	231	170	2952	156	146	634	131	68	935	5045	10713	1784	9361	334	237	248	232	1457
327536	27607	75887	26367	91	11	13	12	216	10	8	44	6	2	255	267	595	11801	158	133	29	20	14	68
318540	618	1155	576	4	0	1	0	16	0	1	2	0	1	17	41	1360	1266	10	37	9	1	0	3
306869	770	2861	1041	3	2	2	0	5	1	0	2	1	1	7	17	142	128	250	11	2	3	0	4
340216	27874	38334	36270	144	11	8	7	165	7	30	38	12	4	52	226	493	68	324	12	18	11	9	60
106374	54	3	2	1	0	1	0	4	1	3	0	2	0	4	11	7802	41	0	2	0	0	1	0
338106	23	8	0	1	0	0	0	0	0	0	3	0	0	7	26	3374	584	1	6	0	0	0	0
354365	0	1	0	0	0	0	0	0	0	0	1	0	0	1	4	64	67	0	0	0	0	0	0
591206	598	1338	845	2	1	1	1	6	0	1	12	1	0	96	93	432	7381	5	17	1	0	1	3
573523	31	51	21	0	0	0	1	1	0	0	0	0	0	1	24	7	54	0	0	0	0	0	0
107146	1	3	1	0	0	0	0	1	0	0	1	0	0	7	0	32	85	0	2	0	1	0	0
3466	0	0	0	0	0	0	0	0	0	0	0	0	0	3	12	6	147	0	1	0	0	0	0
131943	3	8	0	0	0	0	1	1	0	1	5	1	1	31	128	501	4625	0	12	1	0	1	0
351106	5	10	3	1	1	1	0	3	0	1	1	1	0	33	328	179	4614	1	6	0	0	2	0
227597	4	16	7	3	0	0	0	0	0	0	2	1	0	4	679	14	410	0	0	0	0	0	0
233758	0	2	3	0	0	0	0	0	0	0	1	0	0	6	149	2	549	0	1	0	0	0	0
138411	6	31	12	3	3	1	0	3	1	1	5	0	2	35	1464	162	3812	1	7	2	0	1	0
230203	3	20	2	0	0	1	0	1	0	1	3	1	0	16	482	61	2391	70	7	1	2	0	1
153911	9	43	16	4	4	3	1	1	1	0	7	0	1	88	1429	458	13578	2	29	3	1	1	2
569927	4	6	1	0	0	0	0	0	0	0	1	0	0	1	143	163	228	1	0	0	0	0	0
513373	12	6	9	0	0	0	0	1	0	1	1	0	0	0	2	1	15	2063	0	0	0	0	0
247611	11	32	6	0	1	0	1	1	0	0	2	0	0	22	631	1358	1613	0	6	2	0	0	0
48463	3	19	2	0	0	0	0	1	1	0	1	1	0	49	299	103	4770	2	7	1	0	2	0
534046	9	47	13	1	1	3	1	0	0	1	4	1	0	52	1956	476	9501	1	16	2	2	0	0
228407	39	100	26	2	2	6	0	4	3	2	12	1	1	216	4021	3080	25330	3	51	8	1	6	2
565556	54	2	2	0	1	24	0	1	2	11	0	0	4	1	2	8	3	1	0	0	1	1	3
51024	1635	78	3	10	4	40	0	2	2	4	1	2	2	3	0	7	2	15	10	2	0	1	10
210194	102	79	29	1	0	0	0	0	1	0	0	0	0	1	0	1	0	0	0	0	0	0	1
221509	218	157	72	2	0	0	0	2	0	0	0	0	0	1	0	0	0	0	0	0	0	0	0
471225	0	1	3	1	0	3	0	6740	0	0	59	0	0	4	0	0	2	1	2	0	0	0	0
3112	9	12	17	1	1	10	1	13974	0	0	114	0	0	6	1	0	1	4	3	1	0	0	1
545082	4	5	38	4	4	10	2	28009	3	2	255	1	2	17	3	5	2	1	12	1	1	1	2
308876	0	4	0	2	0	0	0	0	0	0	0	0	0	1	155	2	147	0	0	0	0	0	0
111394	2	1	8	0	2	3	1	6096	4	1	92	0	0	11	2	1	5	1	2	0	0	0	0
111492	0	0	1	0	0	0	0	142	1	0	4	0	0	0	0	1	0	0	0	0	0	1	0
199024	6	2	9	0	0	0	0	954	0	0	10	0	0	1	0	0	0	561	2	0	0	0	0
258214	2	0	1	1	0	1	0	408	0	0	2	0	0	1	0	0	0	165	0	0	0	0	0
279599	130	136	1029	89	77	402	67	914209	119	29	8719	30	26	532	113	114	126	967	305	75	19	52	46
235567	41	28	258	14	24	61	12	119640	101	16	2054	5	7	164	36	23	27	48	40	20	7	8	5
107995	6	32	29	0	0	0	1	37	0	0	1	0	0	0	0	0	0	15	0	0	0	0	0
101942	0	0	1	0	0	0	1	429	0	1	14	0	0	2	1	0	1	0	0	0	0	0	0
592912	0	0	7	0	0	0	0	1052	5	0	19	0	0	5	2	0	0	0	0	1	0	1	1
549739	68	48	25	0	0	0	0	0	0	0	0	0	0	0	2	1	0	0	1	0	0	0	0
279083	72	21	19	0	0	0	0	1	0	0	0	0	0	0	0	0	0	0	0	0	0	1	0
375870	23	9	22	0	1	0	0	5	0	0	4	1	0	0	1	1	0	4595	1	0	0	1	0
225695	51	6	42	2	0	0	0	15	0	1	4	0	0	4	1	0	2	9644	0	0	0	3	0
234682	0	27	4	0	1	1	2	0	1	1	0	0	0	1	1200	8	717	1	2	1	0	0	0
563954	10	63	13	5	1	2	0	2	2	0	1	1	1	19	1739	30	1756	1	4	1	0	2	0
152259	1869	2326	963	8	1	0	0	4	0	0	0	1	0	1	4	4	2	114	6	0	4	1	8
3343	146	136	91	2	0	0	0	112	0	0	0	0	0	0	3	0	6	9	0	0	0	0	1
550108	895	722	463	8	4	0	1	183	1	0	8	0	1	5	9	4	3	15878	1	0	1	2	3
142703	63	30	42	2	0	1	0	63	0	0	6	0	0	1	0	0	0	9116	0	1	1	3	2
202572	202	133	123	2	2	1	0	192	0	0	14	1	0	1	11	4	3	7408	0	0	3	0	3
558480	51	38	9	0	0	0	0	76	0	0	0	0	0	0	5	0	16	68	0	0	0	0	0
572048	2	1	1	0	0	0	0	19	0	5	2	0	0	0	1	3	0	645	0	0	0	0	0
557211	336	2715	525	136	32	50	25	87	23	14	57	14	11	640	87667	4013	72549	55	142	28	21	30	29
533688	1	3	0	0	1	0	0	0	0	0	0	0	0	4	56	5	112	0	0	0	0	0	0
404788	0	7	2	0	0	0	0	1	0	0	0	0	0	2	197	0	47	0	0	0	0	0	0
190926	168	403	144	2	0	3	1	9916	4	0	117	0	0	13	4	4	0	42	4	1	2	1	2
140593	4	3	3	1	1	4	1	5449	0	1	35	0	0	4	4	0	3	44	1	0	0	0	0
180764	55	20	5	0	0	0	0	87	0	0	2	0	0	0	0	0	0	0	0	1	0	0	0
263681	15	27	24	20	15	13	2	169	211519	4	26	37	12	34	5	13	11	4	2	11	6	10	8
537543	10	26	2	3	1	3	2	5	41	7	1	4	41	6	2	2	3	7	2	2	38	1	4
115007	3	67	42	0	0	0	0	0	0	23	0	0	0	0	1	0	0	1	0	0	0	0	0
110074	2	50	54	0	0	0	0	0	0	0	0	0	0	0	0	0	0	1	0	0	0	0	0
142290	0	0	0	0	0	1	0	0	0	0	0	0	0	1	7	1	1	0	108	171	62	0	0
241170	1	2	2	3	4	0	356	13	0	10	74	2	437	3465	0	4	15	1	1	1	0	0	3
484430	3	5	0	0	1	2	2687	1	1	42	43	0	2404	239	0	2	0	1	0	1	1	0	1
246715	0	0	0	0	0	0	0	0	0	0	0	1401	1	0	0	0	0	0	0	0	0	1	0
386273	0	0	0	0	0	0	0	0	8	9	3	26	174	2	0	0	0	0	0	0	0	8	0
162077	28	9	11	7	5	5	203	122	7	107	608	4	1262	27946	5	9	44	8	2	5	5	8	4
279090	2	0	0	0	0	0	0	0	0	0	0	0	0	0	3	136	4	0	0	0	0	0	0
550922	1	3	0	14	2	0	2	0	1	0	0	0	0	0	1	2	0	0	14	758	3084	10	2
570826	3	0	1	15	1	1	0	0	1	0	1	0	0	1	1	5	2	0	196	1136	2285	6	0
558597	0	0	0	2	0	0	0	0	0	0	1	0	0	1	0	3	0	0	22	88	245	0	0
163978	1	0	1	19	1	0	0	0	0	1	0	0	1	0	0	0	2	0	69	972	1718	5	1
594030	0	0	0	9	0	0	1	0	0	0	0	0	0	0	0	1	1	0	178	727	1665	6	0
214563	0	0	0	0	0	0	9	0	0	93	0	0	0	1	0	0	0	0	0	0	0	0	0
6678	3	5	3	5	3	0	690	8	2	10145	15	1	4	24	0	8	4	2	2	1	0	0	3
150145	270	383	337	3	0	2	2	2	0	2	0	0	0	2	6	2	2	4	1	0	0	0	0
558915	104	106	118	0	0	1	0	10	0	1	1	0	0	2	0	1	0	9	0	0	0	0	1
546434	26	22	20	1	0	0	0	84	0	0	0	0	0	0	0	0	0	4	0	2	0	0	0
563047	1	0	2	2	1	2	1219	6	4	52	7	1	7868	303	0	1	2	1	1	0	0	2	0
236325	2	12	10	0	0	0	195	2	1	131	0	0	40	1	1	1	1	2	1	0	0	1	0
310487	29	62	57	0	0	0	0	76	0	1	0	0	0	0	0	0	0	101	0	1	0	0	0
570888	270	968	808	3	7	0	5	5	0	95	1	1	31	3	5	0	1	5	0	3	1	0	0
170130	35	41	43	1	0	0	0	83	0	0	0	0	0	0	0	0	0	3	0	0	0	0	0
150508	17	18	4	49	2	1	0	1	3	26	0	7	2	5	0	1	1	0	0	0	1	2	2
111824	10	17	16	19	4	1	1	2	0	161	0	0	0	2	0	0	1	3	1	0	5	0	1
144381	8	5	14	31	2	0	0	0	2	30	0	0	0	2	0	1	0	9	0	1	3	0	0
238272	0	0	0	0	0	0	0	0	0	0	0	0	0	1	1	0	0	154	0	0	0	0	0
367189	2	2	3	5	2	0	0	5	1	5	1	0	6	2	25	1	82	211	0	2	0	0	0
7185	68	67	69	0	0	0	0	9	0	14	0	0	0	1	21	24	0	1	0	0	0	0	0
255307	23	51	40	2	0	0	0	10	1	81	1	0	0	0	7	18	0	0	0	0	0	0	0
583804	0	0	0	0	0	0	0	111	1	0	0	0	0	0	1	1	0	6	0	0	0	0	0
259583	0	1	0	0	0	0	0	0	0	0	1	0	0	1	20	0	144	0	0	1	1	0	0
324381	2	4	0	1	1	1	0	1	1	1	1	0	0	14	75	37	1226	79	2	5	0	0	1
250119	22	78	93	0	0	0	0	2	0	0	0	0	0	0	0	1	0	1	0	0	0	0	0
156814	2	3	2	4	0	0	0	176	0	0	4	0	0	2	0	0	2	3	0	0	0	0	0
22530	4	5	5	1	0	0	11	3	0	134	0	0	0	0	0	2	0	7	0	2	0	0	0
511916	1160	2643	2321	6	2	0	8	9	0	0	2	0	0	1	19	2	2	14	0	4	3	1	3
581579	29	77	48	0	0	0	0	0	0	0	0	0	0	0	0	0	0	1	0	0	0	0	0
361480	20	4	5	21	9	6	0	39	48877	17	10	11404	4	18	0	2	5	2	2	1	32	3047	2445
165322	0	0	0	0	0	0	0	0	94	0	0	22	0	0	0	0	0	0	0	0	0	4	8
179261	0	4	2	0	0	0	0	5	65	27	2	10	0	0	0	1	0	11	0	0	0	2	1
589923	14	35	29	0	0	0	0	2	0	3	1	0	0	1	8	10	0	0	0	0	0	0	0
207344	29	28	41	0	0	0	1	1	0	19	0	0	0	0	0	0	0	9	0	0	0	0	0
43158	44	84	50	1	2	0	1	505	2	136	10	0	2	1	0	0	0	5	0	0	0	0	1
220795	13	34	50	0	1	0	0	1	0	9	0	0	0	0	0	0	0	3	0	1	4	0	0
226599	21	83	129	1	1	0	14	4	0	2431	3	1	1	5	0	0	1	2	0	0	2	1	1
95883	50	8	39	3	2	2	0	7026	3	1	123	1	0	12	2	2	3	5494	6	0	0	1	0
309818	3	2	14	0	0	3	0	5032	2	0	57	0	0	1	0	20	1	559	2	1	2	2	0
149330	2	1	0	0	0	0	18	13	0	65	0	0	3	0	0	101	7	7	0	1	1	0	0
6877	4	0	0	0	0	0	0	10	0	1	0	0	0	0	1	66	2	30	0	0	0	0	0
346019	0	0	1	0	0	0	0	247	0	0	5	0	0	0	0	0	0	4	0	0	0	0	0
341757	3	0	1	0	0	0	2	56	0	18	0	0	3	0	0	18	2	6	0	1	0	0	0
584565	0	0	1	0	0	0	0	116	0	0	3	0	0	0	0	0	0	6	0	0	0	0	0
228077	1352	2303	2625	10	3	5	11	7963	1	348	78	0	4	15	13	52	9	752	0	2	1	1	5
536916	28	12	15	0	0	1	0	1111	0	0	5	0	0	1	1	0	1	97	1	0	0	0	0
551154	2	0	4	0	0	0	0	0	0	0	0	0	0	0	0	1	0	233	0	0	0	0	0
589010	21	44	38	0	0	0	0	4	0	0	0	0	0	0	1	4	1	20	0	0	0	0	0
6370	47	127	64	0	0	0	0	77	0	0	1	0	0	1	1	0	0	36	0	1	0	0	0
519627	156	302	313	1	0	0	0	0	0	0	0	0	0	0	0	1	0	2	0	0	0	0	1
360483	0	0	0	0	0	0	2	0	0	0	1	0	226	0	0	0	0	0	0	0	0	0	0
356874	0	0	0	0	0	0	10	0	0	302	0	0	586	3	0	0	1	0	0	0	0	0	0
540352	18	12	4	15	9	8	1983	23	3	463	2175	1	7439	12167	2	4	25	7	3	3	1	3	3
42684	0	0	0	0	0	0	196	0	0	4	0	0	298	38	0	0	0	0	1	0	0	0	0
73021	2	1	1	4	4	3	1547	6	2	161	49	0	12028	3796	0	1	11	4	1	1	0	1	0
470243	2	2	0	0	0	0	197	2	0	2	6	0	150	52	0	0	0	2	0	0	0	0	0
47990	0	1	0	0	0	0	123	0	0	96	0	0	80	3	0	1	0	0	0	0	0	0	0
63985	0	0	0	0	0	0	2	0	0	0	2	0	4	105	0	0	0	0	0	0	0	0	0
470724	0	0	1	0	0	0	491	0	0	7	0	0	23	9	1	0	0	0	0	0	0	0	0
221384	4	4	2	3	1	2	2768	4	1	105	40	2	12911	4931	1	4	16	4	8	0	0	0	1
360229	174	84	32	88	43	47	29	113	27	137	2014	33	11532	540850	16	83	786	145	32	31	24	41	32
6402	0	0	0	0	0	0	12	0	1	4	20	0	50	642	0	0	1	0	0	0	0	0	0
56599	0	0	0	0	0	0	112	1	0	21	3	0	162	19	0	0	0	1	0	0	0	0	0
536311	99	37	24	36	20	26	11	94	11	129	1096	13	3810	190356	5	34	372	57	14	12	12	30	17
125235	4	6	1	1	1	0	3866	6	0	95	8	0	1937	101	0	5	1	0	1	1	0	0	1
92167	0	2	0	0	0	1	0	0	0	0	17	1	406	96	0	0	1	0	0	0	0	0	0
22981	1	1	0	0	0	0	0	2	0	1	1	0	4	110	0	0	3	0	0	0	0	0	0
240452	112	332	158	0	1	0	0	8	0	0	0	0	0	0	1	1	0	5	0	0	0	0	0
200807	3	1	7	0	0	0	0	11	0	0	1	0	0	0	0	0	0	557	0	0	0	0	0
41200	19	53	56	1	1	1	0	1596	0	1	17	0	0	1	0	0	1	10	0	0	0	0	0
224900	266	584	794	3	2	0	0	5	0	0	3	0	0	3	3	1	4	24	0	0	0	1	1
234053	37	48	62	1	0	0	0	19	0	0	1	0	0	0	0	0	0	1	0	0	0	0	0
150739	14	24	22	0	0	0	0	48	0	0	1	0	0	0	1	2	0	0	0	0	0	0	0
224259	153	340	327	3	2	0	0	63	0	0	1	0	1	1	0	0	0	3	0	0	0	0	0
250010	26	78	166	6	1	2	3	48	0	2	2	0	1	3	1	0	1	11	0	0	0	2	0
583255	166	254	309	4	1	0	0	123	0	0	4	0	0	2	1	0	1	3	0	0	0	0	0
277681	26	59	79	2	1	0	0	313	1	1	7	1	0	0	0	0	0	5	0	0	0	0	0
551424	1443	2718	3160	27	16	8	18	19920	5	3	216	3	5	7	28	7	1	81	10	4	4	3	3
215229	8	9	14	1	1	0	0	75	0	1	4	0	0	1	0	0	0	30	0	0	0	0	0
222729	144	287	408	8	16	1	3	936	0	1	18	0	11	2	1	0	1	90	1	1	4	2	2
285572	81	170	175	0	0	0	0	12	0	0	1	1	2	0	1	0	0	1	0	0	0	0	0
541147	33	75	128	2	3	0	0	0	1	0	0	0	0	0	0	0	0	1	0	0	0	0	0
593905	329	425	430	5	5	1	1	0	1	1	1	1	0	1	2	1	0	1	0	2	0	0	1
219174	277	803	948	5	0	1	6	5	0	1	2	0	19	2	4	3	1	19	0	7	0	0	1
281246	142	182	175	1	3	0	0	0	0	36	0	0	0	1	2	0	0	0	0	0	0	0	0
579023	561	849	771	4	0	0	0	1	0	6	0	0	0	2	7	1	3	2	0	0	0	0	3
279993	2715	3452	3649	18	3	2	1	19	0	13	9	1	0	8	21	10	4	31	0	2	1	1	4
336201	10	17	13	0	0	0	0	0	0	62	0	0	0	1	0	0	0	0	0	0	0	0	0
563745	286	411	406	0	1	0	0	1	1	0	1	0	0	0	1	3	0	4	0	0	0	0	1
168042	1935	2086	2275	14	2	4	0	12	0	0	4	1	0	2	18	5	2	10	1	0	0	1	3
165384	6170	9457	8131	35	9	4	4	34	4	1	11	3	6	21	52	18	7	59	0	3	0	3	17
235519	158	183	204	3	1	1	0	0	0	13	0	0	1	1	1	0	0	0	0	0	0	0	1
352281	60	50	46	0	0	0	0	0	0	0	1	0	1	0	0	0	0	1	0	0	0	2	0
224647	23	31	40	0	0	0	0	0	0	11	0	0	0	0	0	0	0	2	0	0	0	0	0
221665	65	178	142	1	1	0	0	0	1	0	0	0	0	0	0	0	0	1	0	0	1	0	0
142009	27	38	53	0	0	0	0	0	0	0	0	0	0	1	1	0	0	0	0	0	0	0	0
157311	120	224	232	2	3	0	1	8	0	1	1	0	11	0	3	0	5	4	0	3	2	0	2
264040	65	189	131	3	1	0	12	39	0	3	2	0	2	1	3	3	2	45	0	2	1	1	0
104555	553	1562	1396	4	1	0	2	9	0	2	5	0	5	3	12	3	1	60	0	0	1	1	4
114612	5817	16975	15389	23	5	5	48	72	6	88	16	17	197	29	706	380	106	4214	3	6	3	3	15
537948	11	36	25	0	0	0	0	4	0	0	0	0	2	0	9	5	1	25	0	0	0	0	0
105727	92	307	307	0	0	0	0	3	0	5	0	0	0	0	2	42	4	13	0	0	0	0	0
250544	1668	4698	4382	17	3	0	24	43	1	38	9	13	83	12	623	261	132	1728	2	2	3	1	4
202563	58	158	160	2	0	1	0	1	0	1	0	0	0	0	0	2	0	0	0	0	0	0	0
306546	30	81	59	0	0	0	1	3	0	3	0	0	0	0	7	6	3	17	0	0	2	0	0
108436	0	2	1	0	0	0	0	0	0	78	0	0	71	0	0	1	0	0	0	0	0	0	0
99150	285	1150	1220	2	0	3	0	364	1	1	3	1	2	19	35	83	532	245	2	0	0	0	1
242585	11	47	25	2	0	1	0	4	0	0	2	0	0	3	946	332	318	14	1	0	1	0	1
354554	50	220	163	2	3	2	0	11	0	0	2	0	2	23	531	157	2205	19	5	0	2	0	0
107387	207	211	59	12	9	15	8	10	4	10	15	1	3	162	6123	20648	14729	10	32	7	7	9	6
306270	63	26	84	2	5	7	2	11357	5	2	155	2	2	16	4	5	4	8087	3	2	0	2	1
137279	143	721	772	1	0	1	0	4	0	0	0	0	0	2	5	0	0	6	0	0	0	0	0
168285	65	314	348	1	0	1	1	27	0	1	2	0	2	2	7	2	1	664	17	33	45	1	0
551992	8	28	30	0	1	1	0	17	0	0	0	1	1	2	3	3	2	213	0	1	4	0	0
592669	138	606	767	0	0	1	0	2	0	0	3	0	0	0	3	1	2	7	1	0	1	0	0
141903	5	9	20	0	0	0	13	18	0	16	4	0	9	0	2	3	2	1	11	7	21	0	0
145637	1	11	4	0	0	0	0	1	0	0	0	0	0	0	0	0	0	1	17	16	74	1	1
137480	183	573	915	2	0	0	0	14	0	1	0	1	0	0	5	2	1	14	0	0	0	0	1
198458	11	24	15	1	0	0	0	2	0	0	0	0	0	0	0	41	0	8	0	0	0	0	0
528137	27	82	134	0	0	0	0	11	0	0	1	0	0	0	0	0	2	1	0	0	0	0	0
141618	243	619	1026	3	2	0	15	62	1	170	1	1	1	0	6	0	0	56	0	5	2	0	0
336177	21	55	41	0	0	0	0	2	0	1	0	0	0	0	2	0	0	2	0	0	0	0	0
553899	128	252	333	1	0	0	0	12	0	0	0	0	0	1	1	0	0	0	0	0	0	0	2
245670	865	2322	1431	4	0	0	2	49	0	18	0	0	0	0	12	3	3	10	0	1	0	2	3
234236	32	76	49	0	0	0	0	1	0	0	0	0	1	0	0	0	1	1	0	0	0	0	0
556474	15	50	55	1	2	1	1	53	0	2	3	0	1	0	1	1	0	2	0	0	1	0	0
207373	3	12	13	0	1	0	0	63	0	1	1	0	0	0	0	0	0	4	0	1	8	0	0
245525	11	59	75	1	0	0	0	2	1	0	0	0	0	0	0	0	0	3	0	0	0	0	0
100201	16	117	106	1	1	1	54	4	0	49	0	0	13	1	0	0	4	3	2	0	0	0	0
155215	28	58	93	1	0	0	2	6	0	2	0	0	0	0	5	1	1	4	0	2	0	0	0
239439	19	166	153	2	2	0	0	4	0	1	0	0	0	0	1	0	0	0	21	202	145	0	0
137170	73	308	445	0	1	0	0	126	1	0	6	0	0	1	2	0	0	12	0	0	0	0	0
200507	19	91	80	0	1	0	0	2	0	0	0	0	0	0	1	1	35	6	0	0	0	0	0
43046	89	238	330	1	0	0	0	1	0	0	0	0	0	0	2	3	0	3	0	0	0	0	0
323221	65	159	334	0	0	0	0	347	0	0	4	0	0	3	3	0	0	91	0	0	0	1	1
6749	93	351	436	1	0	0	0	1	0	0	0	0	0	0	3	1	0	3	0	0	0	0	0
163176	26	15	53	1	0	0	1	2	0	1	0	0	0	2	0	0	0	26	1	0	0	0	0
567753	142	495	751	0	1	0	0	8	0	2	0	0	0	2	2	3	0	88	0	1	0	0	0
169725	0	2	2	0	0	0	4	0	0	22	0	0	1	0	0	0	0	8	10	77	5	0	0
147910	36	210	386	1	1	0	0	2	0	1	0	0	0	0	3	1	0	2	0	0	1	0	0
356823	120	187	170	0	0	0	0	71	0	6	0	0	14	1	0	0	0	33	0	0	0	0	2
168182	6	8	9	0	0	0	0	77	0	0	0	0	0	0	0	0	0	4	0	0	0	0	0
149145	95	58	59	2	0	1	0	0	0	0	1	0	0	0	1	0	3	2	0	0	0	1	0
143561	12	37	20	1	0	0	2	1034	1	13	18	0	0	1	0	1	0	3	6	54	2	0	0
6792	0	3	1	0	0	0	0	1	0	0	0	0	0	3	17	1	144	0	0	0	0	0	0
6783	79	236	134	0	0	0	0	3	0	9	0	0	0	0	3	1	0	3	0	0	0	0	0
586984	83	112	166	0	0	0	1	51	0	28	2	0	0	0	1	1	1	660	0	1	0	0	1
265716	80	44	74	1	1	0	1	24	0	2	1	1	1	0	1	0	0	13	0	1	0	0	0
234901	26	95	78	0	1	0	1	70	0	5	6	1	2	2	9	3	4	40	0	0	0	0	0
6750	4	18	72	1	0	0	0	4	25	0	0	3	0	0	0	2	1	2	0	0	0	0	0
165690	2	0	4	0	0	0	2	0	0	107	0	0	0	0	0	0	0	0	0	0	0	0	0
80896	17	43	35	1	0	0	0	23	0	2	2	0	0	0	2	3	1	3	0	0	0	0	0
107623	1132	2132	2206	5	0	0	2	154	0	87	4	1	1	3	20	14	6	17	0	1	1	0	5
140458	146	261	316	0	1	0	1	622	0	35	14	0	5	8	2	3	2	7018	1	0	0	0	0
576674	102	239	316	4	0	0	0	28	0	19	0	0	0	1	4	0	1	5	0	0	1	0	0
30390	31	108	50	0	0	0	0	10	0	3	0	0	0	0	2	1	0	0	0	0	1	0	0
144181	119	134	124	1	0	0	0	1	0	0	0	0	0	1	1	0	0	1	0	0	1	0	0
551430	29	44	88	0	0	0	0	3	0	3	0	0	0	0	0	0	0	1	0	0	0	0	0
153255	137	250	466	1	0	0	0	3	0	16	1	0	1	1	4	1	0	4	0	0	0	0	2
230074	25	212	131	0	0	0	0	5	0	0	0	1	1	1	3	0	1	8	0	0	0	0	0
42580	93	346	203	1	0	0	0	2	0	1	0	0	10	0	0	3	0	2	1	0	0	0	0
6713	18	32	52	1	0	0	0	0	1	3	0	0	0	0	3	0	0	0	0	0	0	0	1
151035	0	1	2	0	0	0	0	24	0	0	0	0	0	0	0	0	0	79	0	0	0	0	0
278532	25	109	99	0	1	0	0	83	0	0	1	0	0	1	0	11	0	5	0	0	0	0	0
276290	5	37	68	3	2	1	0	0	1	0	0	0	1	1	0	0	1	0	0	0	0	0	0
142298	13	36	94	4	1	0	0	0	2	8	0	0	0	0	1	0	0	2	0	0	0	0	0
205571	178	467	822	8	8	1	0	1	0	23	2	0	1	2	6	1	1	7	0	1	1	1	0
204943	774	1325	1467	4	2	0	0	5	0	0	1	0	0	6	9	2	0	11	0	0	0	2	2
222917	35	12	29	0	0	1	0	1	1	0	3	0	6	3	0	2	0	3929	0	0	2	0	0
148449	20	52	44	0	0	2	0	0	0	0	0	0	1	1	0	1	1	2	0	1	0	0	0
156101	24	36	33	8	5	8	0	38	1	14	1	2	0	0	9	3	69	2	1	8	3	0	0
342642	0	1	0	2	1	0	0	0	0	0	0	0	0	0	0	1	3	0	53	385	201	0	0
254959	9	99	158	2	0	0	10	0	0	0	0	0	0	1	2	1	0	0	68	435	110	1	0
117907	14	104	32	6	0	2	2	1	1	1	3	0	0	10	3369	241	265	4	1	8	1	1	1
214210	1570	3839	3778	6	0	0	0	14	1	1	4	0	0	6	23	3	0	34	1	3	2	2	3
325942	73	84	65	0	0	0	0	1	0	0	0	0	0	0	0	0	0	1	0	0	0	0	1
573582	408	1708	2466	1	1	1	0	4	0	1	2	0	0	2	14	1	1	15	0	3	6	0	0
233959	21	83	112	0	2	0	0	1	0	1	0	0	0	0	2	0	0	2	0	0	0	0	1
136009	88	203	306	2	1	0	0	0	0	0	0	0	0	0	2	0	0	0	0	9	17	0	0
242598	85	114	199	0	1	0	0	1	0	1	0	1	0	0	2	0	0	2	0	1	3	1	0
562528	13	92	57	0	0	0	0	0	0	0	0	0	0	1	1	0	0	1	0	3	1	0	0
6772	102	559	765	6	2	0	0	5	0	78	0	0	0	3	5	0	0	5	0	0	0	0	0
245116	10	40	27	1	0	0	0	54	0	0	2	0	0	0	1	1	0	1	0	0	2	0	1
539260	41	215	313	1	0	0	0	1	0	0	0	0	0	0	3	0	0	0	0	0	0	0	0
509637	20	65	56	1	0	0	0	3	0	0	0	0	0	0	0	0	0	0	0	0	0	0	0
529615	15	28	29	0	0	0	0	16	0	0	0	0	0	0	10	34	9	1	0	1	1	0	0
551467	3	8	5	0	0	2	50	4	0	184	0	0	75	0	0	0	2	8	0	0	0	0	0
255137	6	2	7	0	0	1	0	279	0	5	3	0	0	0	0	0	0	37	0	1	0	0	0
157564	16	34	17	0	0	0	6	30	1	21	2	0	0	0	0	0	0	11	0	0	0	0	0
224948	45	33	35	0	0	0	0	2	0	0	0	0	0	1	1	0	0	0	0	0	0	0	0
533198	7	26	31	0	0	0	0	20	0	29	0	0	0	0	0	0	0	2	0	3	0	0	0
181996	171	476	220	1	0	1	0	20	0	1	1	0	1	0	4	0	0	3	0	0	0	0	0
235428	4	1	3	0	0	0	0	16	0	0	0	0	0	0	0	0	0	111	0	0	0	0	0
251263	438	1409	902	5	1	9	16	1174	1	61	23	0	34	2	9	2	0	142	2	3	7	0	0
587586	82	196	195	0	1	1	0	5	0	0	0	0	0	0	1	0	0	1	0	0	0	0	0
586230	5	10	7	0	0	0	1	140	0	14	3	0	5	0	0	0	0	3	0	0	0	0	0
303815	6	16	11	1	1	0	25	4	0	113	0	0	55	1	0	0	0	3	0	1	1	0	0
202769	10	12	16	0	0	0	2	91	0	1	0	0	0	0	0	0	1	434	0	1	1	1	1
7288	3	20	12	1	2	0	11	335	0	64	4	0	19	1	0	1	1	40	0	0	2	0	1
563357	85	214	165	1	0	0	0	159	0	2	5	1	2	1	0	0	0	6	1	1	0	0	0
60344	3	2	1	2	2	1	33	1	0	176	0	0	87	1	0	0	0	1	0	1	0	0	0
110675	2	2	2	0	4	5	36	1	0	352	0	0	89	0	0	0	1	66	0	1	0	0	0
236550	1	2	3	0	0	0	11	2	0	61	1	0	9	1	0	0	0	20	0	3	0	0	0
571521	0	1	1	3	1	5	2	0	1	87	0	0	20	1	0	1	2	23	1	0	1	0	1
102382	5	11	7	1	5	4	179	5	0	790	5	0	291	1	0	0	1	273	2	0	0	1	0
155597	0	4	1	0	2	0	11	0	0	71	0	0	27	0	0	0	0	16	1	0	0	0	0
358564	0	3	0	0	8	1	26	0	0	120	0	0	131	0	0	0	0	5	0	0	1	0	0
313175	2	3	4	8	15	7	92	16	0	771	0	0	344	2	0	1	0	68	1	2	2	0	0
278496	4	12	7	2	1	4	25	0	0	112	0	0	15	1	1	0	0	26	0	1	0	0	0
225949	9	35	9	1	13	2	126	4	0	367	1	0	279	1	0	0	1	43	0	0	1	0	1
325947	19	18	13	0	0	0	0	53	0	2	0	0	0	1	1	0	0	166	1	0	0	0	0
133568	19	96	75	0	1	0	0	16	0	1	0	0	1	0	0	4	1	6	2	1	0	0	0
97447	6	9	7	0	1	0	0	78	0	1	0	0	0	0	0	0	0	60	0	0	0	0	0
67839	28	24	34	0	0	0	0	121	0	6	1	0	0	0	1	0	0	189	0	0	0	0	0
323686	2	3	8	0	0	1	1	3169	0	0	32	0	0	4	0	29	0	34	0	0	1	0	0
263630	1	0	0	0	0	0	0	34	0	0	0	0	0	1	0	0	0	72	0	0	0	0	0
242288	144	42	84	7	1	5	0	7467	0	1	92	1	0	14	1	9	1	13887	1	0	2	5	2
324539	123	28	88	7	2	7	1	11011	4	6	151	3	0	18	3	5	6	15151	3	2	2	3	1
348675	1	2	2	0	0	0	0	122	0	1	0	0	0	1	0	0	0	25	0	0	0	0	0
354510	28	43	61	1	1	0	0	27	0	11	0	0	0	0	20	8	116	3	0	0	0	0	0
339951	0	8	4	0	0	0	0	1	0	2	0	1	0	0	22	61	10	0	0	0	0	0	0
7396	5	14	14	0	2	0	0	11	0	0	1	0	2	0	167	468	128	1	0	1	0	0	0
73191	770	1765	1464	3	1	1	1	737	2	56	10	1	2	5	52	77	20	29	0	1	1	0	3
33253	302	515	531	1	1	0	0	550	0	21	5	0	1	4	5	51	10	7	1	0	0	0	2
293030	0	1	0	0	0	0	0	0	0	0	0	0	0	0	41	3	58	0	0	0	0	0	0
349239	2	5	2	0	0	0	0	0	0	2	0	0	2	2	156	8	240	0	0	0	0	0	0
243860	2	9	3	0	1	0	0	1	0	6	0	0	0	1	260	1	57	1	1	0	1	0	0
320002	122	306	193	1	1	1	0	457	0	3	6	1	0	1	1	2	0	177	1	0	0	0	0
576928	34	150	110	0	0	0	0	6	0	0	0	1	0	0	0	0	0	0	0	0	0	0	0
306159	162	1079	1004	1	0	1	0	1072	0	0	18	0	1	1	6	0	0	56	1	0	0	0	0
170339	20	24	20	5	3	7	10	102	0	83	3	2	1	3	2	1	2	6	3	0	0	0	1
574956	276	356	385	2	0	0	0	33	0	3	3	0	0	0	1	0	2	30	0	0	0	1	0
107152	11	5	14	0	1	0	0	809	0	3	7	0	0	0	0	1	0	116	0	0	0	0	0
97627	25	51	76	4	3	1	19	13	0	963	1	1	13	3	3	0	1	5	0	0	0	0	0
64871	83	463	147	3	3	5	145	4911	2	5072	75	0	26	16	5	121	12	105	3	2	0	0	3
155949	26	57	50	1	4	1	11	9	0	71	0	0	39	0	0	0	0	6	0	6	0	1	0
374294	22	39	44	0	2	0	6	10	0	77	0	1	16	1	1	0	0	1	0	0	0	0	0
593598	79	153	84	2	3	0	1	32	0	255	1	0	22	1	0	0	1	85	0	1	0	2	0
237073	17	32	28	2	4	1	4	15	1	24	1	1	15	1	0	0	0	7	0	1	0	0	0
119723	122	355	320	2	0	0	0	67	0	5	3	0	0	1	2	2	0	16	0	0	0	0	0
422910	13	33	45	1	1	0	0	11	0	0	1	0	0	0	0	0	0	43	0	0	0	0	0
328795	10	20	17	0	0	0	0	99	0	2	0	0	0	0	2	0	1	12	0	0	1	0	0
141709	5159	7214	8475	30	5	12	39	24082	8	1531	233	5	32	28	64	235	28	1636	13	8	3	0	15
327583	61	93	129	0	0	1	1	300	0	14	9	0	0	0	1	2	1	165	0	0	1	0	2
74685	169	294	210	6	1	1	23	461	0	181	5	0	31	5	0	0	2	850	0	3	0	0	1
64550	278	751	681	4	3	1	8	3949	0	326	46	4	13	7	19	10	2	103	1	2	1	0	0
592118	59	230	322	0	3	1	94	146	9	1790	3	21	535	11	1	72	9	75	2	0	0	2	6
83899	7	13	22	1	0	0	0	44	0	8	5	0	0	0	1	1	0	11	0	0	0	0	0
6925	2	3	6	0	0	1	0	96	0	1	4	0	3	0	0	0	1	1	0	0	0	0	0
579731	0	0	0	0	0	0	1	36	1	218	0	0	0	0	0	0	2	0	0	0	0	0	0
576010	2	2	2	0	0	0	14	19	0	1171	1	0	4	0	0	13	2	1	1	0	0	1	0
6936	33	38	24	0	0	0	51	39	0	13	0	0	0	0	0	1	0	28	1	0	0	0	0
239064	2	5	1	3	1	2	36	9	0	24	0	0	47	0	0	1	0	0	1	3	0	0	0
410688	25	16	19	2	1	1	25	129	0	373	8	0	25	2	0	47	5	2892	2	0	0	0	3
112155	0	1	4	0	0	1	0	91	0	1	1	0	0	0	1	0	0	3	0	0	0	0	0
152484	6	6	3	0	0	0	0	58	0	0	3	0	0	0	0	49	1	538	0	0	0	0	0
141024	456	954	792	1	0	0	0	401	0	30	5	0	0	1	40	110	17	8	0	1	0	0	0
580578	146	408	208	3	1	1	0	90	0	0	1	0	0	1	0	0	0	102	0	0	0	0	0
194785	22	35	49	0	1	1	0	74	0	11	2	0	0	0	0	0	0	24	0	0	0	0	1
113128	18	39	14	1	0	0	0	43	3	3	3	0	0	1	1	0	0	11	0	0	0	0	0
124653	182	571	478	5	0	0	0	467	0	14	8	1	0	5	2	1	1	120	0	1	0	0	0
243487	11	16	22	1	0	0	0	59	0	0	3	0	0	0	1	0	0	33	0	0	0	0	0
332569	20	33	32	1	0	0	1	179	0	6	3	0	0	1	0	0	0	67	0	0	0	0	0
582407	25	14	40	1	3	15	2	30047	4	103	377	1	1	40	4	9	3	138	11	3	2	0	2
143875	21	23	28	0	0	0	2	87	0	2	3	0	0	0	0	0	0	23	0	0	0	0	0
72406	58	139	124	0	0	0	0	104	1	7	4	0	0	1	0	0	1	82	0	0	0	0	0
324241	79	35	58	3	0	1	0	55	1	2	8	0	0	11	1	2	3	13092	2	0	0	2	0
328912	35	148	169	2	2	0	1	61	0	8	2	0	0	3	2	2	1	5	0	0	1	0	0
342959	20	2	3	0	0	0	0	12	0	0	1	0	0	0	0	0	0	175	0	0	0	0	1
211171	10	7	11	0	1	0	9	123	1	81	2	0	44	0	0	0	1	83	0	1	0	0	0
229790	454	153	327	28	8	6	0	2236	3	11	85	6	3	39	8	30	22	51920	5	13	4	13	5
213853	3813	5532	6478	47	9	19	29	21320	14	1127	295	2	27	48	58	167	26	4912	10	7	3	4	12
86368	3	6	5	0	0	1	5	7	0	18	2	0	28	0	0	0	0	84	0	1	0	0	0
62986	173	487	242	1	0	1	0	35	0	0	0	0	0	2	2	1	0	1	0	0	0	0	2
368509	54	86	63	0	1	0	0	234	0	7	5	0	3	4	1	0	2	1551	0	0	0	1	0
584289	55	52	33	0	0	1	0	43	0	287	0	0	8	0	0	0	0	103	0	0	0	0	1
325509	0	1	0	0	0	0	2	2	0	368	0	0	38	0	0	0	0	5	0	0	0	0	0
230788	14	14	13	0	0	0	0	3	0	0	0	0	1	0	0	0	0	77	0	0	0	0	0
162964	4	5	8	0	1	3	0	5377	0	0	63	0	1	5	1	0	2	24	5	0	0	1	0
228981	105	113	130	2	1	1	1	198	0	5	6	0	1	5	1	1	0	1305	0	0	1	0	2
322506	274	388	334	2	0	0	0	51	0	0	0	0	0	1	2	1	2	265	0	0	0	0	2
156790	1	1	1	0	2	0	36	50	0	97	0	0	75	0	0	0	0	50	0	1	0	0	1
142773	104	24	64	3	1	0	0	368	0	27	9	0	9	4	1	1	3	8172	0	2	1	1	1
114925	23	24	26	0	0	0	4	145	0	19	2	0	9	0	0	0	0	0	0	0	0	0	0
544356	2740	2199	2938	24	9	4	2	1521	1	37	35	3	9	23	17	7	6	22164	2	4	4	8	15
315609	110	240	232	1	0	0	0	263	0	13	5	0	1	4	1	4	1	186	0	2	0	0	0
337173	21	59	68	1	0	0	0	159	0	15	2	0	0	1	0	2	0	123	0	0	0	0	1
141075	13	12	20	0	0	0	0	5	0	1	0	0	0	0	1	0	5	65	0	0	0	0	0
321088	11	71	74	1	0	0	8	12	0	2	0	0	0	0	0	0	0	1	0	0	0	0	0
235390	152	184	162	0	0	0	2	0	0	0	1	0	0	0	1	1	0	2	0	0	0	0	1
100099	22	64	58	1	1	0	0	1664	0	10	29	0	8	1	38	157	22	6	0	1	1	0	0
584580	43	39	33	2	1	0	2	3659	0	4	44	0	1	3	1	1	1	49	1	0	0	0	1
90602	4	23	14	0	0	0	0	56	0	34	1	0	0	0	11	11	0	3	0	0	0	0	0
199441	9	18	11	0	0	0	0	24	0	2	0	0	0	0	0	0	0	274	0	0	0	0	0
593538	7	3	0	0	0	1	0	309	0	7	6	0	0	1	0	0	0	2	0	0	0	0	0
552978	275	431	519	1	1	0	1	1821	0	13	27	0	5	2	9	14	2	10	2	0	0	1	0
105792	22	42	54	0	0	0	0	31	0	6	0	0	0	0	1	0	0	17	0	0	0	0	0
280799	0	0	0	0	0	0	19	1	0	623	0	0	19	2	0	4	0	2	0	0	1	0	0
347702	23	111	142	0	0	0	0	4	0	1	0	0	0	0	2	0	0	3	0	0	0	1	0
101552	140	328	332	1	0	1	65	303	0	1026	5	0	1	7	243	1960	102	455	3	1	0	0	1
511659	18	94	39	0	0	0	0	39	0	2	0	0	0	0	0	0	0	1	0	0	0	0	0
7151	12	14	7	0	0	0	53	36	0	56	0	0	18	3	0	33	2	39	0	0	0	0	0
37911	11	68	34	0	1	0	0	3	0	0	0	0	0	1	1	0	0	1	0	0	0	0	0
557460	14	36	15	3	0	0	4	215	0	212	6	0	23	3	4	29	19	44	1	0	1	0	0
263929	158	465	426	1	2	0	1	1559	0	115	29	4	3	1	10	1	1	118	0	0	1	0	1
110814	7	89	42	0	0	0	0	2	0	1	0	0	0	0	0	0	0	0	0	0	0	0	0
110215	13	263	105	0	0	0	0	21	0	0	0	0	0	0	0	0	0	1	0	0	0	0	0
261931	82	196	159	2	0	2	0	1962	0	1	18	0	0	5	1	1	0	9	1	0	0	0	0
7173	66	93	115	0	0	0	0	373	0	19	5	0	1	2	1	2	0	115	0	0	0	0	1
233054	2	9	4	1	1	0	9	444	1	19	9	0	16	1	1	1	0	12	0	0	0	0	0
277679	36	82	65	7	3	0	15	83	0	65	1	1	0	1	2	4	3	96	0	1	0	0	0
260565	17	74	61	0	0	0	0	2	0	0	0	0	0	0	0	0	0	1	0	0	0	0	0
107880	740	1531	1366	4	5	0	2	3424	0	13	38	1	2	5	15	4	2	38	1	0	3	0	4
185782	3	5	4	0	0	0	0	156	0	3	2	0	0	0	0	0	1	1	0	0	0	0	0
327001	69	162	159	0	0	0	0	6	0	1	0	0	0	0	0	0	0	5	0	0	0	1	0
587796	10	14	22	0	0	0	1	770	0	0	11	0	0	0	0	0	0	15	0	0	1	0	0
221331	186	462	253	2	2	1	0	791	0	12	12	0	0	0	0	1	0	6	0	1	0	0	0
217417	67	300	257	3	1	0	2	104	0	48	1	1	6	0	0	1	0	124	0	4	0	0	0
317724	8	28	41	0	0	0	0	367	0	6	7	0	1	0	1	0	0	9	1	1	0	0	0
225864	145	311	162	0	0	1	1	54	1	10	2	0	0	0	1	0	0	8	0	0	0	0	0
230801	1654	2117	1781	11	0	4	1	23	1	25	2	1	1	2	12	3	2	157	0	0	0	1	5
342757	1256	1900	1511	19	10	2	2	22	0	17	1	1	5	8	15	5	3	254	0	1	1	3	5
214611	32	246	312	3	8	2	3	0	0	0	0	1	0	0	1	0	1	3	0	0	1	0	0
576053	311	579	477	2	3	0	0	929	0	7	5	1	32	1	2	0	2	29	1	0	3	1	1
200741	8803	12180	9967	62	24	10	10	98	6	137	13	3	19	21	56	24	17	961	1	8	3	5	18
107290	29	57	95	0	0	0	0	3	0	1	0	0	0	0	2	0	0	5	0	3	0	0	0
355367	1	1	2	1	0	0	5	0	1	924	0	0	0	1	0	0	0	0	0	0	0	0	0
323551	151	425	487	2	0	1	0	9	1	5	1	0	0	1	3	1	0	17	0	0	0	0	0
166838	80	238	242	0	0	0	0	239	0	0	1	0	1	0	0	0	0	5	0	0	0	0	0
17679	332	574	412	1	0	0	0	9	0	1	2	0	0	0	5	0	0	13	0	2	0	0	1
218435	3	91	36	1	0	0	0	1	0	1	0	0	0	1	0	0	0	0	0	0	0	0	0
208255	67	136	134	1	0	0	15	371	1	3193	6	2	0	5	1	15	0	986	0	3	4	4	0
139162	2	2	0	0	0	0	0	1	0	0	0	0	0	1	23	7	190	0	0	0	0	0	0
469903	0	0	0	0	0	0	177	0	0	13	0	0	533	13	0	0	0	0	0	0	0	0	0
65940	0	0	0	1	0	1	214	3	0	3	0	1	781	13	0	0	0	0	0	0	1	0	0
173632	1	1	3	0	0	0	2	347	0	87	7	0	35	2	0	0	0	29	1	3	12	0	0
109054	6	1	1	5	2	0	0	1	0	0	0	0	5	4	9	97	4	0	0	2	0	0	0
50424	0	0	0	184	124	112	0	1	0	0	0	0	0	6	0	0	0	0	0	0	4	0	0
316071	3	1	0	0	0	1	0	0	0	0	0	0	0	0	52	291	0	0	0	3	1	0	0
8882	21	70	26	5	1	1	8	0	0	0	0	1	0	1	1706	1327	26	0	1	8	11	2	1
8886	1	14	5	2	0	1	2	2	0	0	0	0	0	2	797	16	1	0	0	3	6	0	0
357417	38	9	1	7	4	7	0	1	1	6	1	0	0	15	108	7521	594	0	3	10	2	1	1
8873	1	1	0	0	0	0	0	0	0	0	0	0	0	0	5	114	2	0	0	0	0	0	0
164557	3	1	1	0	0	0	0	0	0	1	0	0	0	0	42	299	13	0	0	1	0	0	0
140832	6	2	0	0	0	0	0	0	0	0	0	0	0	0	2	611	16	0	0	0	0	0	0
359108	8	35	25	0	0	0	0	3	0	0	3	0	0	3	0	6	2	1	31	110	31	0	0
140761	1	5	0	0	0	0	4	0	0	0	0	0	9	2	83	119	170	0	0	6	10	0	0
259542	1	4	0	0	0	0	3	0	0	0	0	0	11	0	82	95	136	0	1	4	11	0	0
140774	0	0	1	0	0	0	2	0	0	0	0	0	4	1	39	31	60	0	1	2	5	0	0
161179	0	1	1	0	0	0	2	0	0	0	0	0	3	1	29	40	66	0	0	0	5	0	0
140805	0	2	0	0	0	0	0	0	0	0	0	0	0	0	11	110	10	0	9	18	4	0	0
193662	1	0	0	0	0	0	0	0	0	1	0	0	0	1	1	558	12	0	1	0	0	0	0
160023	70	653	634	0	0	0	0	6	1	0	1	0	0	1	6	161	14	3	11	31	28	0	1
39185	2	2	2	0	0	0	0	0	0	0	0	0	0	0	14	276	21	0	0	34	10	0	0
246806	1	4	6	1	0	2	0	0	0	0	0	0	0	0	0	1	0	0	61	196	96	0	0
268501	21	11	6	0	0	0	0	0	0	0	0	0	0	2	0	1036	5	0	0	0	0	0	0
81643	4	6	9	0	0	0	0	0	0	0	0	0	0	0	2	66	8	0	1	8	1	0	0
531807	0	0	0	0	0	0	0	0	0	0	0	0	0	0	2	96	2	0	0	0	0	0	0
146764	5	0	0	0	0	0	0	0	0	0	1	0	0	0	1	539	13	0	0	0	0	0	0
248182	2	1	0	0	0	0	0	1	0	0	0	0	0	0	4	113	25	0	0	0	0	0	0
392867	3	0	0	0	0	0	0	0	0	0	0	0	0	1	2	193	34	0	0	0	0	0	0
334678	1	2	0	0	0	0	0	0	0	0	0	0	0	0	10	212	6	0	0	1	0	0	0
46271	1	0	1	1	0	0	0	0	0	0	0	0	0	1	5	115	6	0	46	72	2	0	0
255639	0	0	0	0	0	0	0	0	0	0	0	0	0	0	5	264	9	0	0	0	0	0	0
362563	1	2	0	0	0	0	0	0	0	40	2	0	2	1	30	185	99	0	3	68	1	0	0
586740	0	1	0	0	0	0	1	0	0	27	0	0	1	0	13	73	51	0	2	53	1	0	0
70306	1	0	0	0	0	0	0	0	0	0	0	0	0	0	4	280	12	0	0	0	0	0	0
169940	1	1	0	0	0	0	0	0	0	1	0	0	0	0	18	290	105	0	4	48	0	0	0
84937	2	0	1	0	0	0	0	0	0	23	0	0	2	0	25	128	51	0	0	53	1	0	0
9176	0	0	0	0	0	0	0	0	0	0	0	0	0	0	21	12	70	0	0	1	0	0	0
9179	0	0	0	0	0	0	0	0	0	0	0	0	0	0	0	1	1	0	47	60	2	0	0
30925	3	0	0	0	0	1	0	0	0	0	0	0	0	1	3	530	5	0	0	0	0	0	0
549366	15	3	0	0	0	2	0	2	1	0	0	0	0	2	75	1787	194	3	1	11	2	0	0
579117	4	0	0	0	0	1	0	0	0	0	0	0	0	0	1	190	6	0	0	0	0	0	0
160207	1	1	1	0	1	0	0	0	0	44	0	0	686	0	25	163	30	1	0	0	0	0	0
567653	1	1	0	1	0	1	0	1	0	103	1	0	1134	2	12	167	25	1	0	1	0	0	0
160550	1	2	0	0	0	0	0	0	0	0	0	0	1	0	4	108	2	0	0	40	2	0	0
128057	1	1	0	0	0	0	0	0	0	0	0	0	0	0	0	135	2	0	0	0	0	0	0
168069	21	6	1	107	67	60	11	218	1	162	1	1	1	0	0	2	1	32	1	1	2	2	0
70512	3	0	1	0	3	2	2	3	0	3	53	0	37	379	0	1	3	0	1	1	0	0	0
9514	79	42	43	28	37	20	2422	476	13	291	2371	60	11162	140781	9	27	222	33	9	16	10	22	8
129558	0	0	0	0	0	0	105	0	0	49	0	0	361	1	0	0	0	0	0	0	0	1	0
204197	1	3	2	3	1	0	566	6	2	250	236	2	8986	253	0	2	2	2	0	2	0	1	0
32352	4	3	3	0	4	2	30	9	1	3	37	1	96	1984	1	1	2	0	0	0	1	0	2
91583	0	0	0	1	0	0	5	1	0	0	6	0	22	295	1	0	3	0	0	0	0	0	0
557614	0	0	0	0	0	0	38	0	0	6	1	0	184	22	0	0	0	0	0	1	0	0	0
558276	0	0	0	0	0	0	5	1	0	0	10	0	51	613	0	1	2	0	0	0	0	0	0
9562	6	0	1	0	3	1	17	21	2	6	52	2	291	4042	0	1	6	0	0	0	0	1	0
9555	1	0	0	2	3	1	42	4	0	4	10	0	69	439	0	2	1	2	0	0	0	0	0
533937	10	5	4	1	1	1	131	67	0	25	62	1	360	159	3	3	1	1	0	2	0	0	0
94166	354	129	168	133	124	64	6402	1843	66	818	7346	178	28894	396201	49	128	709	116	40	68	46	80	47
140393	4	2	0	0	0	0	1869	12	0	84	14	1	1734	75	0	1	2	2	1	1	1	0	0
9486	2	0	0	1	2	1	5	2	0	0	2	1	59	139	0	2	2	0	0	0	1	0	0
17538	0	0	0	1	1	1	655	1	0	54	4	0	3390	279	0	0	1	7	0	1	0	0	0
151543	0	0	1	2	0	0	5	0	1	7	6	0	708	68	0	1	0	1	0	0	0	1	0
155443	11	3	3	1	1	0	81	15	2	119	19	0	10002	589	1	2	3	3	0	1	0	1	0
49616	0	0	0	0	0	0	0	0	0	96	0	0	2	4	0	0	0	0	0	0	0	0	0
9510	6	2	5	5	4	2	75	52	2	13	119	4	378	5694	2	8	12	6	3	1	1	4	1
82772	100	13	7	27145	19888	23745	4	9	3	7	7	3	9	45	7	50	29	3	65	19	233	39	20
550960	544	54	33	141771	114624	124394	5	41	32	7	55	14	15	118	11	86	65	31	326	17	1123	167	72
236788	102	13	7	30920	25823	28811	1	11	9	0	6	8	5	20	0	18	22	8	77	4	245	39	15
33643	0	0	1	0	0	0	0	0	0	10	0	0	0	2	0	0	0	0	20	216	68	0	0
308102	0	0	0	0	0	2	3	0	0	12	0	0	528	0	0	0	0	0	0	0	0	0	0
9639	0	0	0	0	0	0	17	0	0	17	0	0	72	0	0	0	0	0	0	0	0	0	0
135411	0	0	2	37	26	38	0	0	0	0	0	0	0	0	0	0	1	0	0	1	0	0	0
63945	0	0	0	0	0	0	0	0	0	0	0	0	0	0	0	2	3	0	27	358	20	0	0
9796	4	0	0	864	720	764	0	1	0	0	1	0	0	0	0	0	0	0	1	0	6	1	1
10115	8	2	2	411	327	323	0	0	0	0	0	0	0	0	0	8	2	0	1	1	2	4	2
10189	24	1	1	8	4	3	18	3	1	389	1	0	130	3	2	76	570	9	1	1	0	0	0
262838	6	1	1	50	31	35	16	0	61	48	1	32	31	1	5	135	45	2	1	2	1	18	549
274754	2	0	0	1	1	2	26	0	0	65	0	0	15	0	0	0	1	1	0	0	0	0	0
248470	13	3	1	20	16	11	16	0	13	112	2	4	43	2	5	50	170	2	0	2	1	2	164
561320	1	0	0	520	398	499	1	0	0	3	0	0	0	1	0	1	2	1	4	0	4	0	0
242005	0	0	0	36	33	38	0	0	0	1	1	0	0	0	0	0	0	0	0	0	0	0	0
292134	5	0	0	18	20	18	6	1	17	61	0	6	16	3	3	50	64	0	1	3	0	6	109
166908	2	2	0	27	13	12	2	0	15	22	0	7	5	2	2	28	14	1	0	2	1	6	132
236821	0	0	0	130	110	138	7	0	0	6	0	0	5	0	0	2	0	1	0	1	4	1	0
202356	26	4	3	3962	3175	4294	218	0	0	326	2	3	159	7	0	16	44	31	18	1	35	3	5
592346	17	5	1	5634	4728	5762	326	2	1	328	3	8	204	5	3	41	52	18	5	2	32	4	4
167950	0	0	0	44	58	55	2	0	0	8	0	0	3	0	0	1	0	0	0	0	1	0	0
368849	3	0	0	241	160	289	15	0	0	21	0	0	10	0	0	1	2	2	2	0	1	0	0
287789	1	0	0	13	11	4	2	0	9	6	0	5	3	1	2	21	14	0	0	0	1	6	77
316916	5	0	0	238	159	173	0	2	0	1	1	0	1	0	0	4	8	0	1	0	3	3	0
557905	23	5	1	5073	3610	4777	23	2	1	58	2	1	121	6	0	4	4	21	22	0	40	7	1
9912	0	0	0	55	47	69	4	0	0	19	0	0	2	0	0	0	0	2	0	0	0	0	0
534898	13	1	2	1303	946	1166	3	3	1	15	1	0	34	1	0	1	0	9	3	1	12	2	1
218720	3	0	1	256	181	241	73	1	0	64	0	0	345	0	0	0	1	81	1	2	5	0	0
563485	0	0	0	170	163	195	25	1	0	183	0	0	64	2	0	0	0	1	0	0	0	0	0
351023	0	0	1	30	22	35	1	0	0	2	0	0	22	0	0	0	0	27	0	0	0	0	0
9812	17	3	5	9663	8212	9541	1	4	1	81	4	1	3	8	1	11	5	3	9	2	79	21	5
10113	4	1	0	383	326	382	0	0	0	4	0	0	4	0	0	0	1	6	3	1	4	0	1
9727	9	4	1	2906	2350	2870	0	0	2	1	0	0	0	4	2	2	4	1	12	5	29	3	8
204864	32	3	2	4110	3301	3925	0	3	3	0	3	1	1	6	1	5	2	1	18	1	29	4	3
144049	0	0	1	100	76	83	0	0	0	0	0	0	0	3	0	0	0	0	0	0	0	0	0
163340	0	0	0	318	248	287	0	0	0	0	1	1	0	0	0	2	0	0	1	1	5	0	0
100956	1	0	1	252	187	201	0	0	0	0	0	0	0	0	0	1	0	0	2	0	5	1	2
171836	0	0	0	193	163	160	0	0	0	0	0	0	0	0	0	0	1	0	0	0	1	0	0
164152	3	0	0	692	495	632	0	0	1	0	1	0	0	1	0	2	1	0	1	0	5	0	0
524491	1	0	0	173	119	124	0	0	0	0	0	0	0	4	0	0	0	0	1	0	0	1	0
157083	0	0	0	0	0	0	91	0	0	74	0	0	13	1	0	1	5	0	0	0	0	0	0
110450	0	0	0	0	0	0	5	0	1	1268	0	0	15	7	0	1	0	1	0	0	0	0	0
277352	17	3	0	1	0	2	78	1	0	125	3	0	175	25	0	1476	1843	0	2	2	0	0	0
229171	0	0	0	0	0	0	1	0	0	64	0	0	147	1	0	1	6	0	0	0	0	0	0
467388	0	0	0	0	0	0	14	0	0	4	0	0	155	0	0	0	0	0	0	1	0	0	0
8249	0	0	1	0	1	0	1	0	0	1	0	0	17	0	0	4	14	0	3	439	69	1	0
8265	1	5	0	0	0	0	0	0	0	289	0	0	20	0	1	0	1	0	1	1	0	0	0
528333	1	0	0	0	0	0	156	0	0	101	0	1	154	0	0	0	0	0	0	4	11	0	0
112175	0	0	0	0	0	0	4	1	0	188	0	0	3	2	0	0	0	0	1	0	0	0	0
484436	61	34	22	12	8	8	2732	101	5	84880	61	7	1212	206	12	42	20	53	11	10	17	5	9
392111	0	1	0	0	0	0	6	0	0	27	0	0	67	0	0	0	0	5	6	4	8	0	0
278666	2	2	4	0	2	0	2	0	0	72	1	0	0	0	0	0	1	46	1	1	1	0	0
101152	0	0	0	0	0	0	2	0	0	272	1	0	1	1	0	0	0	0	0	1	0	0	0
39819	1	0	0	0	0	2	236	1	0	743	2	0	196	5	0	1	2	1	0	0	0	0	0
584176	1	3	0	2	1	0	95	21	0	1319	1	0	38	2	0	2	2	81	0	1	0	0	0
159711	6	2	1	11	3	1	132	9	0	242	0	1	432	6	0	1	0	22	0	1	0	3	0
30013	7	4	1	0	0	0	2056	4	0	153	4	0	763	6	0	0	1	4	1	1	1	1	0
471124	0	1	0	0	0	0	120	1	0	171	0	0	285	0	0	1	0	0	0	0	0	0	0
103428	0	0	0	0	1	0	19	0	0	189	0	0	15	0	0	0	1	0	0	0	0	0	0
351275	0	0	0	0	0	0	1	0	0	158	0	0	37	1	0	1	0	0	0	0	0	0	0
535160	0	2	1	0	0	0	377	1	0	182	2	0	68	2	0	0	2	1	2	0	0	0	0
317252	5	1	0	5	6	4	60	7	0	1312	2	0	52	13	0	79	25	5	0	2	0	0	0
249191	2	7	3	2	1	3	527	15	0	2068	5	0	217	10	2	64	26	8	2	0	1	0	1
582252	0	0	0	3	1	2	51	0	0	86	0	0	37	0	0	0	0	0	0	0	0	0	0
330302	1	1	0	0	0	0	25	3	0	1886	2	0	27	5	0	21	2	10	1	1	1	0	0
60267	0	1	0	0	0	0	8	0	0	371	0	0	5	1	0	1	1	1	0	0	0	0	0
353461	0	0	1	0	0	0	8	5	0	128	1	0	5	0	0	6	1	0	0	0	0	0	0
222902	0	0	0	0	0	0	2	1	0	288	0	0	53	2	0	2	1	0	0	0	0	0	0
194641	1	1	3	7	6	1	82	2	0	2067	1	2	31	10	1	127	58	6	2	0	0	1	0
346926	15	12	5	46	34	32	572	22	5	16398	9	0	301	34	5	994	354	50	4	4	1	3	1
568293	3	3	0	2	0	1	0	0	0	0	0	0	0	0	1	1	1	0	6	46	102	0	0
140764	1	0	1	0	0	0	0	0	0	8	1	0	0	12	0	17	1566	0	0	2	2	0	0
140325	2	2	1	1	0	0	0	0	0	0	0	0	0	0	1	7	3	0	56	71	4	0	0
553872	6	40	14	2	0	0	0	0	0	0	1	0	0	0	295	33	71	1	0	1	0	0	0
107242	35	62	22	11	5	0	3	11	1	1	12	3	3	225	1861	2159	28040	6	63	445	171	9	2
233692	0	3	3	2	0	0	1	0	1	0	2	0	0	8	3	35	725	0	26	453	131	0	0
388347	181	544	597	6	3	1	1	115	0	1	3	0	0	13	12	125	891	3	20	1337	177	1	1
67478	316	1085	713	1	2	0	0	44	0	0	1	0	0	0	3	1	5	2	2	2	2	0	3
104276	2	5	1	0	0	3	0	1	0	0	2	1	0	27	22	72	4683	0	8	25	6	0	0
560000	200	1241	1297	5	2	0	0	5	0	3	2	0	0	2	4	2	9	4	0	4	1	1	0
320243	0	0	0	0	0	0	0	0	0	0	3	0	0	4	87	11	274	0	1	0	0	0	0
545848	0	1	0	0	0	0	0	0	0	0	1	0	0	18	13	26	506	0	0	0	0	0	0
593801	138	381	86	29	11	13	12	26	6	6	49	8	4	591	12185	8671	66565	13	110	26	7	15	8
544927	2	0	1	0	0	0	0	0	0	0	0	0	0	1	22	40	47	0	0	0	0	0	0
323845	396	589	167	52	16	20	5	41	10	11	73	11	9	661	18766	38793	79352	22	169	27	14	25	9
303563	0	1	0	0	0	0	0	0	0	0	0	0	0	0	35	55	161	0	0	0	0	0	0
228449	5	57	15	1	1	1	1	4	0	0	7	1	1	80	1648	88	7179	4	11	1	1	3	0
331005	6	13	6	2	2	1	0	3	0	0	1	1	0	57	515	61	5482	2	6	2	3	1	0
108109	6	20	6	1	1	1	2	0	0	0	3	3	0	35	712	119	4747	1	13	1	0	1	1
106179	0	3	1	0	1	0	0	0	0	0	0	0	0	0	71	0	32	0	0	1	2	0	0
538133	0	0	0	0	0	0	0	0	0	0	0	0	0	5	0	5	353	0	0	0	0	0	0
232511	21	54	9	1	2	3	1	4	3	2	23	1	2	178	1320	363	18187	1	43	8	0	4	3
25508	1	6	5	0	0	0	0	0	0	0	1	0	0	2	219	2	1	0	0	1	5	0	0
344621	6	20	23	0	0	0	1	0	0	0	0	0	0	0	0	0	0	0	2	55	29	0	0
264258	1	0	0	0	1	0	0	0	0	0	0	0	0	2	8	84	4	0	3	6	2	0	0
542803	1	0	1	0	0	0	1	0	0	0	0	0	1	0	1	10	4	0	22	15	317	1	0
338117	8	11	8	16	1	11	3	4	1	4	6	0	0	12	26	319	106	0	1646	9267	3127	6	7
578438	1	0	0	0	0	1	0	0	0	0	0	0	0	0	8	56	11	0	3	59	11	0	0
312038	8	34	30	1	0	0	0	0	0	0	1	0	0	2	0	48	9	0	2	82	50	0	0
97734	24	34	36	3	2	0	0	0	0	1	0	0	0	3	18	1193	153	1	58	338	55	0	0
139864	7	27	14	9	6	6	1	4	0	1	6	2	0	15	73	248	198	0	1094	650	313	0	1
545003	23	31	35	0	0	0	0	0	1	0	0	0	0	5	17	723	144	0	30	230	51	0	0
336455	0	2	0	7	1	0	0	0	0	1	1	0	0	0	8	13	9	0	107	690	482	4	1
350845	3	22	7	3	0	0	0	0	0	0	1	0	0	2	861	44	58	0	218	282	61	0	1
217507	0	0	0	27	18	25	1	0	0	0	0	0	0	0	2	4	28	1	6	17	1	1	0
245864	0	1	1	3	0	0	1	0	0	0	0	0	0	2	12	10	1	0	5	15	70	0	0
185581	121	46	6	7	8	1	0	1	0	3	3	0	0	13	960	14581	1129	2	4	9	2	4	1
546020	33	50	20	1	0	1	2	1	0	1	10	2	0	37	1522	2728	3574	2	7	5	1	0	1
236604	36	84	20	6	2	2	1	3	1	1	2	0	1	35	2336	2591	4475	1	9	33	8	1	0
206237	47	215	52	8	4	4	3	10	2	1	5	1	1	23	6234	110	741	3	0	10	9	1	2
126508	55	233	52	15	8	8	3	10	4	3	6	1	2	38	6174	3209	2997	6	8	3	5	3	1
548862	8	21	20	1	0	0	0	0	0	0	0	0	0	0	0	0	1	0	0	11	47	0	0
593222	10	2	5	5	0	0	0	0	0	0	0	0	0	2	31	449	75	0	28	190	674	2	0
220496	21	30	52	1	0	0	0	3	0	0	0	0	0	0	1	4	4	1	1	19	6	0	0
279539	24	19	9	35	0	2	6	2	0	0	2	0	0	19	63	952	207	1	80	246	3460	9	2
149014	2	2	2	0	0	1	0	0	0	0	0	0	0	1	18	146	19	0	3	26	10	0	0
576242	1	7	2	0	0	0	1	0	0	0	1	0	0	0	0	66	3	0	26	532	114	0	0
308726	31	48	56	1	0	0	0	0	0	0	0	0	0	0	0	30	11	0	12	119	30	0	0
103055	455	774	929	5	0	0	0	5	0	0	0	1	0	9	6	234	204	4	120	909	207	0	0
370014	12	27	28	0	0	2	0	1	0	0	0	0	0	2	0	59	4	0	28	86	7	0	0
335051	11	17	22	1	1	0	0	0	1	0	0	0	0	3	1	780	387	1	17	106	17	0	0
572372	2	6	1	0	0	0	0	0	0	0	0	0	0	2	137	33	103	0	2	4	0	0	0
257504	0	0	1	0	0	0	0	0	0	0	0	0	0	0	0	2	0	0	9	161	10	0	0
269778	1	0	1	0	1	2	0	1	0	0	0	0	1	0	1	9	98	0	2	16	3	0	0
310378	0	4	1	6	0	0	0	0	0	0	0	0	1	1	12	54	6	0	22	508	508	1	0
541691	1	2	3	0	0	0	0	0	0	0	0	0	0	0	3	43	2	0	11	68	130	0	0
105318	0	0	1	0	0	0	1	0	0	0	0	0	0	0	2	8	1	0	50	56	3	0	0
312030	26	4	1	3	0	1	0	3	0	0	0	0	0	12	38	942	206	0	0	3	2	0	1
152179	2	0	0	0	0	0	0	0	0	0	0	0	0	0	0	301	75	0	0	0	0	0	0
270409	154	31	11	13	6	4	1	4	0	5	7	2	0	32	507	18489	3135	0	5	10	4	2	2
96014	113	26	6	9	1	2	0	3	1	3	2	3	0	35	457	20279	3143	0	5	3	4	1	0
328475	6	6	1	1	0	0	0	1	0	1	0	0	1	4	257	198	315	1	2	92	47	0	0
255044	1	4	1	3	0	0	1	1	0	0	1	0	0	2	115	58	115	0	5	538	468	1	0
141875	0	0	0	1	0	0	0	0	0	0	0	0	0	1	0	0	0	0	6	73	32	0	0
198202	0	0	0	0	0	0	0	0	0	0	0	0	0	1	0	89	11	0	0	0	0	0	0
165894	1	0	0	0	1	0	0	0	0	0	0	0	0	11	1	8	7	0	5	187	74	0	0
147823	0	0	0	0	0	0	0	0	0	0	0	0	0	0	0	189	17	0	1	2	1	0	0
216695	5	65	16	2	0	1	0	0	0	0	1	0	0	3	1690	14	44	0	2	10	0	1	0
336560	8	42	24	0	0	0	0	0	0	0	0	0	0	0	1	3	0	0	4	110	17	0	0
306969	0	1	0	0	0	0	0	0	0	0	1	0	0	0	5	19	4	0	52	51	10	0	0
98593	30	121	32	9	1	5	2	3	3	0	5	2	1	49	4955	2008	4475	7	165	454	167	4	2
228537	40	54	87	1	0	1	0	1	0	0	0	0	0	6	14	53	37	0	14	170	17	0	0
544395	1	1	0	0	0	0	0	0	0	0	0	0	0	0	0	7	18	0	2	82	12	0	0
313341	0	9	2	0	0	0	0	0	1	0	1	2	0	5	409	139	607	0	1	0	0	0	0
591094	0	0	0	0	0	0	0	0	0	0	0	0	0	1	0	4	79	0	1	24	2	0	0
96902	0	0	0	0	0	0	0	0	0	0	0	0	0	0	1	25	239	0	0	8	1	0	0
582535	0	0	1	0	0	0	0	0	0	27	0	0	4	0	0	0	1	0	2	85	3	0	0
104318	2	0	1	1	0	0	0	2	0	0	0	0	0	0	8	7	1	0	18	275	9	1	0
538642	0	1	0	0	0	0	0	0	0	0	0	0	0	1	0	2	4	0	5	256	12	0	0
314090	20	5	1	2	0	3	0	2	0	1	0	1	0	11	47	2121	1145	0	242	833	88	0	0
139752	0	0	0	0	0	0	0	0	0	0	0	0	0	0	0	0	0	0	6	97	11	0	0
152853	1	0	0	1	0	0	0	7	0	1	1	0	0	0	1	0	1	0	20	71	157	0	0
333266	15	3	1	1	0	0	0	1	0	0	0	0	0	3	2	1690	51	0	26	158	85	0	1
532913	89	143	33	8	6	3	1	3	1	5	6	1	0	23	3879	8063	818	3	4	375	17	3	2
317708	13	24	3	1	1	0	1	2	1	1	1	1	0	27	623	964	2358	3	46	243	14	1	2
230216	7	19	2	1	1	2	1	2	0	0	2	1	0	6	608	105	411	3	15	160	12	0	0
101015	0	0	0	0	0	0	0	0	0	0	0	0	0	0	0	3	3	0	0	104	30	0	0
146687	0	0	0	0	0	1	0	0	0	0	0	0	0	1	0	0	0	0	40	126	4	0	0
262549	0	0	0	0	0	1	0	0	0	0	0	0	0	1	0	25	8	0	219	194	10	0	0
263897	0	0	0	0	0	0	0	0	1	0	1	0	0	0	3	8	4	0	93	407	35	0	0
315848	0	5	4	2	0	0	1	1	0	0	1	0	1	0	4	8	8	0	55	347	96	0	0
107320	1	0	0	0	1	0	0	0	0	0	1	0	0	0	1	7	4	0	96	119	2	0	0
565326	22	56	14	2	0	0	1	4	0	1	1	0	0	10	1577	1450	406	2	2	1	1	0	0
70494	3	2	0	0	0	0	0	0	0	0	0	0	0	0	113	124	37	0	0	0	0	1	0
8201	1	8	4	0	0	0	1	0	0	0	0	0	0	0	345	0	0	1	0	1	0	0	0
8173	1	1	1	2	1	5	0	1	0	1	0	0	1	1	4	82	27	0	405	182	15	0	3
145318	0	0	0	1	0	0	1	0	0	1	0	0	2	0	4	38	4	0	7	57	16	0	0
103719	3	0	0	0	0	0	0	0	0	0	0	0	0	0	4	264	16	0	1	0	0	0	0
593776	1	0	0	0	0	0	0	0	0	0	1	0	0	0	0	0	1	0	21	168	1	0	0
326600	0	0	0	1	0	0	0	0	0	0	0	0	0	0	0	1	0	0	5	84	22	0	0
100683	0	1	3	0	0	0	0	0	0	0	0	0	0	1	0	2	2	0	24	107	82	0	0
546823	2	2	1	1	0	0	0	0	0	0	0	0	0	0	0	2	0	0	3	28	214	0	0
243296	7	14	14	0	0	0	0	0	0	0	1	0	0	0	0	29	2	0	38	379	22	0	0
161773	2	40	41	0	1	2	1	0	0	28	0	0	0	0	3	178	38	2	24	100	26	2	0
152723	2	1	1	0	1	0	1	1	0	4	1	0	3	2	31	61	185	0	2	4	12	0	0
165647	7	10	3	8	5	8	0	1	0	0	3	0	0	20	36	193	302	0	6	28	20	0	0
354436	0	0	0	0	0	0	0	0	0	0	1	0	0	1	1	159	82	0	0	1	0	0	0
578191	4	2	0	0	0	0	1	0	0	0	0	0	0	0	0	563	10	0	0	29	6	0	0
333725	0	0	0	1	0	0	0	0	0	2	1	0	0	0	1	3	2	1	25	23	442	2	0
340095	2	0	0	2	0	0	15	1	0	469	0	0	52	2	2	3	0	19	1	1	2	0	0
71823	0	0	0	0	0	0	4	0	0	790	0	0	0	2	0	0	0	0	0	0	0	0	0
275935	1	0	0	3	0	1	22	0	1	488	0	0	53	0	0	3	3	26	0	0	1	0	1
280369	0	3	5	0	0	0	37	2	6	46	0	3	79	1	0	42	1	8	0	1	0	0	0
78890	0	0	0	0	1	0	0	0	0	331	1	0	2	0	0	0	1	0	0	0	0	0	0
510529	0	3	0	0	1	1	28	1	0	27	1	3	75	1	0	38	2	1	1	2	1	0	0
520731	0	0	0	0	0	0	1	0	0	120	1	0	0	0	1	2	0	0	0	0	0	0	0
157301	7	40	19	2	1	0	452	7	8	498	1	22	857	11	1	589	27	53	1	3	3	1	1
561000	0	4	3	2	0	0	44	2	0	53	0	2	84	1	0	65	2	7	0	2	0	0	0
110332	0	0	0	0	0	0	33	0	0	5	0	0	234	0	0	0	0	0	0	0	0	0	0
186382	1	0	0	0	0	0	35	0	0	316	0	0	109	0	0	1	0	0	0	0	0	0	0
327694	1	1	1	1	1	1	274	1	0	1079	3	0	697	8	1	1	12	111	0	4	1	0	0
155221	0	1	0	0	0	0	34	0	0	119	0	0	124	1	3	5	7	6	0	2	0	0	0
571439	1	3	0	4	1	1	90	3	1	417	1	0	469	4	2	1	4	65	1	2	2	0	0
411142	1	0	2	1	1	0	28	0	0	58	0	0	108	1	0	0	1	2	0	0	0	0	0
276867	3	2	4	2	4	0	44	1	0	256	1	0	319	0	2	3	20	25	1	2	0	0	0
141206	12	6	1	0	0	1	11	1	0	57	0	0	11	0	0	1	1	4	0	0	6	0	0
318906	0	0	0	0	0	0	2	0	0	4	0	0	64	0	22	14	0	0	0	0	0	0	0
393265	0	0	0	1	1	0	16	0	0	74	0	0	20	0	0	0	0	2	0	1	1	0	0
140933	6	4	4	7	11	4	223	4	0	1042	0	5	1181	1	1	2	94	123	2	2	1	0	0
251989	0	0	0	3	0	0	0	0	0	0	0	0	0	0	0	1	0	0	0	6	97	2	0
140880	0	0	1	2	2	0	18	15	0	86	0	2	112	0	0	0	1	10	1	1	0	0	0
279231	3	2	3	3	1	4	81	7	0	387	1	2	421	3	0	3	37	53	0	1	3	0	0
89393	4	3	7	1	3	1	77	2	0	259	0	0	438	1	0	2	2	13	0	1	1	0	0
133961	3	0	0	1	2	0	40	0	0	158	0	0	137	0	0	39	13	0	1	0	0	0	0
446356	1	0	0	0	0	0	0	0	0	0	0	0	3	1	9	38	72	0	0	0	0	0	0
414568	0	1	0	1	0	0	6	1	0	15	0	0	20	0	2	6	7	0	2	35	95	0	0
25543	2	9	5	3	1	0	252	0	0	1032	1	0	1026	1	1	23	5	12	1	14	1	0	0
66020	2	11	9	2	2	3	0	1	0	0	0	0	0	1	0	320	13	0	9	47	16	0	0
158847	6	4	1	8	0	0	0	0	0	0	1	0	1	1	0	207	16	2	3	9	2	0	0
221119	1	2	1	6	2	1	0	1	0	0	0	0	0	14	13	23	136	0	42	338	91	0	1
117364	11	1	3	1	1	0	0	0	0	0	0	0	0	2	15	1243	39	0	2	10	24	0	0
101411	131	589	563	2	0	0	0	6	0	0	2	0	0	1	5	8	0	3	2	10	2	0	0
110041	23	56	43	1	1	0	0	1	0	0	0	0	0	2	0	0	2	0	1	4	0	0	1
205808	930	1901	1845	6	1	0	0	6	2	0	3	0	0	4	11	5	1	10	0	2	3	1	4
358429	6	90	71	0	0	0	0	0	0	0	0	0	0	0	1	1	0	0	0	6	1	0	0
309790	30	26	18	17	9	4	0	2	0	2	6	0	0	10	147	1634	191	1	325	1388	878	1	1
205851	9	64	38	1	0	1	0	0	0	0	0	0	0	1	0	1	0	1	0	0	0	0	0
141872	3116	14409	13529	23	5	3	0	59	3	0	14	5	1	15	69	20	23	115	3	143	10	0	10
8098	1430	5526	5347	5	2	1	0	20	1	1	2	0	0	3	31	4	2	68	0	3	0	0	3
141423	43	68	80	0	0	0	0	0	0	0	0	0	0	0	0	0	0	1	0	0	0	0	0
135917	138	762	1073	3	0	0	0	2	0	1	0	0	0	0	5	1	0	6	1	7	7	0	0
150338	289	1179	1080	4	0	1	0	7	1	0	2	1	0	0	5	1	1	3	0	2	2	0	0
48494	26	157	188	2	0	0	0	1	0	0	0	0	0	0	1	0	0	1	0	0	1	0	0
548160	723	3656	2819	6	1	0	1	13	2	2	4	0	1	8	19	12	3	19	1	1	3	0	1
530612	277	601	481	14	1	2	7	4	1	2	7	1	0	5	10	27	68	6	267	13145	2109	6	7
94840	451	3673	3126	4	0	0	1	8	0	0	5	0	0	2	17	3	1	26	2	15	1	1	1
131019	466	889	1088	4	1	0	0	2	0	0	2	1	0	2	5	0	0	40	0	3	0	0	2
534688	1592	10148	9269	10	1	1	0	30	1	0	5	0	1	7	43	7	2	63	0	2	2	1	3
8096	45	99	159	0	0	0	0	1	0	2	0	0	0	0	1	0	0	1	1	25	36	0	0
224998	342	2808	3046	3	1	0	0	10	0	0	2	0	0	0	14	4	1	10	2	9	3	0	2
335355	3	27	43	1	0	0	0	1	0	0	1	0	0	0	0	1	0	0	115	268	95	1	0
525836	1	0	1	5	1	0	0	0	0	0	0	0	0	1	0	0	5	0	117	569	322	1	0
16413	0	0	0	0	0	0	0	0	0	0	0	0	0	0	4	74	30	0	0	0	0	0	0
218525	71	193	217	1	0	0	0	0	0	0	1	0	0	0	1	3	4	3	0	0	0	1	0
294790	3	2	4	0	0	0	0	0	0	0	0	0	0	3	9	7	93	0	1	31	12	0	0
265527	5	39	35	0	0	0	0	1	0	0	0	0	0	2	8	6	48	1	0	1	1	0	0
8057	42	498	409	0	0	0	0	4	0	0	0	0	0	2	11	13	28	6	15	38	19	0	0
8084	11	122	121	1	0	0	0	0	0	0	0	0	0	0	1	0	0	0	0	0	0	0	0
45263	12	122	86	0	0	0	0	0	0	0	0	0	0	0	1	2	0	0	0	0	0	0	0
286126	12	7	9	0	0	0	0	0	0	0	0	0	1	1	0	1281	3	0	0	2	0	1	0
574649	0	0	0	0	0	0	0	0	0	0	0	0	0	2	4	395	125	1	1	3	0	0	0
592523	0	1	1	0	0	0	0	0	0	0	0	0	0	0	0	117	0	0	1	1	0	0	0
305646	3	7	1	22	3	13	3	4	1	1	8	0	3	8	1	293	41	1	1230	3769	1132	6	0
252006	1	1	2	3	1	0	0	0	0	0	0	0	0	0	0	119	3	0	2	4	6	1	0
138619	0	1	0	8	1	3	0	3	0	0	0	0	0	1	1	6	2	0	9	59	21	0	0
37302	1	1	0	0	0	1	0	1	0	0	0	0	0	1	0	11	5	0	17	275	92	0	0
510924	11	21	3	0	0	1	0	3	1	0	3	0	0	23	160	169	2286	2	8	64	25	0	0
18746	66	16	4	0	1	0	0	2	1	1	2	1	0	1	2	9578	64	1	4	16	8	0	0
135216	78	607	219	1	1	1	0	1	0	0	0	0	0	0	0	4	1	0	4	43	46	0	0
277633	27	54	24	9	1	3	1	2	1	2	15	1	0	122	643	733	9560	3	43	475	181	2	2
317335	3	8	9	17	1	2	2	6	0	2	3	1	0	4	22	25	237	0	106	6034	923	4	2
277645	6	14	3	8	4	3	1	3	1	0	1	2	0	2	3	27	42	3	505	8949	1289	5	2
258297	1	0	0	0	0	0	0	0	0	0	0	0	0	0	0	0	0	0	7	91	20	0	0
589725	1	2	3	3	0	3	0	1	0	0	1	0	0	3	3	19	68	0	196	2181	362	1	0
280984	1	0	1	1	0	0	0	0	0	0	0	0	0	0	0	1	1	0	31	582	285	1	0
278683	5	5	10	0	0	0	0	0	0	0	0	0	0	0	0	0	1	0	11	145	12	0	0
536365	0	1	0	1	0	0	0	0	0	0	0	0	0	0	0	0	2	0	7	85	7	0	0
311740	1	6	6	9	0	0	0	2	0	0	3	0	0	1	2	23	86	0	197	2396	1361	4	1
555129	1	2	1	3	0	0	0	1	0	0	0	0	0	0	0	0	0	0	3	226	162	0	0
581185	1	7	3	3	2	1	1	0	0	0	2	0	0	2	0	20	12	1	149	80	79	0	0
98216	89	467	528	3	0	1	0	3	0	0	0	0	0	2	4	86	87	6	1	19	67	1	2
344595	0	0	1	0	0	0	0	226	0	0	4	0	0	0	0	0	2	0	0	0	0	0	0
278735	0	0	1	1	0	0	0	0	0	0	0	0	0	0	0	0	0	0	2	391	32	0	0
419180	8	3	5	0	0	0	0	0	0	0	0	0	0	0	0	3	0	3	11	64	4	0	0
555343	0	0	0	0	0	1	0	240	0	0	1	0	0	0	0	0	0	0	1	8	0	0	0
575450	1	5	3	0	4	0	0	0	0	0	0	0	0	1	0	0	2	0	5	92	33	1	0
19290	0	0	0	1	0	0	0	0	0	0	0	0	0	0	2	0	2	0	2	122	42	1	0
83477	0	0	0	0	0	0	0	0	0	0	0	0	0	0	0	0	0	0	9	234	34	0	1
313983	2	5	3	0	0	0	0	1	0	0	0	0	0	0	193	0	28	0	0	0	0	0	0
251636	1	7	7	5	2	0	0	0	0	0	0	0	0	0	1	1	2	1	1	446	127	2	0
523629	39	232	173	2	0	0	0	0	0	0	0	0	0	0	1	0	0	0	1	2	1	0	0
311786	0	0	0	0	0	0	0	0	0	0	0	0	0	0	0	1	0	0	14	205	12	0	0
556502	7	0	0	1	1	0	0	0	0	0	0	0	0	0	2	379	13	0	214	1120	187	1	1
101210	1	0	0	1	0	0	0	0	0	0	0	0	0	1	0	28	1	0	51	526	53	0	0
171373	0	0	0	0	0	0	5	0	0	0	0	0	0	0	0	5	6	0	25	112	17	0	0
577330	0	0	0	0	0	0	0	0	0	0	0	0	0	1	0	26	2	0	26	187	64	0	1
151600	0	0	0	0	0	0	0	0	0	0	0	0	0	0	0	32	3	0	96	120	32	0	0
535870	0	0	0	0	0	0	0	0	0	0	0	0	0	1	0	137	6	0	44	115	18	0	0
342284	1	0	1	2	0	0	1	2	0	0	0	0	0	0	0	20	2	0	27	1700	577	1	0
155418	1	1	0	1	1	1	0	0	0	0	2	0	1	2	0	103	10	0	230	532	122	0	0
250968	0	0	0	0	0	0	0	0	0	0	0	0	0	0	0	2	1	0	30	206	158	0	0
126228	3	9	2	2	1	1	0	1	0	0	1	0	0	41	427	261	4390	1	13	1	0	2	0
352770	1	1	0	0	0	0	0	0	0	0	1	0	0	4	26	18	510	0	0	0	0	0	0
99301	0	0	0	0	0	0	0	0	0	0	0	0	0	4	0	4	418	0	1	0	0	0	0
342374	18	107	31	6	3	2	1	3	1	0	6	3	0	70	3731	308	8498	3	20	4	1	3	2
517810	0	3	2	0	0	0	0	0	0	0	0	1	0	7	120	49	1244	0	1	0	0	0	0
105115	4	3	0	0	0	0	0	0	0	0	3	0	0	23	58	55	1890	0	3	1	0	1	0
332804	0	3	0	5	3	1	1	1	0	0	0	0	0	1	3	80	21	0	18	362	78	1	1
533132	0	0	0	0	0	0	2	0	0	0	0	0	0	0	5	40	9	0	14	113	83	0	0
580575	0	0	0	5	0	0	0	0	0	0	0	0	0	0	3	16	2	0	6	165	327	1	0
263960	5	1	1	3	1	2	0	1	1	0	0	0	0	0	3	24	5	0	31	642	353	1	1
278306	1	2	1	4	2	0	1	1	0	0	0	0	0	0	0	11	5	0	16	24	58	1	0
72638	11	18	12	4	3	0	1	1	0	0	0	0	1	2	9	17	30	0	94	618	496	1	0
172303	0	2	3	3	0	0	0	0	0	0	0	0	0	0	0	8	6	0	20	206	419	2	1
307033	0	0	0	0	1	0	0	0	0	0	0	0	0	0	0	7	2	0	13	219	21	0	0
275872	2	1	1	5	1	1	1	0	1	1	1	0	0	1	7	20	8	0	92	1029	479	2	0
533025	0	0	0	0	1	0	0	0	0	0	0	0	0	0	0	0	0	0	0	79	127	1	0
156200	2	2	0	15	0	0	0	3	0	2	1	0	0	3	1	17	6	1	231	3173	1252	4	0
566137	1	5	3	22	0	0	3	1	0	0	3	0	0	7	0	23	21	0	490	5732	2816	6	1
516020	1	1	0	1	0	0	0	0	0	0	0	0	0	0	0	22	1	0	17	186	121	1	0
273520	4	4	7	63	6	8	5	8	1	4	8	1	0	8	3	115	32	1	751	12776	6613	22	3
276375	0	1	0	3	0	0	1	0	0	0	0	0	0	1	0	0	1	0	4	94	60	0	0
584938	1	0	0	0	0	0	0	0	0	0	1	0	0	0	0	55	8	0	26	345	235	0	0
264798	0	1	0	11	1	1	0	0	0	0	1	0	0	1	0	22	8	0	31	1521	942	4	3
217304	1	1	0	0	0	0	0	0	0	0	0	0	0	0	5	2	5	0	60	539	327	0	1
538780	2	2	0	0	2	0	15	2	0	46	0	0	52	2	0	5	7	2	2	18	11	0	0
98768	1	3	0	1	0	0	4	2	0	28	0	0	51	1	0	10	0	7	3	20	63	0	0
213821	0	0	0	3	0	0	0	0	0	0	1	0	0	0	0	1	4	0	122	63	47	0	0
254195	0	1	9	1	0	1	0	0	0	2	1	0	0	0	0	10	0	0	28	248	112	0	0
538297	4	1	1	14	1	0	1	1	0	3	2	0	0	1	1	7	6	1	56	4161	1235	2	0
110147	1	2	1	4	1	0	0	0	0	0	0	0	0	0	85	206	26	0	0	2	4	0	1
296708	3	3	4	1	1	0	0	0	0	0	0	0	0	1	133	284	49	0	3	12	4	0	0
546867	6	45	10	4	0	0	0	1	0	0	2	0	0	17	1315	151	1940	2	13	172	161	1	0
429948	2	0	0	3	0	0	0	0	0	3	0	0	0	1	0	10	4	0	4	26	63	0	0
277870	4	6	8	2	0	0	0	1	0	0	0	0	0	2	0	2	15	0	443	477	265	2	0
250082	7	4	19	84	5	3	6	13	2	6	7	0	1	12	3	95	42	6	293	21689	6143	24	4
558137	0	0	0	0	0	0	0	0	0	0	1	0	0	1	0	0	0	0	47	20	32	0	0
584923	0	0	0	0	0	0	0	0	0	0	1	0	0	0	0	1	1	0	12	78	28	0	0
313357	0	0	0	1	1	0	1	0	0	0	0	0	0	0	0	0	1	0	19	112	192	0	0
305967	0	1	0	4	0	1	0	0	0	0	0	0	0	0	0	2	0	0	2	86	242	0	0
256660	0	1	2	1	0	0	0	0	0	0	0	0	0	1	0	1	2	0	4	91	177	1	0
149753	0	0	0	1	0	0	0	1	0	0	0	0	0	2	0	3	27	0	5	106	107	0	0
105207	1	0	0	1	0	1	0	0	0	0	1	0	0	2	0	1	9	0	81	713	72	0	0
272596	3	1	1	12	2	0	0	0	0	0	2	0	0	0	0	5	1	0	77	2821	1437	5	0
533202	1	2	0	0	1	0	0	0	0	0	0	0	0	2	94	0	140	0	0	1	1	0	0
587974	0	0	0	1	0	0	0	0	0	0	0	0	0	0	0	5	0	0	8	95	56	0	0
256886	1	1	0	0	0	0	0	0	0	0	0	0	0	0	0	1	0	0	3	51	68	0	0
528941	1	0	0	0	0	0	0	0	0	0	0	0	0	0	1	3	1	0	6	51	44	0	0
333875	0	0	0	1	0	0	0	0	0	0	0	0	0	0	0	1	0	0	23	134	15	0	0
196530	0	0	0	0	0	0	0	0	1	0	0	0	0	1	0	0	1	0	13	60	37	0	0
103037	0	0	0	3	0	0	1	0	0	0	0	0	0	1	0	6	29	0	1	171	706	3	0
530809	4	2	2	3	1	0	0	0	1	0	2	0	0	1	0	4	3	0	113	1124	441	2	0
353756	438	469	615	2	0	0	1	2	0	0	0	1	0	0	5	2	1	3	0	3	0	1	0
156986	353	741	296	0	0	0	1	4	0	0	0	0	0	0	1	2	0	30	0	0	0	0	1
155536	348	423	626	1	1	0	0	1	0	0	0	0	0	2	5	1	2	16	1	0	1	1	2
142645	4814	4639	4605	18	3	2	3	24	3	2	1	3	0	7	32	6	3	31	2	8	3	3	19
587540	740	1050	1304	3	1	0	0	2	0	0	1	0	0	2	5	1	0	4	0	1	0	0	0
244867	10766	10450	12106	43	5	4	1	50	1	0	13	3	1	20	48	16	12	66	0	8	5	2	24
550828	25	32	36	1	0	0	2	0	0	2	0	0	2	0	0	0	0	1	1	5	0	0	0
313985	7	11	5	9	5	14	30	1	1	78	1	1	3	0	0	1	1	1	3	13	5	2	0
137192	1	4	1	0	0	0	0	0	0	94	0	0	0	2	0	0	0	0	0	1	1	0	0
105915	3	8	11	2	2	0	0	0	0	9	0	0	41	0	0	0	1	0	2	21	8	0	0
581900	682	1366	1264	4	2	0	0	5	1	0	3	1	0	2	9	2	1	10	0	2	1	0	2
332476	145	446	449	4	1	0	6	3	1	0	1	0	0	2	5	0	0	3	0	2	2	1	1
154435	992	1614	1514	5	0	0	0	31	0	0	1	0	0	3	4	1	1	16	0	0	2	1	3
332574	387	429	266	0	0	0	0	7	0	1	1	0	0	0	3	0	0	2	0	0	1	0	1
84768	11	77	57	22	6	0	0	3	3	71	0	3	3	0	0	2	2	8	0	6	1	2	0
511463	76	654	254	3	0	0	0	391	1	0	8	0	0	3	3	0	1	76	1	0	0	0	1
544749	14	7	5	47	2	3	0	0	3	2	0	4	0	4	2	2	2	1	0	1	6	1	1
156500	16	16	46	5	6	1	0	0	1	20	0	0	0	1	0	0	0	1	0	2	0	1	2
509622	7	24	43	20	18	1	0	0	2	5	1	4	4	1	1	0	4	2	0	2	2	4	2
27669	12	20	9	52	14	3	11	2	1	7	2	1	3	2	0	3	3	2	0	3	4	3	2
156654	42	189	66	0	0	0	0	2	0	0	0	0	0	0	0	0	0	0	0	0	0	1	0
215516	12	54	45	3	6	1	0	0	0	16	0	0	0	0	0	0	1	1	0	0	1	0	0
572643	9	45	45	1	0	0	0	0	0	17	0	0	0	0	0	0	0	1	0	0	0	1	0
560106	221	197	340	3	2	0	0	3	1	13	1	0	0	1	2	1	0	2	0	0	1	1	1
564301	110	306	245	15	1	0	17	4	1	150	1	1	0	0	2	1	0	3	0	1	1	2	0
47916	49	58	51	127	12	2	1	8	11	116	0	5	4	2	1	3	2	3	2	4	4	4	3
522839	4	54	51	0	0	0	0	0	0	0	0	0	0	0	0	0	0	0	2	6	5	0	0
254180	68	51	58	1	0	0	0	1	0	0	0	0	0	1	1	1	0	1	0	0	0	0	0
93707	7	38	28	0	1	0	1	0	0	0	0	0	1	0	1	3	0	2	0	8	18	0	0
258787	1	0	1	5	0	0	0	2	0	0	0	0	0	0	0	10	0	0	20	514	455	1	0
194499	1	0	0	1	0	0	0	0	0	1	1	0	0	1	1	12	27	0	28	324	133	0	0
526439	1	0	0	2	0	1	1	0	0	0	1	0	0	1	3	98	12	0	158	283	131	0	0
273639	1	0	0	0	0	0	0	0	0	0	3	0	0	5	5	34	124	0	277	93	1	0	0
90324	3	0	1	0	0	2	0	0	1	0	4	1	0	2	0	24	78	0	267	305	62	0	0
545040	0	0	0	0	0	0	0	0	0	0	0	0	0	0	0	7	2	0	112	21	3	0	0
258873	0	0	0	0	0	1	0	0	0	0	0	0	0	2	0	7	44	0	217	162	12	0	0
589587	0	3	4	5	0	1	1	1	0	1	3	0	0	2	0	5	134	0	405	2207	811	1	0
562037	0	4	5	4	0	0	0	0	0	0	1	1	0	0	2	19	6	0	12	538	246	1	0
7630	0	0	0	0	0	0	0	0	0	0	0	0	0	3	0	5	138	0	1	5	3	0	0
348724	2	0	1	0	0	0	0	0	0	0	0	0	0	0	0	1	0	0	38	289	125	0	0
146366	3	5	3	1	1	1	1	0	0	0	0	0	0	0	1	5	3	0	19	807	391	3	1
261285	0	0	0	0	0	0	0	0	0	0	1	0	0	0	1	0	0	1	92	131	79	2	0
341821	0	0	0	1	0	0	0	0	0	0	1	0	0	0	0	2	0	0	66	290	207	0	0
166442	2	3	0	1	0	0	0	1	0	0	0	0	0	1	11	44	26	1	127	376	338	1	0
574507	0	0	1	4	0	0	0	0	0	0	0	1	0	1	0	11	7	0	224	387	275	0	1
515916	5	1	6	5	1	0	1	0	0	0	1	0	0	1	3	124	14	0	99	408	259	1	0
513570	0	0	0	0	0	0	0	0	0	0	0	0	0	0	0	3	0	0	1	64	41	0	0
257849	3	2	1	11	0	2	1	4	0	1	4	0	1	4	1	10	10	0	184	2221	978	2	0
155768	0	0	0	0	0	0	0	0	0	0	0	0	0	0	0	3	0	0	12	85	44	0	0
347251	3	1	0	0	0	0	0	0	0	0	0	0	1	12	3	26	1910	0	1	0	0	0	0
137174	0	1	1	1	0	0	0	0	0	0	0	0	0	2	3	11	167	0	181	516	129	0	0
146458	0	1	1	0	1	0	0	0	0	0	1	0	0	0	1	7	2	1	127	949	386	2	1
201369	4	6	2	4	3	2	0	19	0	0	0	0	0	0	0	1	0	1	7	74	42	0	0
100439	0	1	0	0	0	0	1	0	0	0	0	0	0	0	0	2	1	0	30	189	64	1	0
7634	0	0	0	0	0	0	0	0	0	0	0	0	0	0	0	16	2	0	29	147	41	1	0
585866	0	1	1	0	0	0	0	0	0	0	0	0	0	0	0	10	4	0	97	273	123	1	1
311399	0	0	0	0	0	0	0	0	0	0	0	0	0	0	2	6	55	0	64	17	0	0	0
336977	0	0	0	7	0	1	0	1	0	0	1	0	0	2	2	12	2	0	88	1064	409	1	0
338034	95	374	506	2	0	0	0	1	0	0	2	0	0	0	3	1	0	2	0	7	17	0	0
588362	0	0	2	0	0	0	0	0	0	0	0	0	0	0	0	1	0	0	5	48	71	1	0
258366	0	1	0	1	0	0	0	0	1	1	0	0	0	0	0	4	0	0	23	597	192	2	0
276755	0	1	0	2	0	0	1	0	0	0	0	0	0	1	0	16	3	0	31	193	110	0	0
559794	0	0	0	0	0	1	0	0	0	0	0	0	0	0	0	49	2	0	28	42	61	0	0
169426	7	30	26	2	0	0	0	1	1	0	1	0	0	1	2	11	0	0	59	446	146	0	0
83068	16	79	72	4	0	1	0	0	0	0	0	0	3	1	0	0	0	0	1	17	3	0	0
565462	0	0	0	2	0	0	0	0	0	0	2	0	0	0	0	0	3	0	56	316	124	2	1
263799	0	0	0	1	1	1	0	0	0	0	1	0	0	1	0	0	1	0	61	461	204	0	0
561386	0	0	1	1	0	0	0	1	0	0	0	0	0	1	0	0	1	0	52	254	170	1	0
575230	6	18	4	1	0	0	0	0	0	1	0	0	0	0	0	4	0	3	1	27	54	0	0
292288	0	2	0	0	1	0	0	0	0	0	0	0	0	0	0	3	0	0	3	48	57	0	0
527507	3	3	8	54	1	2	3	9	2	1	3	1	1	6	3	30	10	1	313	21302	8396	14	5
251981	0	0	0	1	0	0	0	0	0	0	0	0	0	0	1	6	0	0	13	148	85	0	1
559269	4	11	10	0	0	0	0	0	0	0	0	0	0	0	0	0	4	1	1	26	44	0	0
245592	0	0	0	1	0	0	1	0	0	0	0	0	0	0	0	1	1	0	34	699	177	0	0
166871	2	7	1	6	1	1	1	4	0	1	1	0	0	3	1	5	1	0	86	1421	540	3	0
278349	0	0	0	0	0	0	0	0	0	0	0	0	0	0	1	2	1	0	6	60	46	1	0
571233	0	0	0	1	0	0	0	1	0	0	0	0	0	0	0	2	1	0	4	136	120	0	0
362891	1	0	0	3	0	0	0	0	0	0	0	0	0	1	0	8	62	0	3	59	245	0	0
241066	0	0	3	2	0	1	0	0	0	0	0	0	0	1	1	13	2	0	36	72	50	0	0
154047	1	3	2	0	0	0	0	0	0	0	0	0	0	0	3	5	2	0	19	45	48	0	0
331064	1	3	1	1	0	1	0	1	0	0	0	0	0	2	2	9	20	0	112	914	266	3	0
32280	53	302	243	1	0	0	0	0	0	0	1	0	0	0	1	0	0	1	0	0	0	0	0
7606	1132	3810	4307	12	0	0	0	16	1	1	3	1	1	2	30	5	2	18	1	46	9	0	9
7598	0	1	2	4	0	0	0	0	0	0	0	0	0	1	1	2	1	0	11	561	773	2	0
169677	0	0	0	5	0	0	0	0	0	0	0	0	0	0	0	16	4	0	84	193	194	0	0
7619	12	20	23	0	0	0	0	0	0	0	0	0	0	1	26	55	31	3	5	61	11	1	0
7624	90	334	283	1	1	1	0	4	0	0	1	0	0	0	7	5	5	2	4	8	6	0	0
7621	24	82	83	18	0	1	3	1	0	0	0	1	0	0	0	17	10	0	31	1337	1528	6	1
565944	2	8	15	1	0	0	0	0	0	0	0	0	0	0	0	20	2	0	9	36	76	0	0
147990	3	0	0	0	0	0	0	0	0	0	1	0	0	1	4	264	4	1	0	14	25	0	0
96909	0	3	2	1	0	0	0	1	0	0	0	0	0	1	1	0	8	0	10	226	22	0	0
76061	7	36	156	0	0	0	0	0	0	0	0	0	0	0	1	0	0	2	0	0	0	0	0
114044	484	2331	3006	14	4	3	1	34	1	2	5	2	1	5	23	90	183	14	281	9542	1253	4	3
153466	31	51	37	5	5	1	0	4	0	0	2	0	1	51	12	40	250	5	3	95	12	2	2
346479	368	1232	1159	5	0	0	0	6	0	0	1	0	0	2	12	6	43	41	3	66	24	1	2
207297	5	14	3	20	18	13	0	3	0	1	0	0	0	10	2	207	8	1	10	18	4	0	4
585574	0	2	0	51	52	49	0	0	0	0	0	0	2	0	2	3	7	0	15	16	4	0	1
553141	0	0	0	0	0	0	0	0	0	0	0	0	0	0	3	109	29	0	0	0	0	0	0
340951	9	16	24	6	0	0	0	1	0	0	2	0	0	1	0	5	1	0	18	177	138	1	1
589101	9	21	21	1	1	1	0	0	0	0	0	0	0	0	2	138	17	0	22	111	42	0	0
261838	8	25	19	0	0	0	0	0	0	1	0	0	0	0	0	9	0	0	1	7	39	0	0
581393	1	2	1	5	0	0	0	0	0	0	0	0	0	4	106	43	245	0	28	331	274	0	0
354483	146	749	803	0	0	0	0	3	0	0	1	0	0	1	8	0	1	6	4	4	6	0	0
7649	79	335	376	0	0	0	0	2	0	0	0	0	0	1	2	1	2	1	25	340	6	0	0
316871	4	1	0	3	0	1	1	2	0	1	0	0	0	1	2	26	14	0	154	1029	681	1	0
159272	0	0	0	0	0	0	0	0	0	0	0	0	0	0	0	0	0	0	8	286	125	1	0
315780	0	0	0	1	0	0	0	0	0	0	0	0	0	0	0	1	0	0	3	131	87	0	0
593544	38	215	254	1	0	0	0	1	0	0	0	0	0	0	1	4	3	3	23	12	9	0	0
535059	6	11	13	2	0	0	0	0	0	0	1	0	0	4	1	21	15	0	457	193	193	1	0
107140	3	0	3	4	0	0	0	0	0	0	0	0	0	0	0	1	3	0	43	1064	596	2	0
193004	18	9	5	1	0	0	0	0	0	0	0	0	0	0	0	1	0	0	4	290	111	1	0
553983	4	8	0	0	0	0	0	1	0	0	0	0	0	0	0	1	1	0	4	42	50	0	0
197820	17	100	43	0	0	0	0	0	1	0	0	0	0	0	0	0	0	0	0	0	0	0	1
7541	26	57	40	2	0	0	0	2	0	0	0	0	0	0	0	0	0	0	0	0	0	0	0
159398	0	0	0	0	0	0	0	0	0	0	0	0	0	0	0	0	1	0	3	57	40	0	0
168507	3	8	6	1	0	0	0	0	0	0	0	0	0	0	0	3	0	0	6	59	97	0	0
91521	13	22	21	2	0	0	0	0	0	0	0	0	0	0	0	16	1	0	1	8	20	0	1
7609	2	2	0	0	0	0	0	0	0	0	0	0	0	0	0	1	1	0	5	62	41	0	0
553528	2	8	1	1	0	0	0	0	0	0	0	0	0	2	209	100	43	0	0	1	0	0	0
568472	0	2	1	0	0	0	0	0	0	0	0	0	0	0	0	64	10	0	7	8	41	0	0
528872	0	0	0	0	0	0	0	0	0	0	0	0	0	2	0	2	235	0	0	0	0	0	0
511925	340	1592	868	4	1	0	1	2	0	0	4	0	0	2	8	2	3	3	0	1	0	1	2
56552	15	53	63	1	0	0	0	0	0	0	0	0	0	0	0	0	0	1	0	0	0	0	0
573373	47	132	111	0	0	0	0	0	0	0	0	0	0	0	0	0	0	1	0	0	0	0	0
350596	123	491	440	0	1	0	0	0	0	0	0	0	0	0	4	0	0	6	0	0	0	0	0
155504	11	80	82	0	0	0	0	0	0	0	0	0	0	0	0	1	0	0	0	0	0	0	0
539199	13	80	63	0	0	0	0	1	0	0	0	0	0	0	0	0	1	1	0	0	0	0	0
359435	70	228	187	1	0	0	0	2	0	0	1	0	0	0	0	0	0	0	0	0	0	0	0
278173	1	7	0	0	0	0	0	0	0	0	0	0	0	1	174	0	0	0	0	0	0	1	1
182827	10	6	2	9	2	0	0	1	1	0	0	2	0	0	0	0	1	84	0	1	1	0	0
320911	71	28	10	0	0	0	0	9	0	0	1	0	0	0	0	0	0	0	0	0	0	0	0
204506	88	47	21	1	0	0	0	8	0	0	0	0	0	0	0	1	0	0	0	0	0	0	0
101731	6	18	10	0	0	0	0	354	0	12	5	0	0	0	0	3	15	1	1	17	9	0	0
554502	0	0	0	0	0	0	1	0	0	261	0	0	0	0	0	0	0	0	0	1	0	0	0
567662	54	10	4	3	0	0	2	310	0	119	14	0	0	4	0	3	0	4	0	5	1	1	0
79280	0	1	0	0	0	0	16	0	0	261	0	0	0	0	0	0	0	0	0	3	0	0	0
76350	1	0	0	254	195	223	13	11	0	896	2	0	29	1	0	1	0	0	0	1	2	0	0
245102	17	11	1	178	129	152	39	266	0	644	5	1	29	3	0	0	0	2	2	3	4	2	1
559836	0	1	2	2	2	0	5	501	0	36	10	0	15	1	0	0	1	1	0	3	0	1	0
253894	283	41	50	0	1	3	15	1421	3	5	28	0	4	0	1	2	0	3	1	1	0	0	1
577244	5	5	2	13	14	18	2	15	0	40	1	0	2	0	0	0	0	0	0	0	1	0	0
254119	58	48	20	2	0	1	1	4534	0	1	53	0	0	7	0	2	1	3	1	0	0	0	0
333628	0	0	1	3	5	2	1	72	0	32	1	0	37	0	1	0	1	0	0	4	3	0	0
591221	0	0	0	0	0	0	0	0	0	70	0	0	46	0	0	0	1	0	0	1	0	1	0
149430	0	0	0	0	1	0	12	1	0	110	0	0	28	1	0	0	1	1	0	0	0	0	0
41720	0	0	0	1	0	0	2	2	0	195	0	0	36	0	0	5	0	9	0	1	0	0	0
593848	0	0	0	0	0	0	6	3	0	175	0	0	10	1	0	0	5	1	0	0	0	0	1
275171	0	1	0	0	0	0	5	2	1	170	1	0	3	0	0	0	1	0	0	0	0	0	0
389700	0	1	1	0	1	0	48	2	0	223	0	1	122	0	0	0	0	25	1	0	0	1	0
150537	2	12	5	1	1	0	1	0	0	67	0	0	0	0	0	0	0	0	1	18	0	0	0
297307	3	19	13	1	3	0	7	4	0	2100	0	0	0	3	0	1	2	1	0	0	0	1	0
593908	150	34	25	4	3	1	5	21	0	1	1	0	0	0	0	1	0	0	0	0	1	0	0
105946	2056	267	344	6	0	6	1	11183	1	105	133	0	1	7	1	3	2	7	1	1	1	0	6
253292	3	1	3	0	0	0	0	0	0	0	0	0	0	0	0	0	0	262	0	0	0	0	0
143746	20	9	8	1	1	0	0	152	1	1	0	0	0	1	0	50	9	760	0	0	0	0	0
231677	1	9	2	0	0	1	0	0	0	1	1	0	0	0	249	28	119	0	0	0	0	0	0
232066	2	9	5	0	0	1	0	0	0	0	0	0	0	7	388	98	510	0	2	0	0	0	1
325911	7	10	0	0	0	0	1	2	0	0	2	1	1	38	287	440	5498	0	12	0	0	1	1
228764	317	1591	355	68	22	30	21	38	31	17	41	13	8	316	50994	3269	28192	54	60	17	19	34	22
571516	0	2	0	1	0	0	0	0	0	0	0	0	0	2	105	7	326	0	0	0	0	0	0
116334	46	157	55	10	3	2	5	6	4	1	14	1	0	99	6146	285	7889	7	14	5	3	2	6
560655	47	17	29	3	0	2	1	4371	2	1	41	0	1	5	1	1	2	6805	2	0	2	1	2
333113	16	68	15	7	1	1	1	2	0	1	1	0	0	31	2794	705	2837	4	8	0	3	2	3
276028	0	5	2	0	0	0	0	0	0	0	0	0	0	1	187	2	26	0	0	0	0	0	0
322879	2	5	2	0	0	0	0	0	0	0	0	0	0	0	151	69	108	1	0	0	0	0	0
234504	1	11	8	0	0	0	2	1	1	0	1	0	0	2	611	104	492	0	0	0	0	0	0
349307	13	34	4	1	1	0	1	1	0	0	1	1	0	10	1678	396	1122	0	5	2	2	0	0
564936	0	2	1	0	0	0	0	0	0	0	0	0	0	0	66	17	92	0	0	0	0	0	0
236718	53	186	39	10	4	9	3	10	3	1	7	5	1	51	7817	3679	5518	4	11	7	1	2	3
233274	2	17	0	0	0	1	0	2	0	0	0	1	0	10	648	39	1905	0	1	1	0	0	0
68974	25	46	9	8	0	2	0	5	0	1	19	4	0	185	888	477	23890	1	40	10	3	5	4
5950	5	3	2	0	0	0	0	40	0	15	0	0	0	2	0	0	0	44	0	0	0	0	0
254127	50	5	14	2	0	1	0	17	0	1	1	0	0	7	5	439	127	834	0	8	1	0	1
256955	6	1	0	0	0	0	0	1	0	0	0	0	0	0	9	219	48	132	0	0	0	0	0
261777	0	1	2	0	0	0	1	0	0	166	0	0	7	0	0	0	1	0	0	1	1	0	0
155236	1	0	2	0	0	0	2	0	0	2	1	0	0	0	0	0	0	0	0	319	8	1	0
471451	0	1	0	0	0	0	5	0	0	48	0	0	14	1	0	2	0	0	7	117	17	0	0
539390	3	3	4	1	0	0	17	44	0	389	0	0	27	0	0	474	1	1	0	0	0	0	1
206709	20	62	61	2	0	0	4	0	0	14	0	0	1	0	1	1	0	2	0	2	0	0	0
589676	21	26	19	0	0	0	5	2	0	3	1	0	6	1	30	49	0	1	0	0	0	0	0
216594	41	70	45	0	0	0	1	0	0	0	0	0	0	0	1	0	0	0	0	0	0	0	1
200464	2	10	4	1	1	0	2	2	0	298	0	0	8	0	0	0	0	1	0	0	0	1	0
199327	136	171	105	0	1	0	43	2	0	33	0	0	29	1	115	352	3	6	1	0	0	0	0
47066	306	173	140	2	1	0	1	1	0	18	0	0	16	0	0	3	0	2	0	0	1	1	1
99135	0	1	2	0	2	1	7	0	0	391	0	0	6	0	0	0	0	0	0	1	0	1	0
103710	69	79	81	2	0	0	0	1	0	2	1	0	2	0	0	0	0	65	0	3	0	0	0
578761	3	0	2	0	0	0	7	0	0	67	2	0	6	0	0	12	1	0	6	112	15	0	0
74262	1	3	2	4	0	0	15	0	0	69	0	0	10	0	0	17	0	0	6	138	10	0	0
144720	0	0	0	2	0	0	1	0	0	42	0	0	41	1	0	1	0	1	14	505	78	0	0
243024	0	1	0	0	0	0	2	2	0	78	0	0	4	0	0	79	0	0	0	0	0	0	0
214126	4	8	2	0	1	0	1	11	0	97	0	0	13	1	1	78	2	0	0	0	0	0	0
244531	17	17	13	0	0	0	6	3	0	2	0	0	3	1	14	38	1	1	0	0	0	0	0
66930	3	3	2	0	0	0	54	0	0	261	0	0	0	0	0	0	0	0	2	10	0	0	0
150990	0	0	0	1	0	0	6	0	0	39	0	0	6	0	0	1	0	0	6	82	17	0	0
275257	30	27	18	1	1	0	13	4	0	368	2	0	22	1	13	252	3	4	0	1	1	0	1
129415	90	107	94	0	1	0	2	0	0	2	0	0	3	0	0	1	1	0	7	41	1	0	0
5135	0	0	0	0	0	0	0	0	0	0	0	0	0	0	0	7	0	0	4	93	4	0	0
557392	107	133	138	1	0	0	0	0	0	1	0	0	0	0	0	1	0	0	0	12	10	0	0
552671	10	20	10	1	1	0	0	0	0	0	0	0	0	0	266	5	4	1	2	71	20	0	0
316301	5	1	3	0	0	1	0	0	0	0	0	0	0	0	0	0	0	0	58	146	40	0	0
170119	25	90	88	0	0	0	0	2	0	0	0	0	1	0	0	0	0	0	8	4	1	0	0
240197	2	2	3	0	0	1	0	0	0	1	0	0	0	0	1	87	0	1	23	39	9	0	0
538811	78	69	45	2	0	0	1	0	0	4	0	0	0	1	0	0	0	2	0	6	7	0	0
588630	88	84	105	0	1	0	0	9	0	0	0	0	1	0	0	0	0	1	0	1	1	0	0
215375	23	88	66	0	0	0	0	0	0	8	1	1	0	0	0	1	0	1	1	5	2	0	0
240591	258	919	1037	5	6	0	2	1	0	29	0	0	18	1	7	1	2	3	0	6	2	0	0
548592	0	0	1	0	0	0	0	0	0	0	0	0	0	0	0	22	1	0	28	127	42	0	0
144079	5	32	23	2	3	0	0	0	0	1	0	0	1	0	0	0	0	0	1	94	60	0	0
322591	1	5	3	0	0	1	0	0	0	0	0	0	0	3	100	102	448	0	0	0	0	0	0
270010	0	1	1	0	0	0	0	0	0	0	0	0	0	0	1	0	0	0	7	179	19	0	0
320821	3	19	3	2	2	4	0	1	0	1	8	0	0	46	335	285	9907	0	13	1	2	0	0
132474	86	10	0	1	0	0	0	1	0	1	3	0	0	12	253	9236	657	0	3	2	0	1	1
289355	0	1	1	0	0	0	0	0	0	0	0	0	0	0	70	71	236	0	0	11	4	0	0
228302	68	9	4	5	0	3	0	0	1	0	7	0	0	23	351	10335	2973	2	5	2	3	0	1
155540	1	1	0	0	0	0	0	0	0	0	0	0	0	0	16	121	71	0	0	5	1	0	0
5066	1	1	1	1	0	0	0	0	0	1	0	0	0	0	0	0	1	0	23	161	87	0	0
219291	1	2	1	1	0	0	1	0	0	8	0	0	31	0	0	278	0	0	0	0	1	0	0
575419	5	1	0	0	0	0	1	0	0	2	0	0	0	0	0	215	0	0	1	10	0	0	0
175383	173	191	168	2	4	1	8	4	0	17	0	0	36	0	1	0	1	4	0	1	0	1	1
544772	45	28	20	0	0	0	0	108	0	8	2	0	0	0	7	0	0	0	0	0	0	0	0
107461	49	30	13	0	0	2	0	59	0	0	1	0	0	0	0	1	0	1	0	0	0	0	0
344447	4	4	8	0	1	0	0	0	0	0	1	0	0	0	0	0	2	0	7	135	31	0	0
586430	5	33	26	2	0	1	0	0	0	0	0	0	0	0	1	0	0	0	11	11	21	0	0
287211	21	76	56	0	1	0	0	0	0	0	0	0	1	0	0	0	0	0	0	0	0	1	0
338715	16	102	42	0	0	0	0	0	0	0	0	0	1	0	0	0	0	0	0	4	4	0	0
351644	1	0	0	1	0	0	0	0	0	0	0	0	0	0	0	0	2	0	11	94	54	0	0
105545	9	3	4	0	0	0	0	0	0	103	1	0	0	1	0	0	0	1	1	0	0	0	0
350760	45	37	50	0	0	0	7	106	0	167	1	0	2	0	0	0	0	6	0	3	0	0	1
558957	29	35	9	1	0	0	0	12	0	5	0	0	0	0	0	7	0	0	1	3	0	0	0
588231	10	22	14	0	0	0	0	69	0	3	0	0	0	0	0	0	0	4	0	0	0	0	0
560101	33	12	2	0	0	0	0	98	0	0	0	0	0	0	0	0	0	8	0	0	0	0	0
330207	3	3	6	1	0	2	0	1975	1	0	18	0	0	2	0	0	1	430	0	0	0	1	0
309753	12	32	22	0	2	0	2	0	0	32	0	1	0	0	0	0	0	0	0	2	1	0	0
573135	195	421	419	47	25	2	28	6	7	153	2	5	52	3	3	152	29	12	0	2	6	3	2
100954	72	157	152	15	16	1	12	1	1	64	2	3	24	6	1	38	17	5	0	2	3	1	1
166851	162	361	333	0	2	0	0	0	0	35	1	0	0	0	2	3	0	3	0	0	0	0	0
237616	51	133	89	0	0	0	6	1	0	52	0	0	4	0	0	1	0	20	0	0	0	0	1
136238	7	54	83	1	2	1	0	0	1	3	0	0	0	0	0	0	0	0	0	0	3	0	0
248505	59	62	67	3	0	0	0	1	0	0	0	0	0	0	1	0	0	0	0	0	0	0	1
70100	225	283	217	5	3	1	0	1	1	28	1	0	3	0	2	0	0	2	0	2	1	1	1
112955	69	194	196	6	3	2	0	95	0	0	1	2	0	2	3	0	1	2	1	0	1	1	2
205156	5	10	7	1	0	0	0	0	0	0	0	0	0	0	0	0	0	0	0	74	81	0	0
114396	47	115	65	1	1	0	0	0	0	19	0	0	0	0	0	0	0	0	0	1	0	0	0
584598	10	63	52	0	0	0	0	2	0	1	0	0	0	0	0	0	0	0	1	4	1	0	0
20976	51	59	39	0	1	0	0	72	0	2	3	0	0	2	0	0	0	12	0	0	0	0	0
76270	83	184	171	3	7	0	1	0	0	12	0	2	4	1	1	0	2	3	0	1	1	0	2
308892	205	310	350	18	5	4	2	10	0	14	0	2	0	2	6	1	1	7	0	1	3	0	1
97561	40	70	78	2	6	1	1	0	0	2	1	4	7	0	0	3	0	1	1	0	1	0	0
566886	30	128	118	11	7	1	5	1	2	38	0	1	0	1	1	1	1	3	0	0	3	0	1
544615	29	54	46	0	0	0	2	6	0	13	0	0	0	0	0	0	0	0	0	1	0	0	0
265043	7	19	29	7	13	0	4	0	2	10	1	0	2	2	1	1	1	1	0	4	5	2	1
152124	40	82	95	3	7	1	9	1	0	13	0	1	2	2	0	0	0	0	0	4	1	2	0
63879	190	303	190	4	2	0	0	0	1	139	1	1	1	3	0	0	0	1	1	0	0	0	0
315986	44	41	38	0	0	0	0	0	0	1	0	0	0	0	0	0	0	0	0	0	0	0	1
538266	0	0	0	0	1	10	62	2	1	284	0	0	19	1	0	0	0	0	2	6	4	0	0
279499	0	0	0	0	0	1	27	1	0	52	0	0	78	0	0	0	0	0	0	5	0	0	0
335585	1	2	2	1	0	4	42	0	0	306	0	0	82	0	0	1	0	281	0	0	0	0	0
579710	2	2	3	1	0	0	25	0	0	1119	1	0	112	3	6	143	2	127	0	0	0	0	1
85734	1	0	1	0	0	1	2	0	0	42	0	0	79	0	0	0	0	152	0	1	0	0	0
303793	1	0	0	0	0	0	4	0	0	55	0	0	1	0	2	372	0	38	0	0	0	0	0
316924	4	0	0	1	0	0	13	0	0	63	0	0	0	0	2	522	3	50	0	0	0	0	0
105899	1	0	0	1	0	0	13	2	0	139	0	0	4	0	0	171	0	42	0	0	0	0	0
223155	5	2	1	2	0	0	2	77	0	501	3	2	19	2	3	56	0	1	0	0	0	0	1
583653	1	2	0	0	1	0	7	0	0	1102	2	0	11	1	1	0	0	0	0	1	1	0	0
471399	200	281	284	2	0	0	0	1	0	1	2	0	0	0	1	0	1	6	0	0	0	0	0
32333	40	51	56	0	0	0	0	5	0	1	0	0	0	1	0	0	0	13	0	0	0	0	0
19989	665	946	906	2	0	0	0	87	0	37	3	0	7	1	6	1	0	799	0	1	2	0	0
580939	14	5	5	0	0	0	0	79	0	0	2	0	0	0	0	0	0	0	0	0	0	0	0
252325	186	163	184	2	0	1	0	19	0	13	0	0	0	1	2	1	0	73	1	1	0	0	0
4760	242	376	333	2	0	0	0	6	0	40	0	0	0	0	2	0	1	0	0	8	5	0	0
338628	28	25	33	1	0	0	0	15	0	54	0	0	0	0	0	0	0	1	0	10	1	0	0
136235	40	68	88	0	1	0	0	0	0	0	0	0	0	0	1	0	0	0	0	0	0	0	0
162179	1	11	5	1	0	0	0	0	0	32	0	0	0	0	0	0	2	0	17	92	7	0	0
162925	17	43	46	0	0	0	0	0	0	0	0	0	0	0	0	0	0	0	0	3	2	0	0
537864	51	59	82	0	0	0	0	1	0	3	0	1	0	0	0	0	0	4	0	0	1	0	1
156044	70	239	320	1	2	0	1	1	0	8	1	0	0	0	1	0	0	4	0	0	0	0	0
161177	1046	1416	1456	5	2	0	0	32	0	256	3	0	0	4	9	1	2	10	0	39	20	1	3
236892	101	134	115	1	0	0	4	1	0	0	0	0	0	0	2	0	0	31	1	20	6	0	0
152696	4	6	7	0	0	0	1	0	0	10	0	0	0	0	0	0	1	0	20	162	111	0	0
513254	773	395	324	1	1	1	2	364	0	2	4	0	0	1	3	2	1	72	0	2	1	0	1
142726	735	1108	1074	2	0	1	3	24	0	28	2	0	0	0	4	1	0	15	0	0	0	0	2
155413	27	52	70	9	1	0	3	0	1	27	0	0	0	0	2	0	0	2	1	7	3	0	2
225699	31	64	69	0	0	0	0	0	0	0	0	0	0	0	0	0	1	1	0	0	0	0	0
156227	37	56	36	1	0	0	3	0	0	0	0	0	0	0	1	0	0	2	0	0	0	0	1
152480	469	1085	929	2	0	0	0	4	1	0	0	0	1	0	3	1	0	5	0	0	0	0	2
560143	0	0	0	0	0	0	0	0	0	0	0	0	0	1	0	1	2	0	28	146	66	0	0
262760	648	771	800	1	0	1	0	2	1	1	0	0	0	1	3	1	2	6	1	3	2	0	2
519258	57	84	61	1	0	1	1	1	0	14	0	0	0	0	0	0	0	0	0	4	0	0	2
26693	62	240	157	0	0	0	1	0	0	2	0	0	1	0	3	8	0	2	0	19	14	1	0
586152	2	11	5	2	0	0	0	0	0	0	0	0	0	0	1	1	0	0	7	267	142	0	0
305643	25	23	43	0	0	0	0	0	0	7	0	1	0	0	1	1	0	0	0	3	0	0	0
240757	80	177	170	1	8	0	1	1	1	11	0	1	1	0	2	0	0	0	0	1	0	0	0
114978	33	51	29	1	0	0	0	0	0	2	0	0	0	0	0	0	0	0	0	0	0	0	0
4620	2	11	7	0	0	0	11	1	0	134	0	1	0	0	0	0	0	0	0	0	0	0	0
172883	16	81	26	0	0	0	0	0	0	0	0	0	0	0	0	0	0	0	0	0	0	0	1
172128	13	61	46	1	1	0	7	0	1	12	0	2	40	0	0	11	1	9	0	1	0	1	1
144964	205	378	274	2	0	0	0	0	0	0	0	0	0	0	1	0	2	2	0	16	3	0	0
248682	402	506	389	0	0	0	0	2	0	0	0	0	0	2	1	1	1	0	0	1	0	0	3
34344	294	470	345	4	1	2	0	2	0	34	1	0	0	2	3	1	1	4	0	1	0	0	1
559937	65	21	17	0	0	1	1	0	0	8	0	0	0	0	0	1	0	0	0	31	0	0	0
573659	972	1415	1080	6	1	0	0	4	0	0	2	0	0	1	9	2	0	3	0	1	0	1	4
4641	19	129	91	0	0	0	0	0	0	1	0	0	0	0	1	0	0	0	0	1	4	0	0
198749	657	929	872	4	0	0	0	3	0	1	0	0	0	0	9	0	1	3	0	0	0	0	2
566212	29	26	26	0	0	0	0	0	0	1	0	0	0	0	0	1	0	0	1	303	29	0	0
583294	321	211	185	1	0	0	0	1	1	13	1	1	0	0	2	0	0	2	6	136	18	0	0
591539	39	70	46	0	0	0	0	0	0	1	0	0	0	0	0	0	0	0	0	0	0	0	1
136944	222	545	542	2	0	0	0	0	0	0	0	0	0	0	5	0	0	2	0	0	1	0	0
573041	137	494	473	3	3	0	0	1	0	1	1	1	3	0	3	1	0	2	3	14	1	0	0
525648	3556	2963	2644	13	1	0	0	538	1	0	15	2	0	3	24	8	1	372	0	10	1	0	8
355688	118	136	149	0	0	0	0	1	0	0	0	0	0	1	0	0	0	4	0	1	1	0	0
306234	188	241	124	1	0	1	0	0	0	0	0	0	0	0	2	1	0	1	7	30	25	0	1
581542	24	62	35	0	0	0	0	42	0	3	0	0	0	1	0	0	0	2	1	1	1	0	0
123474	0	3	0	0	0	0	0	0	0	0	0	0	0	3	63	228	185	0	0	0	0	0	0
278733	0	1	1	1	0	0	0	0	0	0	0	0	0	0	1	2	4	0	25	287	58	0	0
594080	0	0	1	0	0	0	1	0	0	0	0	0	0	0	0	0	1	0	23	193	34	0	0
553131	5	3	4	19	1	1	3	0	1	0	0	2	0	0	1	13	5	0	43	1742	2086	7	0
165827	0	0	0	1	0	7	40	0	0	167	1	0	37	1	0	0	0	0	1	0	0	1	1
566238	90	26	10	1	0	0	0	1	0	0	0	0	0	0	0	0	2	0	0	0	0	0	0
110731	0	0	0	0	0	0	0	0	0	0	0	0	0	1	20	15	145	0	0	1	0	0	0
320764	3	23	9	1	0	0	0	1	1	1	1	0	0	13	447	73	803	1	6	9	4	0	0
217471	142	30	19	1	1	0	13	1	0	17	0	0	5	0	5	3	4	3	0	0	0	0	1
100203	2	2	1	0	0	0	0	1	0	0	0	0	0	0	33	43	71	1	0	0	0	0	0
75890	13	74	15	3	0	3	1	3	2	0	7	0	1	33	2421	256	4131	1	4	3	1	3	0
544367	23	116	47	3	2	0	0	4	4	1	4	3	1	10	4475	128	690	1	2	2	1	1	3
549968	3	0	1	0	0	0	0	0	0	0	0	0	0	2	15	117	14	0	3	51	10	0	1
170549	3	14	6	2	0	0	0	2	0	0	1	1	0	1	824	39	614	0	2	0	0	0	1
105613	14	132	42	9	3	1	0	4	2	1	1	1	1	13	5461	97	995	4	1	1	3	6	0
328838	0	4	1	0	0	0	0	0	0	0	0	0	0	0	10	81	8	0	0	19	3	0	0
580223	93	47	30	1	0	0	4	5	0	9	0	0	1	0	4	2	0	0	0	0	0	0	0
5681	0	0	0	0	0	0	0	0	0	0	0	0	0	0	1	25	1	0	12	83	21	0	0
202204	8	0	0	0	0	0	0	0	0	0	0	0	0	1	9	577	22	0	0	0	0	0	0
101660	9	2	0	1	0	0	0	0	0	0	1	0	0	1	4	1259	63	0	0	0	0	0	0
257413	2	0	0	0	0	0	0	0	0	0	0	0	0	0	2	223	13	0	1	0	0	0	0
277670	2	0	0	0	0	0	0	0	0	0	0	0	0	0	2	180	13	0	4	0	0	0	1
251325	15	0	0	0	0	0	0	0	0	0	0	0	0	1	5	2104	62	0	0	3	0	0	0
226155	2	0	0	0	0	0	0	0	0	0	0	0	0	0	1	107	3	0	0	0	0	0	0
318367	7	0	0	0	0	0	0	0	0	1	0	0	0	1	2	285	30	0	4	165	33	0	0
186153	29	1	0	0	0	0	0	1	0	2	0	0	0	4	4	2851	232	0	1	0	0	0	0
240900	1	0	0	0	0	0	0	0	0	0	0	0	0	0	1	207	2	0	0	0	0	0	0
341986	6	43	10	2	0	2	1	0	0	0	0	0	1	6	1580	43	273	0	3	1	0	1	1
550938	1	0	0	0	0	0	0	0	0	0	0	0	0	1	8	224	42	0	2	0	0	0	0
138930	1	0	0	0	0	0	0	0	0	0	0	0	0	0	6	72	10	0	16	8	2	0	0
142136	4	0	0	0	0	0	0	0	0	0	1	0	0	6	7	561	279	0	2	1	0	0	0
112728	0	0	0	0	0	0	0	0	0	0	0	0	0	0	0	80	16	0	5	12	3	0	0
565725	4	3	0	0	0	0	0	0	0	0	0	0	0	1	14	102	24	0	0	0	0	0	0
334722	323	191	41	17	9	9	1	10	3	7	8	6	1	90	6425	38932	8324	4	15	15	3	3	4
336543	4	1	0	0	0	0	0	0	0	0	0	0	0	2	17	182	114	0	0	0	0	0	0
534609	1134	336	110	47	26	11	8	32	10	64	38	9	4	185	10712	148400	15722	17	52	24	20	17	16
591725	0	0	0	0	0	0	0	0	0	0	0	0	0	1	1	132	8	0	0	0	0	0	0
346324	19	3	0	2	0	1	0	0	1	1	0	0	0	17	61	2692	1814	0	6	1	0	0	0
556772	0	0	0	0	0	0	0	0	0	0	0	0	0	0	0	73	41	0	1	1	0	0	0
546740	4	0	0	0	0	0	0	0	0	0	1	0	0	0	15	280	48	0	0	0	0	0	0
5632	7	0	0	1	1	0	0	0	0	0	0	1	0	2	0	719	229	0	0	1	0	0	0
153572	27	2	0	0	1	1	0	0	0	8	1	0	0	9	12	3322	1007	1	34	92	51	0	1
347949	5	0	0	0	0	0	0	1	0	0	1	0	0	0	4	1107	10	0	1	0	0	0	0
186396	0	0	0	0	0	0	0	0	0	0	0	0	0	2	2	54	123	0	5	1	0	0	0
152417	13	17	5	1	0	3	0	3	0	1	7	0	0	67	361	946	8598	0	16	2	0	2	0
276208	2	0	0	0	0	0	0	0	0	0	0	0	0	1	31	214	25	1	0	0	0	0	0
333269	11	1	1	0	0	0	0	0	1	0	1	0	0	1	43	925	20	0	0	0	0	0	0
140817	8	10	5	3	0	0	0	0	0	0	4	0	1	46	303	801	4821	1	10	1	1	0	0
159563	52	1	2	2	2	0	1	1	0	1	0	0	0	1	0	6911	15	0	1	1	0	0	0
111879	0	12	4	0	0	0	0	0	0	0	0	0	0	3	273	7	245	0	4	0	0	0	0
334773	1	7	0	1	0	0	0	1	0	0	1	0	0	3	158	3	136	0	0	0	0	0	0
275025	0	0	0	0	0	0	0	0	0	0	0	0	0	0	0	108	2	0	2	1	0	0	0
236240	1	2	0	0	0	0	0	0	0	0	0	0	0	1	10	77	26	0	1	1	1	0	0
219093	5	0	0	0	0	0	0	0	0	0	0	0	0	1	5	1070	9	0	0	0	0	0	0
133856	137	211	106	10	6	7	6	6	4	7	11	3	6	102	7225	10257	12269	8	31	12	4	8	2
574171	10	2	0	0	0	0	0	0	0	0	0	0	0	2	63	920	55	0	1	0	0	0	0
5771	1147	1138	1148	3	0	0	241	23	0	99	0	0	60	1	5	7	1	40	0	8	1	0	4
527854	5	1	5	0	0	1	16	0	0	82	0	0	39	0	1	0	3	0	0	0	2	0	0
155546	1	1	0	0	0	0	65	0	0	329	1	0	26	0	0	0	0	1	0	0	0	0	0
539762	135	45	50	1	0	0	0	0	0	1	0	0	3	0	0	0	0	1	1	1	0	0	1
44012	1637	1043	814	6	1	1	155	86	0	1380	1	0	75	7	4	2	0	22	1	2	1	0	3
179555	0	0	0	0	0	0	17	1	0	111	0	0	38	0	0	1	0	0	0	0	0	0	0
325153	8	507	24	1	0	0	0	0	0	0	0	0	0	0	0	0	1	1	0	0	0	0	0
532163	20	74	47	0	0	0	4	1	0	0	0	0	1	0	1	0	0	11	0	0	0	0	0
83643	44	89	44	1	0	0	2	49	0	77	0	1	2	0	0	11	2	2	0	0	0	0	1
516703	1	1	0	0	0	0	0	1	0	1	0	0	0	1	0	292	0	0	1	1	22	0	0
98295	965	621	627	2	0	0	0	820	0	15	9	0	1	1	3	2	5	675	1	2	1	1	0
5802	98	65	45	0	0	0	0	535	0	4	10	0	1	0	0	2	0	6	0	0	1	0	0
199683	29	47	39	0	0	0	0	5	0	2	0	0	41	1	0	0	0	2	0	0	0	0	0
591092	3	4	7	1	0	2	0	1119	0	0	19	0	0	1	0	0	0	0	0	0	0	0	0
144544	16	3	5	0	0	0	0	8	0	0	2	0	0	0	0	0	0	306	0	0	0	0	0
591654	35	301	58	1	0	0	0	3	0	0	0	0	0	0	1	0	0	197	0	0	0	0	0
568966	12	87	13	1	0	0	0	0	0	0	0	0	0	0	0	0	0	38	0	0	0	0	0
333160	93	35	18	0	0	0	2	0	0	1	0	0	0	1	0	1	1	2	0	0	0	0	0
525801	62	163	93	0	0	0	1	0	0	0	0	0	0	1	0	15	0	41	0	0	0	1	0
323018	217	167	160	0	0	0	2	66	0	91	1	0	1	0	2	1	1	5	0	0	0	0	1
140189	20	13	10	2	0	0	0	0	0	0	0	0	0	0	0	1	0	0	5	98	62	3	0
256939	0	0	0	0	0	0	0	119	0	0	3	0	0	0	1	0	2	1	1	0	0	0	0
233567	11	1	0	1	1	0	0	1	0	1	0	0	0	1	4	819	18	0	1	0	1	0	1
114095	4	2	2	0	1	0	83	2	0	408	1	0	79	1	0	0	1	1	1	21	3	0	0
220130	25	15	10	2	1	0	2	0	0	16	0	0	0	0	6	33	13	4	2	14	8	0	0
522283	58	31	24	1	0	0	0	0	0	8	0	0	1	0	0	3	0	2	1	1	0	0	0
341958	0	0	0	0	0	0	37	1	0	63	1	0	5	0	0	0	0	0	1	3	0	0	0
464901	7	12	11	1	0	2	4	2	0	462	0	0	0	2	1	1	2	1	11	11	6	0	0
524932	2	10	3	2	0	0	7	1	0	7	0	1	0	2	39	64	96	0	1	0	1	0	0
151324	3	2	1	2	0	1	15	2	1	3281	5	0	0	5	1	7	1	1	0	5	4	0	0
230022	3	2	1	0	0	0	0	0	0	0	2	1	0	11	90	14	1245	0	1	1	0	1	0
509892	2	2	0	0	0	0	0	0	0	0	1	0	0	4	1	8	798	0	1	0	0	0	0
541086	2	1	0	0	0	0	0	0	0	0	0	0	0	0	13	85	28	0	0	0	0	0	0
153105	2	0	1	0	1	0	0	0	0	0	0	0	0	0	0	507	0	0	0	0	0	0	0
100847	4	10	6	0	0	0	1	150	0	0	1	0	0	0	0	0	0	11	0	1	0	0	0
111797	6	5	7	1	0	0	0	582	0	0	10	0	0	0	0	0	1	1012	0	0	0	0	0
509163	168	278	190	1	1	0	0	2	1	0	0	0	0	1	1	0	0	3	2	2	7	0	0
18609	19	75	66	1	0	1	0	4	0	0	0	0	0	1	0	0	0	3	0	0	0	0	0
303607	29	59	47	0	0	0	2	1	0	0	0	1	0	0	1	0	0	0	0	0	0	0	0
211469	22	80	51	1	1	0	0	5	0	0	1	0	1	0	1	0	0	1	0	0	0	0	1
519257	760	947	1037	10	2	3	1	2	1	262	0	0	0	2	7	3	1	906	0	2	1	0	1
530619	17	54	54	1	0	0	0	0	0	0	0	0	0	0	0	0	1	0	0	0	0	0	0
5851	5	1	0	0	0	0	0	0	0	0	0	0	0	0	16	415	0	0	0	4	6	0	0
514038	56	21	10	4	2	1	0	1	1	5	3	0	0	19	645	6469	2390	2	8	4	1	0	2
318593	0	0	2	0	0	0	0	0	0	0	0	0	0	0	0	11	1	0	38	242	68	1	0
355315	7	31	5	1	0	1	270	110	1	2527	7	1	103	6	961	8	7	22	0	0	1	0	1
305547	52	10	16	3	0	3	10	10	2	29	1	1	0	3	2	0	0	3795	0	2	0	0	0
90161	4	2	5	0	1	0	54	10	0	56	0	0	139	0	0	0	0	74	0	0	0	0	0
110830	3	0	1	0	0	0	32	2	0	0	0	0	43	1	0	341	1	2	0	0	0	0	0
265057	1	0	0	0	0	0	9	32	0	51	1	0	134	0	0	0	0	7	0	0	0	0	0
565413	84	34	52	3	4	2	1	21	0	215	3	0	10	1	1	1	1	1921	0	0	3	3	0
346819	24	49	46	0	0	0	0	0	0	0	0	0	6	0	0	0	0	1	0	0	0	0	0
231965	37	21	24	13	3	0	0	0	0	1	0	1	1	2	0	2	0	2	0	0	0	0	1
574416	5	2	7	2	2	0	0	2095	0	15	29	1	2	1	0	1	0	230	0	0	1	0	0
219048	52	186	152	0	0	1	0	0	0	2	1	0	1	0	1	0	0	0	0	0	0	0	0
190723	11	18	14	9	4	3	11	2	0	58	0	3	4	1	0	305	0	12	2	4	4	0	2
5552	97	75	95	4	1	4	23	1566	1	34	23	0	1	8	2	1	2	7692	1	2	2	0	0
199553	34	19	23	0	0	0	0	4	0	0	1	0	0	1	1	3	0	2367	0	1	0	0	1
111099	2	7	2	0	0	0	0	1	0	0	0	0	3	0	0	347	1	0	0	0	0	0	0
106146	3	2	2	0	0	0	1	2	0	69	0	0	1	1	97	581	52	19	1	0	2	0	0
164042	3	1	0	0	0	0	2	0	0	66	0	0	13	0	10	48	10	25	0	0	0	0	0
568425	4	1	8	0	0	0	2	0	0	117	0	0	0	0	0	0	0	0	0	0	0	1	0
511230	152	313	335	5	3	0	0	1	2	0	0	0	1	0	2	0	0	18	0	0	0	0	2
532912	13	102	82	0	1	0	0	0	0	0	0	0	0	2	1	0	0	2	0	0	0	0	0
544302	0	0	3	2	1	0	0	0	0	0	0	0	0	0	0	2	0	0	2	147	153	0	0
103846	0	0	0	4	1	0	0	1	0	1	0	0	0	0	0	0	2	0	14	90	63	1	0
171372	0	0	1	0	0	0	1	0	0	336	1	0	0	1	0	0	0	0	0	1	0	0	0
155338	0	1	0	1	0	0	0	1	0	0	0	0	0	0	1	0	0	0	54	183	38	0	0
574275	0	0	0	1	0	0	0	1	0	0	0	0	0	0	0	1	0	0	11	208	125	0	0
4574	2	15	4	1	0	0	0	0	0	0	2	0	0	8	446	4	525	0	0	0	0	0	0
317373	11	40	9	0	0	0	1	1	0	0	2	1	0	8	1365	250	478	0	1	1	1	0	1
354693	81	213	59	9	11	7	3	6	4	1	13	2	2	97	6194	5308	8258	14	17	5	5	8	11
228239	2	2	0	0	0	0	0	0	0	0	0	0	0	6	57	101	279	0	0	1	0	0	0
126392	1	31	6	2	1	0	0	1	1	0	1	0	0	0	831	28	131	0	0	0	0	0	1
233886	8	59	16	1	1	0	1	2	2	0	1	1	1	9	1660	115	616	2	1	2	0	0	2
310134	5	41	6	6	0	0	1	0	1	1	1	0	0	13	1564	679	1347	0	3	2	0	0	0
115653	13	13	2	1	0	1	0	0	0	3	1	0	0	7	414	1297	360	0	1	0	0	0	0
4585	40	37	9	2	2	0	0	0	1	2	1	0	0	8	1134	4829	1052	1	1	2	2	0	1
342146	1	11	5	1	0	0	0	1	0	1	1	0	0	5	300	10	126	1	1	0	0	0	0
545263	2	23	3	0	0	0	0	0	0	1	0	1	0	5	721	13	250	0	2	0	0	0	0
103709	0	0	0	0	0	0	0	1	0	0	0	0	0	2	2	0	139	0	0	0	0	0	0
155692	8	29	4	1	1	0	0	2	1	0	1	0	0	36	529	602	3941	0	5	1	0	0	1
335943	46	278	53	8	4	5	2	8	4	0	6	5	0	41	8439	608	3757	6	12	3	1	6	3
336443	0	7	5	0	0	0	0	0	0	0	0	0	0	1	389	1	31	0	0	0	0	0	0
136616	1	0	0	0	0	0	1	0	0	0	0	1	0	0	0	1	0	0	4	131	267	1	0
356548	0	0	0	5	0	1	0	0	0	1	0	0	0	0	1	1	0	0	16	368	736	3	0
323748	2	0	3	19	1	0	2	1	0	0	1	0	0	1	0	2	3	1	70	2459	2190	2	2
211365	0	0	0	8	0	0	1	0	0	0	0	0	0	0	0	2	0	0	49	859	536	2	0
176117	1	0	0	1	0	0	1	0	0	0	0	0	0	1	0	0	0	0	3	298	228	1	1
574536	0	0	0	4	0	0	0	1	0	0	0	0	0	0	0	0	0	0	7	213	248	1	0
222549	0	0	0	1	0	0	0	0	0	0	0	0	0	0	0	0	0	0	0	19	90	0	0
266612	0	0	0	0	0	0	0	0	0	0	0	0	0	0	0	0	0	0	6	41	85	0	0
267833	0	0	0	1	0	0	0	0	0	0	0	0	0	0	0	1	0	0	25	182	16	0	0
272622	0	0	0	0	0	0	1	0	0	0	1	0	0	0	0	0	3	0	26	200	164	0	0
549399	1	0	0	9	0	0	0	1	1	0	0	0	0	1	0	1	3	0	8	1492	993	0	0
278603	1	0	0	3	0	0	0	0	0	0	0	0	0	0	2	3	2	0	47	3332	542	0	2
319668	0	0	0	7	0	2	1	0	1	0	0	0	0	0	1	1	1	0	18	2052	717	1	0
250376	1	1	0	8	2	0	0	0	0	0	1	0	0	0	2	0	0	0	7	2736	998	2	0
554299	0	0	0	0	0	0	0	330	0	18	3	0	0	0	0	0	0	4	0	0	0	0	0
143931	1	0	1	0	1	1	16	0	0	60	0	0	17	0	0	0	1	3	2	2	1	0	0
165020	0	0	0	0	0	0	71	2	0	236	1	0	70	0	0	0	0	0	0	2	3	0	0
58135	13	73	98	3	1	0	0	0	0	0	0	0	0	0	0	0	0	1	0	0	0	0	0
557664	0	0	1	0	0	0	0	149	0	12	4	0	0	0	0	0	0	9	0	0	0	0	0
236397	4	2	3	0	0	1	0	802	0	0	9	0	0	3	0	0	1	1041	0	0	0	0	0
89799	24	3	3	0	3	0	0	20	0	104	0	0	0	0	0	1	0	13	0	0	1	0	1
341445	1	4	2	0	0	0	0	0	0	0	0	0	0	0	136	1	28	0	0	10	6	0	0
259136	0	0	0	2	0	0	0	0	0	0	0	0	1	0	0	0	0	0	1	125	279	0	0
542481	0	0	0	4	0	0	0	0	0	0	0	0	0	0	0	0	0	0	4	234	426	0	0
289382	0	0	0	1	0	0	0	0	0	0	0	0	0	0	0	0	0	0	0	94	181	0	0
152931	0	0	1	1	0	0	0	1	0	0	0	0	0	1	5	4	255	0	1	0	0	0	0
230366	2	1	0	0	0	0	0	0	0	0	0	0	0	5	49	48	703	0	0	0	0	0	0
234763	1	1	0	1	0	0	0	0	0	0	0	0	0	0	33	15	295	0	0	0	0	0	0
548884	22	60	54	0	0	0	0	2	0	0	1	0	0	0	0	3	0	0	0	52	25	0	0
256038	0	0	0	0	0	0	0	0	1	0	0	0	0	0	0	1	0	0	0	118	16	0	0
588899	0	0	0	1	0	0	0	0	0	0	0	0	0	0	0	0	0	0	1	62	102	1	0
249530	0	1	1	2	0	0	0	0	0	0	0	0	0	0	1	0	1	0	63	447	114	0	0
139738	0	0	0	1	0	0	0	0	0	0	0	0	0	0	0	0	0	0	2	71	46	0	0
275770	0	0	0	1	0	0	0	0	0	0	0	0	0	0	0	1	1	0	23	297	86	0	0
554284	62	68	40	0	0	0	0	27	0	0	1	0	0	0	2	0	0	11	0	0	0	0	0
217968	327	107	140	2	0	0	0	0	0	0	1	0	0	0	0	0	0	5	0	0	0	0	2
319537	2	3	3	0	0	1	0	2474	1	0	43	0	0	2	0	1	0	12	0	0	0	0	0
163698	33	74	25	0	0	1	3	0	0	9	0	0	0	0	0	0	0	5	1	0	0	0	0
269416	1	3	3	0	0	0	4	0	0	156	0	0	0	0	0	0	0	0	0	0	0	0	0
75079	1	1	1	1	0	0	43	0	0	636	1	0	30	2	0	0	0	3	0	0	0	0	0
459459	0	0	0	0	0	2	20	0	0	155	1	0	130	0	0	0	0	1	0	0	0	0	0
21795	11	9	21	0	0	0	1	48	0	21	0	0	0	0	1	0	1	0	0	0	0	0	0
407742	19	23	15	0	0	0	1	22	0	8	1	0	15	0	0	0	0	26	0	0	0	0	0
271221	0	0	0	1	0	0	0	0	0	0	0	0	0	0	0	4	0	0	7	152	248	0	0
4597	0	0	0	2	0	0	0	0	0	0	0	0	0	0	0	8	1	0	6	2	118	1	0
565674	0	0	1	0	0	0	0	0	0	0	0	0	0	0	0	0	0	0	23	212	183	0	0
277643	15	15	4	1	0	0	0	146	0	0	1	0	0	0	0	0	0	108	0	0	0	0	0
129759	0	4	3	3	3	18	3	0	2	61	0	0	12	0	0	0	2	0	1	2	0	2	1
161477	6	0	1	1	1	1	3	0	0	147	1	0	26	2	20	711	1	21	0	0	0	0	0
240173	8	5	2	5	7	14	53	2	1	605	3	0	32	3	0	11	3	15	1	8	0	2	1
158370	20	6	7	4	4	36	20	3	2	297	2	9	86	4	1	1118	7	365	10	4	1	3	1
328359	0	2	0	1	2	2	4	9	0	1219	0	0	36	0	0	10	2	18	0	2	0	0	0
334940	0	1	0	0	0	0	120	2	1	1413	0	1	18	4	0	7	0	14	1	1	0	0	0
319666	0	0	2	0	0	0	2	1	0	33	0	0	8	0	0	85	1	60	0	0	0	0	0
162721	16	10	1	2	0	3	27	1	2	114	1	0	22	2	10	500	27	32	0	1	1	1	0
344395	0	1	1	0	0	1	1	0	0	22	0	0	22	0	0	1	0	2	0	13	69	0	0
102265	2	2	4	0	0	0	3	0	0	179	1	0	58	2	16	398	17	4	0	1	0	0	0
367659	6	6	10	4	10	8	30	3	0	127	0	2	50	3	0	6	2	0	1	4	4	1	1
562526	170	41	30	5	4	3	26	4	2	249	4	1	13	10	2	17397	401	36	1	1	2	1	1
560773	20	6	3	4	3	1	19	4	0	813	0	2	127	2	162	3671	14	98	0	1	1	0	1
312453	2	1	0	0	2	1	102	2	1	1008	0	0	403	1	1	6	1	17	0	0	0	0	1
60251	0	0	0	0	0	0	16	0	0	130	0	0	63	1	0	2	0	8	0	0	0	0	0
311780	0	1	0	0	0	3	15	2	0	100	0	3	42	0	0	7	0	208	0	0	0	0	0
133194	0	0	0	0	0	0	1	1	0	102	0	0	42	0	0	2	0	0	0	1	0	0	0
6320	0	1	0	0	0	0	4	3	0	268	0	0	1	0	0	0	0	0	0	0	0	0	0
160114	79	17	47	7	4	5	4	19009	3	0	193	1	1	16	4	2	2	4184	13	2	1	1	2
570614	12	2	6	1	2	3	0	2348	0	0	24	0	0	1	0	1	1	1	0	0	1	0	0
345950	6	1	19	0	2	9	0	14145	3	1	159	1	0	9	1	3	2	4	8	3	0	0	1
217733	86	20	37	0	0	2	5	170	0	73	2	0	22	1	0	0	0	97	0	0	0	0	0
133044	11	5	10	0	0	0	0	19	0	0	1	0	0	1	0	0	0	275	0	0	0	0	0
360253	10	20	8	0	1	0	0	5	0	5	0	0	42	0	0	1	0	9	0	0	1	0	0
92490	98	199	107	1	0	0	6	1	0	33	0	0	0	0	2	0	0	10	0	0	0	0	1
38548	60	89	64	0	3	0	1	0	0	195	0	0	35	2	0	1	0	49	1	1	0	1	0
224427	314	175	249	4	4	1	1	455	2	1	15	0	2	3	3	1	1	7839	0	2	2	0	2
563756	66	92	67	2	0	0	0	3	0	0	0	0	0	0	1	0	0	0	15	88	16	0	0
180839	6	1	0	0	0	2	9	0	1	128	1	0	37	0	1	18	4	5	0	1	0	0	0
192248	4	2	1	0	0	0	5	0	0	73	0	0	24	0	0	6	3	0	0	2	0	0	0
164830	13	20	12	0	0	0	17	0	0	31	0	0	10	0	0	0	0	3	0	0	1	0	0
53381	0	0	0	0	0	0	0	0	0	16	0	0	0	1	7	1	0	0	49	47	3	0	0
158572	0	0	2	0	0	1	29	0	0	66	0	0	21	0	0	0	0	0	2	0	1	0	0
354557	211	87	25	0	0	1	24	70	1	62	2	0	0	1	1	8	0	24	2	6	5	0	2
147665	0	0	1	0	0	0	0	0	0	0	0	0	0	0	0	0	0	0	3	62	35	0	0
352352	48	58	28	0	0	3	65	9	0	69	1	0	42	0	0	0	0	1	0	1	0	0	1
263034	4	2	0	1	0	0	0	0	0	0	0	0	0	0	75	6	2	1	4	303	30	0	0
249507	0	0	0	1	0	0	0	0	1	0	0	0	0	0	0	1	0	0	0	172	145	0	0
489457	8	2	3	0	0	0	0	18	0	4	0	0	10	0	0	1	1	345	0	0	0	0	0
200533	3	2	5	0	0	0	0	0	0	0	0	0	0	0	0	0	0	184	0	0	0	0	0
147648	274	44	41	1	0	0	0	836	0	8	8	0	0	0	0	1	0	30	2	0	0	0	0
352641	6	6	0	1	0	0	1	0	0	40	0	0	86	0	0	1	0	0	0	2	0	0	0
360298	0	0	0	3	4	34	9	1	1	20	2	0	12	3	0	3	0	5	5	0	1	0	3
511844	2	0	0	2	2	14	19	2	1	48	0	1	0	2	0	0	2	2	2	1	1	0	0
543139	80	31	17	3	1	1	2	3	0	23	0	0	1	3	1	1663	35	3	3	1	1	0	0
158069	22	15	11	0	4	6	30	0	0	52	2	0	41	2	0	2	1	2	4	1	1	1	0
494339	46	26	7	0	0	0	15	1	0	27	0	0	34	1	0	0	0	2	0	0	0	0	0
31402	0	1	1	1	0	0	1	3	0	289	0	0	7	0	1	8	1	47	0	0	0	0	0
262714	0	2	1	3	6	5	56	0	1	155	0	1	51	2	0	4	2	2	0	12	1	1	1
203846	0	4	0	10	4	19	123	0	0	422	1	3	88	2	1	1	4	7	0	7	6	0	0
145518	0	0	0	0	0	1	79	1	0	152	0	0	42	1	0	0	0	4	0	4	1	0	0
242675	0	2	0	1	1	5	43	2	0	170	2	0	28	2	0	3	3	1	0	5	2	0	0
278075	2349	1374	759	16	1	0	0	18	1	0	2	1	0	2	7	7	1	293	0	0	1	1	6
6365	66	89	40	0	0	0	1	173	0	19	2	0	6	1	1	0	0	4	0	0	0	0	0
541547	1	0	1	2	0	0	0	1	0	0	1	0	0	12	61	208	1547	1	3	1	0	0	0
114901	71	53	33	1	0	0	0	955	0	15	5	1	0	0	1	1	0	40	0	1	1	0	0
211720	1	3	5	1	2	0	1	19	35731	0	4	7	1	0	2	3	1	3	0	0	1	2	0
114029	15	54	11	0	0	0	1	3	0	1	2	0	1	15	1494	1113	1462	0	47	166	19	2	2
100730	1	2	0	0	1	0	1	0	0	0	0	0	0	1	1	1	1	0	2	322	192	3	0
277150	15	79	158	0	0	0	0	0	0	0	0	0	0	0	1	0	0	0	0	0	1	0	0
217352	13	63	75	0	0	0	0	0	0	0	0	0	0	0	0	0	0	1	0	0	0	0	0
255615	4	36	36	0	0	0	0	1	0	0	0	0	0	0	0	0	0	0	4	22	42	0	0
594198	33	64	58	0	0	0	0	0	0	0	0	0	0	0	1	0	0	0	0	2	4	0	0
239473	73	344	319	1	0	0	0	0	0	0	0	0	0	0	3	0	0	7	0	1	0	0	1
590108	593	4729	3665	8	1	1	2	8	0	0	0	1	0	1	32	6	2	22	0	0	0	0	2
266671	26	242	203	2	0	0	0	1	0	0	0	0	0	0	0	0	0	0	0	0	0	0	0
151807	4	3	1	26	0	1	1	2	0	0	0	0	0	2	1	6	5	0	110	1148	1657	9	1
509157	9	175	162	0	0	0	0	1	0	0	0	0	0	0	2	0	0	0	0	0	0	0	0
547121	55	362	401	0	0	0	0	0	0	0	1	0	0	1	1	0	1	5	0	2	0	0	0
441506	141	1055	1121	2	1	1	0	6	1	0	1	0	0	0	6	3	0	8	0	2	1	0	1
572347	8	47	99	0	0	0	0	0	0	0	0	0	0	0	0	0	0	0	0	0	1	0	0
590338	27	213	240	0	0	0	0	2	0	0	0	0	0	0	2	0	0	1	0	0	0	0	0
583342	35	170	201	1	0	0	0	1	0	0	0	0	0	1	1	0	0	2	0	0	0	0	0
219858	156	857	988	1	1	0	0	1	0	0	1	0	0	1	3	0	1	3	1	0	0	0	0
553256	38	205	297	1	0	0	0	0	0	0	1	1	0	0	0	0	0	1	0	0	0	0	0
534747	497	3139	3855	5	0	2	0	15	0	0	4	0	0	1	21	2	1	19	1	1	1	0	1
154329	406	2973	3641	1	1	1	3	12	0	0	1	0	0	0	18	2	1	15	0	0	0	0	1
149503	48	366	406	1	0	0	0	0	1	0	0	0	0	0	3	0	0	2	0	0	0	0	0
232064	297	2065	2311	5	2	1	0	8	1	0	1	0	0	2	9	1	0	13	0	0	1	0	2
265934	147	1061	1335	1	0	0	0	4	0	0	3	0	0	0	10	0	1	8	0	0	0	0	0
10776	184	590	595	1	0	0	0	5	0	0	0	0	0	0	2	0	0	4	0	0	0	0	0
558853	46	119	129	0	0	0	0	1	0	0	0	0	0	0	1	0	0	1	0	0	0	0	0
536721	133	469	549	1	0	0	0	3	0	0	0	0	0	0	3	1	0	8	0	1	0	0	0
155465	25	58	97	1	0	0	0	0	0	0	0	0	0	1	0	0	1	3	0	0	0	0	0
513540	5	42	40	0	0	0	0	0	0	0	0	0	0	0	0	18	1	0	0	1	4	0	0
560302	22	134	139	0	0	0	0	0	0	0	0	0	0	0	0	0	0	1	0	0	0	0	0
165767	8	56	56	0	0	0	0	0	0	0	0	0	0	1	0	0	0	1	0	0	5	0	0
219894	5	84	43	0	0	0	0	0	0	0	0	0	0	0	0	0	0	1	0	0	0	0	0
578505	158	570	477	0	0	0	0	1	0	0	1	0	0	1	2	0	0	3	0	0	0	0	0
262663	33	134	79	0	0	0	0	0	0	0	0	0	0	0	1	0	0	0	0	0	3	0	0
571785	128	689	437	0	0	0	0	2	0	0	1	0	0	0	3	0	0	2	0	0	1	1	0
161965	792	3597	2987	7	1	0	0	9	0	0	6	2	1	2	20	1	2	12	0	1	1	0	3
77292	78	514	366	1	0	0	0	1	0	0	2	0	0	0	1	0	0	1	1	0	0	0	0
149053	294	1201	1060	0	0	1	0	2	0	0	2	0	0	0	9	0	0	7	0	1	0	0	1
543826	140	484	488	1	0	0	0	1	0	0	0	0	0	0	2	0	0	0	0	0	0	0	1
224441	30	177	148	1	0	0	0	1	0	0	0	0	0	0	2	0	0	0	0	0	0	0	0
10754	149	808	523	0	0	0	0	0	0	0	0	0	0	0	3	0	0	8	1	0	0	0	0
552003	93	350	355	0	0	0	0	2	0	0	0	0	0	0	5	0	0	9	0	0	1	0	0
173034	10	52	50	1	0	0	0	1	0	0	0	0	0	0	0	0	0	0	0	0	3	0	0
590543	0	0	0	5	0	0	0	0	0	0	0	0	0	0	0	0	0	0	22	165	221	0	0
10865	0	0	0	0	0	0	0	0	0	0	0	0	0	0	0	2	0	0	4	58	66	0	1
148326	0	0	1	0	0	0	0	0	0	0	0	0	0	0	0	0	0	0	14	116	20	1	0
217198	433	1851	1638	4	2	1	0	6	0	0	2	0	0	1	8	2	1	13	0	0	1	0	1
561928	0	0	0	0	0	1	0	1	0	0	1	0	1	0	0	5	4	0	148	68	24	0	0
378495	0	1	0	2	0	1	0	2	0	0	1	0	1	0	0	8	8	0	114	256	162	2	0
309076	0	0	1	1	1	0	0	0	0	0	1	0	0	0	0	4	5	0	189	755	260	0	0
570484	1	0	0	0	0	0	1	0	0	0	0	0	0	1	0	0	1	0	71	59	154	0	0
10888	0	1	0	2	0	0	0	0	0	0	1	0	0	0	0	2	3	0	52	193	235	1	0
289889	1	0	1	1	0	1	1	0	0	0	1	0	0	0	1	0	2	0	84	784	115	0	0
583955	0	0	0	1	0	0	0	0	0	0	0	0	0	0	0	2	0	0	58	128	138	0	1
557184	0	0	0	1	0	0	0	0	0	0	0	0	0	0	0	7	0	0	2	7	280	0	0
163459	0	0	0	5	0	0	0	0	0	0	0	0	0	0	0	0	0	0	39	397	610	1	0
154663	0	0	0	4	2	0	0	0	0	0	0	0	0	0	1	1	0	0	36	309	529	3	0
19549	0	0	0	8	1	0	1	0	0	0	0	0	0	0	1	15	1	1	101	908	831	1	1
150803	0	0	1	6	1	0	1	1	0	0	0	0	0	0	0	0	1	0	25	483	520	0	0
109282	1	0	0	2	0	0	0	1	0	0	1	0	0	1	0	2	3	0	36	299	492	1	0
348411	0	0	0	1	0	0	0	0	0	0	0	0	0	0	0	0	0	0	0	31	93	0	0
154062	0	0	0	5	0	0	1	0	0	0	1	0	0	1	0	0	1	0	7	141	509	1	1
171180	252	677	550	1	1	0	0	2	0	0	0	0	0	0	3	1	0	4	0	0	0	0	0
568791	184	1062	809	2	0	1	0	1	0	0	0	0	0	2	6	0	1	5	1	1	7	0	1
554116	22	60	45	0	0	0	0	0	0	0	0	0	0	0	0	0	0	0	0	6	11	0	0
574156	0	2	1	0	0	0	0	0	0	0	0	0	0	0	0	0	0	0	6	20	83	0	0
557537	4	40	34	0	0	0	0	0	0	0	0	0	0	0	0	0	1	0	0	1	111	1	0
192150	0	0	0	0	0	0	0	0	0	0	0	0	0	0	0	0	0	0	4	7	91	0	0
109278	0	0	1	4	0	0	0	0	0	0	0	0	0	0	0	0	0	0	2	31	423	1	0
77873	0	1	1	1	1	0	0	0	0	0	0	0	0	0	0	8	1	0	2	20	99	0	0
587834	2	0	0	34	0	0	4	2	1	0	1	0	1	2	0	9	1	1	85	1201	5021	20	2
578329	3	5	5	6	1	0	0	0	0	0	0	0	0	0	0	0	0	0	9	129	242	3	0
249656	11	42	53	0	0	0	0	0	0	0	0	1	0	0	0	0	0	0	1	1	1	0	0
543630	7	110	98	0	0	0	0	0	0	0	0	0	0	0	0	3	0	0	1	1	0	0	1
513824	0	0	0	4	0	0	1	1	0	0	0	0	0	0	0	1	2	0	44	539	885	4	1
10890	0	2	3	6	0	0	0	0	0	0	0	1	0	1	0	0	2	0	32	340	580	0	2
113166	22	146	184	0	1	0	0	1	0	0	0	0	0	0	1	0	0	0	0	0	10	0	0
591936	16	209	281	0	0	0	0	1	0	0	1	0	0	0	1	1	1	2	77	59	79	1	0
566769	12	150	88	1	0	0	0	0	0	0	0	0	0	1	0	5	2	0	48	19	55	1	0
540242	38	188	232	1	2	0	0	0	0	0	0	0	0	1	2	0	0	2	0	4	49	0	0
328502	4	21	39	1	0	0	0	0	0	0	0	0	0	0	1	0	0	0	0	22	139	1	0
339335	16	108	154	0	0	0	0	1	0	0	0	0	0	0	0	1	0	1	2	12	60	1	0
145576	6	41	94	0	0	1	0	1	0	0	0	0	0	0	0	0	0	0	0	1	2	0	0
584649	6	57	62	0	0	0	1	0	0	0	0	0	0	0	1	3	0	0	2	1	59	1	0
166759	8	52	48	0	0	0	0	0	0	0	0	0	0	0	0	0	0	0	1	7	42	0	0
113116	168	1018	1277	0	1	1	0	3	0	0	1	0	0	1	13	5	2	6	19	45	170	2	2
536561	199	1740	1727	1	1	0	0	8	0	1	2	0	1	0	6	4	1	6	9	4	19	0	1
534317	31	298	317	0	0	1	0	1	0	0	0	0	0	0	2	1	0	1	0	7	21	0	0
559617	51	320	414	0	0	0	0	0	0	0	0	0	0	0	4	0	0	1	2	2	5	0	2
537744	20	150	118	0	0	0	0	1	0	0	0	0	0	0	0	0	0	0	0	0	0	0	1
150612	851	3254	2902	8	0	1	0	10	0	0	1	1	0	7	19	4	3	13	0	2	1	0	1
552734	232	1498	1628	1	0	0	1	3	0	0	1	0	0	1	11	0	1	9	0	0	0	0	1
94853	33	323	281	0	0	0	0	1	0	1	1	0	0	0	0	2	0	5	0	0	0	0	0
34985	128	848	982	1	0	0	0	5	0	0	0	0	0	1	9	1	0	5	0	1	0	0	0
295289	8	48	47	0	0	0	0	0	0	0	0	0	0	0	0	0	0	0	0	0	0	0	0
284321	137	1292	1442	2	0	0	0	5	0	0	0	0	0	2	7	0	0	4	0	2	0	0	1
10860	18	299	227	0	0	0	0	1	0	0	0	0	0	0	3	0	0	2	0	0	0	0	0
10845	21	77	119	0	0	0	0	1	0	0	0	0	0	0	0	0	0	1	0	0	0	0	0
151169	4	53	44	0	0	0	0	0	0	0	0	0	0	0	0	0	0	0	0	0	0	0	0
261781	3	58	45	0	0	0	0	0	0	0	0	0	0	0	1	0	0	0	0	0	0	0	0
10858	17	308	464	1	0	0	0	0	1	0	0	0	0	0	3	0	0	1	0	0	0	0	1
271079	5	84	79	1	0	0	0	0	0	0	0	0	0	0	0	0	0	0	0	0	0	0	0
269237	50	321	349	0	0	0	0	0	0	0	0	0	0	0	1	1	0	4	0	0	0	0	0
587689	21	123	126	0	0	0	0	0	0	0	0	0	0	0	0	0	0	0	0	1	0	0	0
133542	181	1912	2440	2	0	2	0	8	0	0	2	0	0	1	15	0	2	23	1	1	0	0	1
586738	790	5925	5505	4	2	0	0	18	0	0	3	0	0	5	29	2	4	35	2	0	0	1	1
203169	34	169	207	0	0	0	0	2	0	0	0	0	0	0	1	0	1	2	0	0	0	0	0
534010	13	103	102	0	0	1	0	0	0	0	0	0	0	0	0	0	0	3	0	1	0	0	0
162776	594	2876	2661	5	0	1	0	10	2	0	3	0	0	3	19	2	2	22	0	1	0	0	0
546745	14	98	102	0	0	0	0	0	0	0	0	0	0	0	0	0	0	1	0	0	0	0	0
282165	594	2561	2624	3	0	0	0	9	0	1	0	0	0	1	16	2	1	17	0	0	0	0	2
102521	84	937	979	1	1	0	0	4	0	0	0	0	0	2	6	1	0	2	1	0	0	0	0
269542	132	1850	1918	0	0	0	0	2	0	0	0	0	0	0	11	0	0	21	2	2	1	0	1
280179	22	118	110	0	0	0	0	0	0	0	0	0	0	0	1	0	0	0	0	0	0	0	0
145398	12	101	129	0	0	0	0	1	0	0	1	0	0	0	1	0	0	0	0	0	0	0	0
56266	2618	11613	9480	20	6	1	1	28	1	1	8	2	0	9	56	6	8	49	3	3	1	0	5
589224	2	0	0	4	0	0	1	0	0	0	0	0	0	0	0	12	0	1	0	48	974	5	0
154397	0	0	0	6	0	2	2	0	0	0	0	0	0	1	1	8	2	0	32	41	882	0	0
279049	0	0	0	1	0	0	0	0	0	0	1	1	0	1	0	27	3	0	18	35	179	1	0
112173	0	1	0	2	0	0	0	0	0	0	0	0	0	0	0	1	0	0	1	56	248	0	0
278071	5	3	5	0	0	0	0	0	0	0	0	0	0	0	0	7	2	0	7	35	96	1	0
102062	8	54	143	1	0	0	0	0	0	0	0	0	0	0	1	0	0	5	0	0	4	0	0
334143	1	0	1	34	2	1	2	1	0	0	1	0	0	2	1	8	3	0	326	1256	4874	10	2
105497	12	19	16	2	0	0	0	1	0	0	0	0	0	0	0	0	0	0	33	103	192	2	0
142768	1100	855	995	3	0	1	0	3	0	0	1	0	0	1	7	4	0	11	1	207	529	1	6
72613	0	1	0	5	0	0	0	0	0	0	0	0	0	2	0	5	1	0	8	36	457	1	1
162310	26	35	83	0	0	0	0	0	0	0	1	0	0	0	0	0	0	2	0	0	0	0	0
141610	8	71	84	0	0	0	0	1	0	0	0	0	0	0	0	0	0	0	0	0	0	0	0
583279	13	31	28	0	0	0	0	0	0	0	0	0	0	0	2	3	0	0	2	16	7	0	0
319044	21	11	25	207	15	10	26	25	4	10	14	5	1	18	7	76	57	3	1294	59245	27172	65	15
25548	2	2	2	5	0	3	1	2	0	0	2	0	0	0	0	147	13	0	218	1058	137	0	0
87194	21	8	29	39	9	20	7	30	3	10	24	1	0	23	11	133	82	5	3177	55040	3952	13	8
109273	10	50	54	1	0	0	0	0	0	0	0	0	0	0	1	0	2	0	61	6	3	0	0
109272	0	0	1	0	0	0	0	0	0	0	0	1	0	0	0	51	0	0	85	17	6	0	0
307864	0	3	0	3	0	1	0	0	0	0	0	0	0	2	0	2	5	0	57	1028	488	2	0
245906	0	1	0	0	0	1	0	0	0	0	0	0	0	0	0	1	0	0	4	38	58	0	0
100033	0	3	1	0	0	1	0	0	0	0	0	0	0	0	0	4	0	0	6	71	44	0	0
509769	0	0	0	0	0	0	0	0	0	0	1	0	0	0	0	0	0	0	47	87	29	0	0
223812	1	1	1	10	0	1	0	0	0	0	1	1	0	1	0	35	3	0	197	1100	760	0	0
184429	1	1	0	0	0	0	0	0	0	0	0	0	0	0	0	99	3	0	6	12	3	0	0
567464	2	1	0	0	0	0	0	0	0	0	0	0	0	0	0	17	4	1	112	31	23	0	0
309672	1	1	0	0	0	0	0	1	0	0	0	0	0	0	0	1	0	0	15	312	56	0	0
549531	0	0	0	0	0	0	0	0	0	1	0	0	0	0	1	0	2	0	9	211	54	0	0
590689	0	0	0	0	0	0	0	0	0	0	0	0	0	2	0	0	0	0	92	36	35	0	0
581436	1	4	1	7	0	2	0	1	0	2	0	0	0	0	1	28	5	0	81	1065	318	2	1
308423	1	0	1	3	0	0	0	0	0	1	1	0	0	0	1	2	2	0	18	622	155	1	3
82114	1	0	1	1	0	0	0	0	0	0	0	0	0	0	0	17	3	0	26	124	26	0	0
131172	20	32	29	0	0	1	0	0	0	0	1	0	0	1	1	21	0	0	154	118	7	0	1
169282	2	15	30	3	0	1	0	0	0	0	0	0	0	0	0	6	0	0	18	134	114	0	0
561836	19	130	148	0	0	0	0	2	0	0	0	0	0	0	0	1	0	1	0	1	0	0	0
346330	14	42	64	0	0	0	0	0	0	0	0	0	0	0	1	0	0	0	1	26	4	0	0
548857	23	90	41	1	0	0	0	0	0	0	1	0	0	0	0	1	0	0	7	72	33	0	0
166413	27	51	31	0	0	0	0	0	0	0	0	0	0	0	0	0	0	0	1	9	4	0	0
532903	1150	5888	6561	5	2	1	0	16	1	2	3	0	3	1	32	2	4	27	1	3	1	0	8
546717	28	184	222	0	0	0	0	0	0	0	1	0	0	0	2	0	0	1	0	0	0	0	0
184957	44	200	249	0	0	0	0	0	0	0	0	0	0	0	3	0	0	0	0	0	0	0	0
593701	89	226	399	0	1	1	0	1	0	0	0	1	0	0	1	0	0	5	0	1	0	0	0
512958	63	367	526	0	0	0	0	1	0	0	0	0	0	0	3	0	0	3	0	0	0	0	0
81732	121	1150	1348	1	0	0	0	3	0	0	2	0	0	0	7	1	1	7	0	0	1	1	0
66925	81	777	749	2	0	0	0	1	0	0	2	0	0	0	1	0	0	4	0	1	0	0	1
131091	7	67	64	0	0	0	0	0	0	0	0	0	0	0	0	0	0	0	0	0	0	0	0
143834	154	936	1002	1	0	1	0	4	0	0	0	0	0	1	5	1	1	2	4	0	0	0	1
554930	92	440	485	1	0	1	0	3	0	0	0	0	0	0	2	0	0	1	0	0	0	0	0
569150	19	115	96	1	0	0	0	0	0	0	0	0	0	0	1	0	0	2	0	0	0	0	0
63254	49	215	231	0	0	0	0	0	0	0	0	0	0	0	1	0	0	0	0	0	0	0	0
29387	268	1818	1513	3	2	0	0	8	0	0	0	0	0	0	11	2	0	9	1	0	1	1	0
34143	20	98	53	1	0	0	0	1	0	0	0	0	0	0	0	1	0	0	0	0	0	0	0
590259	5	34	66	0	0	0	0	0	0	0	1	0	0	0	0	0	0	0	0	0	0	0	0
263319	1508	5499	5577	7	2	1	0	17	1	0	6	0	0	3	25	6	2	28	0	3	1	0	4
180225	18	76	55	0	0	0	0	1	0	0	0	0	0	1	0	0	0	0	0	0	0	0	0
569641	13	56	72	0	0	0	0	0	0	0	0	0	0	0	0	1	0	0	0	0	0	0	0
49295	33	136	79	1	0	1	0	35	0	3	0	0	0	0	0	0	0	6	0	1	0	0	0
105561	2	18	18	0	0	0	1	0	0	85	1	0	0	1	0	0	0	0	0	0	0	0	0
137132	30	27	27	0	2	1	0	5	0	16	0	0	0	0	0	0	0	1	0	0	0	1	0
328281	0	0	0	0	0	0	1	0	1	1	0	0	0	0	0	1	1	0	7	333	6	0	0
233140	0	0	0	1	0	0	0	0	0	0	0	0	0	0	0	2	220	0	1	0	0	0	0
155720	0	0	0	0	0	0	0	0	0	0	1	0	0	0	0	0	170	1	0	0	0	0	0
553766	1	0	0	0	0	0	0	0	0	0	0	0	0	7	3	1	331	0	0	1	1	0	0
577706	2	1	0	0	0	0	0	0	0	0	0	0	0	2	3	312	73	0	0	0	0	0	0
198258	2	0	1	0	0	0	0	0	0	0	1	0	0	1	0	0	0	82	0	11	6	0	0
229528	1	6	2	1	0	0	0	0	0	0	0	0	0	0	267	0	91	0	1	0	0	0	0
589130	0	0	0	2	0	0	0	0	0	0	0	0	0	2	0	29	418	0	0	0	0	0	0
10690	0	1	0	3	0	0	0	0	0	0	0	0	0	0	0	0	0	0	0	823	292	0	0
275503	0	0	0	0	0	0	0	0	0	0	0	0	0	0	0	0	0	0	1	94	61	0	0
274122	0	0	0	2	1	0	0	0	0	0	0	0	0	0	0	0	0	0	0	124	165	1	0
10661	1	0	0	2	0	1	0	0	0	0	0	0	0	1	0	3	1	0	52	204	231	0	1
275844	2	0	0	5	1	0	0	0	0	1	1	0	0	0	0	0	3	0	112	493	791	3	0
218005	128	70	125	1	1	0	0	0	0	0	0	0	0	0	1	0	0	2	0	0	1	0	0
277698	6	0	1	0	0	0	0	0	0	0	0	0	0	0	16	291	4	0	1	6	0	0	0
239066	24	14	23	0	0	0	7	17	0	10	0	0	10	0	0	0	0	66	0	5	0	0	0
246382	31	30	49	0	0	0	0	1	0	29	1	0	0	0	0	0	0	22	0	0	0	0	0
119236	17	49	61	0	1	1	0	0	1	2	0	0	0	0	1	0	0	6	0	1	0	0	0
246321	24	150	86	1	2	0	2	2	0	18	0	0	0	0	1	0	0	202	0	6	3	0	0
381777	15	70	75	0	0	0	0	0	0	0	0	0	0	0	1	0	0	0	0	0	0	0	0
565064	3	68	120	0	0	0	0	1	0	0	0	0	0	0	3	0	0	0	0	0	0	0	0
346925	21	37	42	1	0	1	0	1	0	0	0	0	0	0	1	0	0	0	0	0	1	0	0
535437	5	10	41	11	10	3	1	2	0	0	0	2	6	0	0	2	0	3	0	7	4	1	0
276445	0	0	0	1	0	0	0	0	0	1	0	0	0	0	0	3	0	0	4	86	127	0	0
540681	77	158	304	1	0	0	0	1	1	0	0	1	0	1	0	1	0	3	0	0	0	0	0
192369	11	42	77	0	0	0	0	0	0	0	0	0	0	0	0	0	0	1	0	11	15	0	1
60598	16	64	75	0	0	0	0	0	0	0	0	0	6	0	2	0	0	1	0	0	1	0	0
535087	4	43	41	0	0	0	0	0	0	0	0	0	0	0	0	0	0	0	2	9	7	0	0
581516	83	235	186	1	0	0	0	2	0	0	0	1	0	0	0	0	0	1	0	10	22	0	0
308535	37	136	161	8	11	0	0	1	1	0	1	1	0	0	2	0	1	0	0	2	6	0	1
546729	4	17	37	0	0	0	0	0	0	0	0	0	0	0	0	1	0	0	9	28	5	0	0
344633	14	38	47	1	0	0	0	1	0	0	1	0	0	0	0	0	0	0	0	0	0	1	0
565517	54	152	119	1	1	0	0	0	0	0	0	0	0	0	0	0	0	1	0	1	0	0	0
537008	9	24	14	4	0	0	1	1	0	0	1	0	0	0	0	0	0	0	31	490	121	0	1
570102	0	0	0	0	0	0	0	0	0	0	0	0	0	0	0	0	2	0	22	232	52	1	0
268705	0	0	2	2	0	0	0	0	0	1	0	0	0	0	1	19	18	0	17	98	46	0	0
111722	0	0	1	0	0	0	0	0	0	0	0	0	0	0	0	0	0	0	6	78	16	0	0
178175	0	0	0	0	0	0	0	0	0	0	0	0	0	0	0	0	0	0	6	95	16	0	0
562069	0	0	0	0	0	0	0	0	0	0	0	0	0	0	0	0	1	0	13	123	38	0	0
325961	0	0	0	0	0	0	0	0	0	0	0	0	0	0	0	0	0	0	17	53	69	0	0
195498	1	0	0	0	0	2	1	0	0	0	0	1	0	1	1	12	10	0	140	312	93	0	0
274528	0	0	0	1	0	0	0	0	0	0	0	0	0	0	0	0	0	0	9	152	61	0	0
225442	9	40	32	0	1	0	1	0	0	13	0	0	1	0	1	0	0	2	0	0	0	0	0
254949	4	80	12	0	1	7	0	0	0	22	0	1	0	0	0	0	1	0	1	0	0	0	0
254628	1	2	1	1	0	0	0	0	0	0	0	1	0	0	0	1	1	0	11	312	94	0	0
75196	42	481	151	1	0	0	0	0	0	0	0	0	0	0	4	0	0	2	0	0	0	0	0
560806	14	186	83	0	0	0	0	2	0	0	0	0	0	0	0	1	0	1	0	0	1	0	0
237963	10	61	51	1	1	0	0	1	1	1	0	0	1	0	0	0	0	0	0	4	0	0	0
554552	16	88	33	1	0	0	0	1	0	0	0	0	0	0	0	1	0	1	20	158	6	0	1
539276	2	38	17	0	0	0	1	0	0	4	0	0	0	1	0	0	0	0	34	108	10	0	0
218567	21	61	60	0	1	0	0	1	0	0	0	0	0	0	0	7	1	4	0	0	2	0	1
113261	70	144	84	1	0	0	1	2	0	99	0	1	0	2	0	0	1	3	0	3	3	0	1
562536	25	39	87	0	1	0	0	1	0	0	0	0	0	0	1	0	0	0	0	1	0	0	0
156870	5	22	29	0	0	0	0	0	0	15	0	0	0	0	0	0	2	3	2	44	3	0	0
586966	28	30	38	0	0	0	1	0	0	0	0	0	2	0	0	0	0	4	0	1	1	0	0
251592	39	143	133	7	0	1	2	0	0	1	0	1	0	0	1	0	1	5	0	0	1	1	0
565643	19	202	111	0	0	0	0	0	0	1	0	0	0	0	1	0	0	2	0	0	0	0	0
539496	31	337	312	5	5	5	4	3	2	0	0	0	0	0	0	0	0	4	5	24	9	0	0
362520	11	53	52	1	0	0	0	1	0	0	0	1	0	1	1	0	1	0	2	13	5	0	0
347524	7	8	12	0	3	0	0	0	0	0	0	0	1	0	0	0	0	0	7	32	30	0	0
108677	27	25	43	1	1	0	0	0	0	0	0	0	1	0	0	0	0	0	0	2	1	0	0
222900	32	49	61	2	0	0	0	0	0	0	0	0	0	0	0	0	0	17	1	2	2	0	0
542445	83	139	116	3	1	4	0	2	0	0	0	0	3	0	1	1	0	2	5	99	2	1	2
522005	0	0	0	0	0	0	0	0	0	0	0	0	0	1	0	0	0	0	53	31	78	0	0
546642	1	1	1	0	0	0	0	0	0	0	0	0	0	0	0	2	0	0	24	55	43	0	0
236312	0	1	0	0	0	0	0	0	0	0	0	0	0	0	0	3	0	0	3	96	3	0	0
279253	1	0	0	0	0	0	0	0	0	0	0	0	0	0	0	0	1	0	9	82	27	0	0
332464	3	19	25	1	0	0	0	0	0	0	0	0	0	0	0	1	1	0	1	153	23	0	0
278622	35	18	27	0	0	0	0	0	0	22	0	0	0	1	0	0	1	1	0	0	1	0	0
565375	16	118	175	0	0	0	0	1	0	0	0	0	0	0	0	0	0	0	0	0	0	0	0
207878	11	194	151	0	0	0	0	2	0	0	1	0	0	0	0	0	0	1	0	0	0	0	0
136119	22	37	119	0	0	0	0	1	0	0	0	0	0	0	0	0	0	0	0	0	0	0	0
130774	59	109	138	0	0	0	0	0	0	0	0	0	0	1	0	0	1	0	0	0	0	0	1
582110	755	881	803	7	0	0	0	3	0	0	1	0	0	0	2	0	1	8	0	0	1	0	2
234490	1079	1275	1171	6	0	0	0	7	0	0	0	0	1	3	9	0	1	10	1	1	2	0	1
242301	126	394	453	1	0	0	0	3	0	1	0	0	1	1	1	0	0	6	0	0	1	0	0
532843	6	35	59	1	0	0	0	0	0	0	0	0	0	0	0	0	0	1	0	0	0	0	1
177418	50	137	173	0	0	0	0	2	0	0	0	0	0	0	1	1	0	1	0	0	1	0	2
169586	118	254	384	0	0	0	0	1	0	0	0	0	0	0	2	1	0	3	0	0	0	1	0
133876	7	37	31	3	1	0	0	1	1	42	0	0	2	0	0	0	1	0	0	2	0	2	0
584276	24	97	114	6	10	3	0	1	2	51	0	1	4	0	0	1	1	0	6	3	3	0	0
236994	55	151	87	1	0	0	0	1	0	0	0	0	0	0	0	0	0	1	0	0	0	0	0
141394	120	337	349	1	0	0	0	2	0	15	0	0	0	2	2	1	0	9	0	0	0	0	0
237842	11	67	41	1	1	0	0	0	1	3	0	0	0	0	0	0	0	1	3	3	0	0	0
143335	22	59	90	0	0	0	0	0	0	0	0	0	0	0	0	0	0	1	0	0	0	0	0
244045	49	140	134	0	0	0	0	0	0	0	0	0	0	0	2	0	0	0	0	0	0	0	0
146553	18	54	35	0	1	0	0	1	0	0	0	0	0	0	0	0	2	0	0	69	52	0	0
259279	16	90	68	0	2	0	0	0	0	0	0	0	0	0	0	0	1	1	0	1	2	0	0
591167	30	208	109	0	0	0	0	0	0	0	0	0	0	0	1	0	0	0	0	3	2	0	0
582001	24	37	73	0	0	0	0	0	0	0	0	0	0	0	0	0	0	0	0	0	0	1	0
104157	450	1915	2163	5	2	0	0	9	0	1	0	0	0	0	13	0	3	12	0	0	1	1	2
527719	171	481	535	2	0	0	2	3	0	0	0	0	0	0	3	1	1	5	0	3	103	0	0
571587	12	103	77	0	0	0	0	2	0	0	0	0	0	0	2	0	0	1	0	0	0	0	0
326474	85	260	333	11	1	0	0	2	0	0	0	1	0	0	1	4	0	2	3	141	1594	2	1
141399	20	67	59	0	0	0	0	0	0	0	0	0	0	0	1	0	0	1	0	0	0	0	0
109573	39	193	229	0	0	0	0	3	0	0	0	0	0	1	0	0	0	0	0	0	0	0	0
202514	883	2269	2564	2	1	0	0	7	0	0	1	0	0	1	17	2	0	9	0	0	0	0	2
242051	90	515	548	1	0	0	0	1	0	0	1	0	1	1	2	0	0	4	0	54	6	0	0
160740	127	807	842	1	0	1	0	3	0	0	0	0	0	0	5	3	0	4	0	1	1	0	0
509640	16	123	121	1	0	0	0	0	0	0	0	0	0	1	1	0	0	1	2	18	79	0	0
10719	0	2	1	0	0	0	0	0	0	0	0	0	0	0	0	0	0	0	2	209	53	0	0
541076	53	283	171	0	0	0	0	0	0	0	0	0	0	0	1	0	0	0	1	6	4	0	0
149523	126	358	442	1	1	0	0	0	0	0	0	0	0	2	3	11	0	4	9	91	98	1	0
163641	302	1414	1579	0	0	0	0	4	0	0	0	0	0	1	9	0	1	7	2	3	1	0	1
142841	78	65	77	0	0	0	0	0	0	0	0	0	0	0	1	1	0	0	0	0	0	0	0
229376	664	1602	1788	1	1	0	0	5	1	1	1	0	0	1	7	0	0	18	1	1	1	0	4
10733	3181	7478	7594	19	1	3	0	19	0	1	7	3	0	6	46	3	4	43	2	25	35	3	20
90570	236	151	209	2	0	0	2	0	0	0	0	0	0	0	0	1	0	8	0	0	0	0	0
239296	30	120	91	1	1	0	0	1	0	0	0	0	0	0	0	0	0	3	0	29	96	0	0
132337	133	449	493	0	0	0	0	3	0	0	0	0	0	0	5	1	1	3	0	0	10	0	1
141881	51	281	355	0	0	0	0	2	0	0	0	0	0	0	2	1	0	1	0	0	0	0	0
549687	122	489	573	1	0	0	0	2	0	0	0	0	0	1	1	2	0	4	0	1	0	1	0
140482	42	70	124	6	1	0	0	1	0	0	0	0	0	0	1	1	2	1	108	1036	526	2	1
41059	6	16	48	11	0	0	0	0	0	0	0	0	0	1	1	2	1	1	27	180	1108	2	2
103899	0	1	2	16	0	0	1	0	0	0	0	0	0	0	0	0	0	0	4	174	1778	6	0
525862	7	10	13	138	2	2	4	7	2	1	4	2	0	10	3	24	15	2	652	11098	13150	24	6
210461	15	48	44	2	0	0	0	0	0	0	0	0	0	0	0	0	0	0	2	23	57	0	0
554911	0	0	0	0	0	0	0	1	0	0	0	0	0	0	0	4	4	0	99	397	30	0	0
509809	0	0	1	0	2	2	0	0	1	0	0	0	0	0	1	74	7	0	166	1108	57	0	0
263005	29	98	140	22	0	1	5	2	0	0	1	0	0	1	2	4	8	2	449	4074	3517	8	1
10662	10	26	39	0	1	0	0	1	0	0	0	0	0	0	1	0	0	0	0	35	28	0	0
568378	1	0	2	2	0	0	0	0	0	0	0	0	0	0	0	0	0	0	0	106	243	0	0
559852	6	42	40	1	0	0	0	0	0	0	0	0	0	0	0	0	0	0	2	83	85	0	0
511753	0	0	0	0	0	0	0	0	1	0	0	0	0	0	0	0	0	0	2	68	36	0	0
449515	0	1	6	5	1	2	0	1	0	0	1	0	0	3	0	2	5	0	55	1410	388	0	2
108675	1	4	2	46	5	0	8	1	0	0	0	1	0	1	1	10	4	0	4	5222	6992	11	3
237074	0	1	2	6	1	1	0	0	0	1	3	0	0	0	0	40	6	0	254	3997	719	1	1
286079	0	0	0	0	0	1	0	1	0	0	0	0	0	0	0	2	1	0	18	93	18	0	0
10658	0	0	0	0	0	0	0	0	0	0	0	0	0	0	0	2	1	0	62	96	4	0	0
10686	1	0	1	8	1	2	1	2	0	1	1	0	0	1	1	3	6	0	290	2659	761	3	0
110229	8	23	12	1	1	0	0	1	0	0	1	0	0	1	0	1	1	0	26	550	32	1	0
78716	4	6	8	0	0	0	0	1	0	0	1	0	0	0	0	35	0	0	11	56	34	0	0
136482	2	1	1	1	1	0	0	0	0	0	0	0	0	8	27	202	393	0	1	14	19	1	0
234098	0	0	1	0	0	0	0	0	0	0	0	0	0	0	16	0	128	0	0	0	0	0	0
225464	16	125	145	0	0	0	0	0	0	0	0	0	0	0	0	0	0	1	0	0	1	0	0
325820	15	97	63	0	0	0	0	0	0	0	0	0	0	0	2	0	0	0	0	0	0	0	0
91023	9	30	11	1	0	0	0	0	0	0	0	0	0	0	0	0	0	0	7	233	104	1	0
240724	344	959	676	1	0	0	0	1	0	0	2	0	0	0	8	2	0	6	5	22	48	0	1
213866	264	1736	1163	0	0	0	0	3	0	1	0	0	0	0	4	0	0	5	1	14	1	0	1
337082	645	2661	2184	4	1	0	0	4	0	0	3	1	0	1	13	1	0	9	0	0	0	1	3
363429	2	8	3	2	0	1	0	1	0	0	1	0	0	0	1	0	0	0	64	337	707	1	1
258229	0	0	0	0	0	0	0	104	0	0	2	0	0	0	0	0	0	2	0	0	0	0	0
141738	196	895	1171	1	0	0	0	1	0	0	0	0	0	1	11	0	0	5	0	0	0	0	1
60815	19	105	94	0	0	0	0	0	1	0	0	0	0	0	0	0	0	0	0	0	0	0	0
241447	65	83	51	0	0	0	0	0	0	0	0	0	0	0	0	1	0	3	0	0	0	0	0
222624	163	719	774	0	0	0	0	2	0	0	1	0	0	0	1	0	0	4	0	0	1	0	0
217881	19	103	112	1	0	0	0	0	0	0	0	0	0	0	0	1	0	3	0	0	0	0	0
152291	10	41	51	0	2	0	0	0	0	0	0	0	0	0	2	1	0	0	0	0	0	0	0
360408	88	406	441	0	0	0	0	3	0	0	0	0	1	1	0	0	0	0	0	0	0	0	0
586390	83	410	507	1	0	0	1	1	0	0	1	0	0	0	2	0	0	3	0	1	0	0	2
114547	442	818	626	1	0	0	0	1	0	0	0	0	0	2	3	0	0	2	0	1	1	0	2
152302	5	49	77	0	0	0	0	0	0	0	0	0	0	0	0	0	0	0	0	0	0	0	0
408758	207	842	905	2	0	0	0	2	1	0	0	0	0	1	11	0	1	4	0	1	3	1	0
569201	76	165	144	1	0	0	0	0	0	0	0	0	0	0	3	0	0	1	0	0	0	0	0
196940	333	1655	1508	1	0	0	0	6	0	0	0	0	1	1	6	0	0	7	0	0	0	0	2
172221	416	2362	1922	4	0	0	0	4	0	0	0	0	1	1	11	3	1	8	0	0	0	1	0
145701	74	457	384	0	0	0	0	1	1	0	0	0	0	0	2	0	0	1	0	1	0	0	0
230544	585	1750	1382	6	0	1	0	2	0	0	1	0	0	1	8	0	0	10	0	1	0	1	2
565618	10	91	53	1	0	0	0	0	0	0	0	0	0	0	1	0	0	0	0	0	0	0	0
170662	375	2512	2294	3	0	0	0	5	0	1	0	0	0	1	10	1	1	15	0	0	1	0	1
149135	501	2044	1873	5	0	2	0	3	2	0	1	0	0	1	11	2	1	15	0	1	0	1	1
554198	22	181	112	0	0	0	0	0	0	0	0	0	0	0	1	1	1	0	0	0	0	0	0
561793	337	1656	1443	0	0	0	1	7	0	0	1	0	0	0	5	0	0	6	0	0	0	1	2
578382	17	75	54	1	0	0	0	0	0	0	0	0	0	0	0	0	0	0	0	0	0	0	0
554668	6	24	8	1	1	1	0	3	1	0	2	1	0	16	1318	160	2564	2	3	0	0	0	0
320231	154	220	94	2	2	0	0	16	1	0	0	0	0	0	0	1	1	1	0	0	0	0	2
525955	35	49	35	0	0	0	0	1	0	0	0	0	0	1	0	0	0	0	0	0	0	0	0
101215	338	491	383	2	3	0	0	2	0	0	1	0	0	0	1	2	0	4	0	0	0	0	2
190481	0	0	0	0	0	0	0	0	0	0	0	0	2	0	1	296	36	0	1	0	0	0	0
342087	2	0	0	0	0	0	0	0	0	0	0	0	0	0	0	216	60	0	2	3	0	0	0
66632	1	0	0	0	0	0	0	0	0	0	0	0	0	3	0	116	215	0	3	8	0	0	0
573049	0	2	0	2	0	0	1	2	0	0	1	0	0	6	2	101	1177	0	2	1	0	0	0
230500	6	5	2	1	2	1	1	1	0	0	1	0	0	34	97	775	3800	0	5	3	0	1	0
172515	2	0	1	0	0	1	0	0	0	0	0	0	0	14	0	17	1485	3	3	1	0	1	0
576998	10	8	7	5	0	1	1	1	0	1	3	2	0	55	334	1278	8554	0	11	2	0	1	0
578477	2	2	2	0	0	0	0	3	0	0	4	0	0	33	174	104	3432	101	5	1	0	2	1
227744	2	3	1	0	0	1	0	1	0	0	0	0	0	16	205	188	1932	0	3	0	0	1	0
590041	2	8	1	0	0	0	1	18	0	7	0	2	0	18	97	87	1625	18	2	0	0	1	0
141750	24	8	11	2	0	2	0	14	0	0	1	0	0	4	16	49	350	5	1	0	0	0	0
575472	27	4	17	1	0	1	0	467	0	0	8	0	0	2	0	5	0	2860	0	8	0	0	0
248998	0	0	0	0	0	0	0	0	0	0	1	0	0	1	1	2	318	0	2	2	0	0	0
561016	0	2	2	0	0	0	0	0	0	0	2	0	0	3	0	3	360	0	2	1	0	0	0
542989	2	9	5	0	1	0	1	1	2	0	4	0	0	54	462	106	8204	0	9	1	0	1	1
450857	0	15	5	0	0	0	0	95	0	0	1	0	0	1	0	0	2	4	0	1	0	0	0
356497	4	7	2	4	0	0	0	10	0	0	3	2	0	39	191	58	3444	0	6	3	0	1	0
575686	21	33	14	2	2	0	0	2	1	1	1	2	1	15	1394	4367	1267	2	4	2	1	1	0
339261	541	181	49	34	14	13	3	24	11	26	30	7	3	237	4994	87284	30794	10	66	22	16	15	6
100077	1	0	0	0	0	0	0	0	0	0	2	0	0	2	0	33	108	0	2	7	2	0	0
254573	3	0	0	0	0	1	0	0	0	0	0	0	0	0	3	428	2	0	2	1	0	0	0
511108	13	1	1	1	0	1	0	0	0	3	1	0	0	2	6	2268	96	0	3	2	0	0	0
252859	1	0	0	0	0	0	0	0	0	0	0	0	0	0	3	109	36	0	0	2	0	0	0
562142	11	2	0	0	0	0	0	1	0	1	0	0	0	0	3	1287	119	0	0	4	4	0	0
541389	1	3	0	1	0	0	0	40	0	0	0	0	0	0	13	61	22	1	0	0	1	0	0
104489	2	0	0	0	0	0	0	0	0	0	0	0	0	1	0	129	3	0	0	0	0	0	0
103421	0	0	0	0	0	0	0	0	0	0	0	0	0	1	0	121	3	0	0	0	0	0	0
545820	1	0	0	0	0	0	0	1	0	0	1	0	1	5	1	26	588	0	0	0	0	0	0
232667	4	0	0	0	0	0	0	0	0	0	4	1	0	13	17	191	770	0	2	1	0	0	0
150756	252	46	16	20	12	15	4	13	8	17	24	5	2	248	1041	34330	28773	1	54	16	8	2	5
230882	40	26	6	3	2	1	1	2	1	0	2	1	0	28	995	3997	3801	1	7	2	3	2	3
560419	0	0	0	0	0	0	0	0	1	0	0	0	0	7	0	1	296	0	0	0	0	0	0
591187	0	0	0	0	0	0	0	0	0	0	0	0	0	1	0	4	107	0	0	0	0	0	0
246595	3	3	0	0	0	0	0	0	0	0	3	0	0	34	1	89	3674	1	6	1	0	1	0
548838	5	6	3	0	1	2	0	3	0	0	7	0	0	50	75	176	7659	1	10	2	0	3	0
136894	7	30	39	0	0	0	0	0	0	0	0	0	0	1	0	8	321	0	1	0	1	0	0
233682	14	0	0	0	0	0	0	0	0	2	1	0	0	1	0	2554	315	0	0	0	0	0	0
286813	57	1	4	2	2	1	0	1	0	4	2	0	0	10	4	6882	214	0	13	47	7	1	1
249994	0	0	0	0	0	0	0	0	0	0	0	0	0	0	0	276	10	0	3	17	4	0	0
330803	4	0	0	0	0	0	0	0	0	0	0	0	0	0	0	332	8	0	1	2	0	0	0
233328	8	8	2	2	2	0	0	18	1	0	5	1	1	31	160	784	5048	0	6	2	1	0	2
68987	111	262	80	19	14	10	3	12	3	7	21	4	6	234	9725	11543	26209	4	52	18	7	7	6
105331	6	2	1	1	0	0	0	0	1	0	0	1	0	3	32	1753	730	0	0	1	0	1	0
230145	5	2	0	0	0	1	0	1	1	0	0	1	0	9	44	46	275	0	2	0	0	0	0
551808	8	0	0	1	0	0	0	1	0	0	2	0	0	0	15	226	62	0	1	0	1	0	0
188334	105	232	41	13	7	5	4	12	3	3	2	3	5	37	7103	10852	4086	6	9	4	2	4	1
230843	82	77	19	6	2	4	3	10	3	2	18	2	5	184	2197	9265	20417	3	26	3	3	6	2
348941	17	13	2	2	1	0	0	1	0	0	0	0	0	44	207	1670	3770	0	12	1	0	0	0
228170	33	61	7	3	1	3	0	3	2	3	6	0	1	57	1533	2952	4775	0	9	5	0	2	1
171189	183	15	1	7	2	5	0	8	3	7	2	2	4	24	73	34408	835	3	3	4	3	5	2
341072	133	14	8	2	3	4	0	5	2	7	5	2	0	56	272	24911	6770	1	6	3	2	3	2
170720	7	0	0	0	0	0	0	1	0	0	0	0	0	5	6	291	696	1	2	0	1	0	0
343127	36	8	3	3	1	1	0	1	0	2	3	0	0	18	27	7391	2900	0	5	1	0	0	0
585343	193	46	7	16	9	3	2	16	8	10	11	3	1	102	848	42704	9428	7	14	13	7	4	2
118817	220	387	107	18	19	11	8	25	3	9	13	5	3	241	12126	25102	27632	10	35	13	8	8	9
334598	76	112	36	12	5	2	2	6	1	2	13	3	4	42	4409	8352	3972	1	10	3	2	4	2
61189	70	510	139	29	12	15	9	16	13	3	17	9	7	172	19003	1733	21696	13	44	14	6	11	9
319928	7	32	8	5	1	2	0	3	1	1	9	0	0	81	840	159	10117	0	16	3	0	2	1
234071	1	7	3	1	0	0	0	0	0	0	0	0	0	0	309	0	102	0	0	0	0	0	0
573052	0	2	1	0	0	0	0	0	0	0	0	0	0	2	57	9	145	0	0	0	0	0	0
548700	13	5	0	3	0	1	0	2	0	0	0	0	0	22	20	1247	1776	0	3	0	2	0	0
501319	1	1	0	0	0	0	935	1	0	55	3	0	356	26	1	0	0	0	1	0	0	0	0
2375	0	1	0	0	0	0	311	0	0	2	1	0	0	1	0	0	0	0	0	0	0	0	0
428237	2	4	1	0	0	2	3817	11	0	75	89	0	2581	227	0	0	0	2	6	0	3	1	1
125969	0	0	0	1	0	0	2	0	0	0	0	0	330	11	0	0	0	0	0	0	0	0	0
361804	0	0	1	0	1	0	29	2	0	50	283	0	2016	138	0	3	2	0	0	0	0	0	1
2394	0	1	0	0	0	0	113	0	0	0	1	0	319	21	0	0	0	0	0	0	0	0	0
165694	0	1	0	1	0	0	643	1	0	36	4	0	689	60	0	0	0	1	0	0	0	0	0
56208	0	2	0	0	0	0	1389	0	0	28	2	1	1829	52	0	0	0	1	1	2	0	0	0
241520	1	0	0	1	0	0	2929	2	1	47	35	0	892	56	0	3	1	1	3	1	1	0	0
112578	0	0	0	0	0	0	0	495	0	0	4	0	0	0	0	0	0	0	0	1	0	0	0
179042	0	0	0	0	0	0	0	194	0	16	2	0	0	1	0	1	1	0	0	0	0	0	0
107484	1	0	0	1	0	0	9	0	0	25	0	0	5	0	0	9	0	0	3	155	154	0	0
272591	2	0	0	0	0	1	9	231	1	105	2	0	28	0	0	1	1	12	0	0	0	0	0
60733	7	8	9	0	1	0	0	25	0	10	1	0	0	0	1	2	0	275	1	0	0	0	0
388912	0	0	1	0	0	0	0	192	0	0	2	0	0	1	0	0	0	0	0	0	0	0	0
442300	1	0	5	0	1	3	7	3301	0	941	27	0	0	5	1	1	5	11	0	0	0	0	0
355611	4	2	7	1	0	1	0	6113	0	6	45	2	0	2	1	2	2	0	3	0	0	0	0
203518	1	0	1	0	0	1	1	196	0	1	2	0	0	0	0	1	2	8	0	0	0	0	0
263225	2	0	3	0	0	0	0	103	0	8	2	0	0	1	0	4	2	4	0	0	1	0	0
39294	20	13	105	10	9	29	10	55800	11	46	479	3	1	50	13	16	18	96	20	7	1	3	0
499875	4	10	3	0	1	0	0	512	0	0	2	0	0	0	0	5	0	5	0	2	0	0	0
534899	11	6	1	0	0	0	0	336	0	3	4	0	6	0	0	1	4	24	0	1	0	0	0
574039	18	0	4	1	0	2	0	1720	1	1	18	0	6	7	0	9	17	441	0	0	0	0	0
426016	0	0	0	0	0	0	0	81	0	0	2	0	2	0	0	14	0	22	0	0	0	0	0
83993	29	17	15	0	0	0	41	1421	1	9	20	0	92	3	1	3	4	111	0	0	0	0	2
341862	32	16	32	2	0	2	38	6	0	23	1	0	32	1	1	1	1	2426	0	1	1	0	0
172143	34	6	21	1	0	0	5	56	0	65	0	1	11	0	0	2	0	13	0	0	0	0	0
140859	28	3	15	0	1	0	6	508	0	15	11	0	23	0	0	1	0	40	0	0	0	0	0
426108	54	13	31	1	1	1	20	110	1	38	1	0	37	1	0	0	1	20	0	0	0	0	0
270711	31	39	67	0	0	0	0	3	0	0	0	0	0	0	0	0	0	8	0	1	0	0	0
329653	257	69	200	11	6	6	3	305	1	3	23	2	1	16	3	5	5	37550	5	4	2	7	5
471192	21	4	10	3	3	0	0	2468	1	0	28	0	0	2	0	1	2	1819	0	1	1	0	0
558797	16	12	20	1	1	0	0	8	0	0	0	0	0	2	1	0	16	71	0	0	0	0	0
144140	2	0	2	0	1	2	1	448	0	29	9	0	2	1	0	0	1	0	1	0	0	0	0
248359	0	1	2	0	0	2	0	1476	0	0	11	0	0	3	0	2	0	0	1	0	0	0	0
212836	29	8	12	0	0	0	0	65	0	5	1	1	3	1	0	0	2	117	0	0	0	0	0
540329	57	32	160	0	1	0	7	551	1	75	3	0	0	0	2	3	1	541	0	1	0	0	0
456274	48	16	3	0	0	0	3	92	0	4	1	0	18	0	0	1	0	1	0	0	0	0	0
469382	69	25	13	1	0	0	0	3	0	0	0	0	18	0	0	0	0	7	0	0	0	0	0
397003	376	174	478	4	1	0	0	45	0	0	0	0	0	1	3	0	1	21	0	0	0	0	3
114965	9	1	1	0	0	1	0	1049	2	3	23	0	2	2	0	2	0	42	1	1	0	0	1
249853	1	0	0	0	0	0	0	10	0	0	0	1	0	0	1	0	0	104	0	0	0	0	0
571350	83	11	14	0	0	1	0	880	0	0	3	0	0	2	0	1	1	88	0	0	0	0	0
44265	35	15	21	2	1	5	1	7392	0	22	61	0	3	2	2	0	0	88	1	2	0	1	0
99956	14	4	8	1	1	0	1	2035	0	0	18	0	18	1	1	1	1	912	0	0	0	1	0
509233	0	0	0	0	0	1	0	376	0	0	2	0	0	1	0	0	0	6	0	0	0	0	0
550030	1	0	0	0	0	0	0	1	0	0	1	0	0	1	0	9	202	1	0	0	1	0	0
241828	0	0	0	0	0	0	17	0	0	135	1	0	8	0	0	6	7	0	0	0	0	0	0
139680	0	0	0	0	0	0	0	4	0	0	0	1	0	3	0	2	299	0	1	0	0	0	0
154890	1	0	0	0	0	0	0	1	0	0	0	0	0	2	2	40	267	0	2	0	0	0	0
165728	1	0	0	0	0	0	0	0	0	0	0	0	0	0	0	114	6	0	0	0	0	0	0
143925	52	22	6	3	4	3	3	4	1	5	11	0	0	157	112	9020	17693	0	24	6	1	4	2
243681	3	0	0	3	0	0	0	5	0	0	0	0	0	0	0	235	10	1	3	451	513	0	1
556808	0	0	0	0	0	0	0	3	0	0	0	0	0	1	42	12	98	0	15	7	0	0	0
166621	0	0	0	0	0	0	0	0	0	0	0	0	0	0	5	125	7	0	0	0	0	0	0
86285	33	3	0	0	2	0	0	0	1	2	3	1	0	7	195	5982	1073	0	1	0	1	0	0
107130	4	0	0	0	0	0	0	0	0	1	0	0	0	0	19	446	76	0	0	1	1	0	0
187417	0	0	0	0	0	0	0	0	0	0	0	0	0	0	0	19	3	0	3	113	19	0	0
312668	0	0	0	0	0	0	0	0	0	0	0	0	0	0	0	1	4	0	27	112	30	0	0
264786	5	6	1	1	0	2	0	2	0	0	12	1	0	52	139	879	8902	0	19	4	0	2	0
306834	13	36	11	1	1	1	0	2	1	0	0	0	0	7	1376	722	495	2	1	0	0	0	0
348807	82	16	4	7	3	0	0	1	1	3	4	1	1	17	207	12708	2025	0	4	1	1	2	1
278872	0	0	2	0	0	0	0	0	0	1	0	0	0	1	3	41	82	0	10	41	16	0	0
185297	7	5	2	0	0	0	0	0	0	1	2	1	0	30	60	357	3585	0	5	1	0	1	0
171297	28	6	1	1	1	1	0	1	1	1	1	1	0	3	108	3912	505	0	3	0	1	0	0
99909	0	0	0	1	0	0	0	0	0	0	0	0	0	1	18	87	56	0	71	42	21	1	1
323607	81	8	4	6	4	0	1	5	0	3	5	0	1	13	147	12867	1440	2	89	2272	411	3	0
80764	0	0	0	0	0	0	0	0	0	0	0	0	0	0	0	0	0	0	8	87	9	0	0
177653	0	0	0	0	0	0	0	0	0	0	0	0	0	0	0	153	8	0	4	5	2	0	0
342471	9	0	0	0	0	0	0	0	0	0	0	0	0	1	0	500	116	0	1	2	0	0	0
558722	1	0	0	0	0	1	0	0	0	0	0	0	0	0	0	55	7	0	7	47	17	0	0
93188	5	0	0	0	1	0	0	0	0	0	1	0	0	1	19	511	108	0	21	4	2	0	0
226929	0	0	0	0	0	1	0	0	0	0	0	0	0	0	1	0	3	0	124	51	4	0	0
362896	0	0	0	0	0	0	0	0	1	0	0	0	0	1	12	133	32	0	4	18	2	0	0
151803	42	26	7	4	2	0	0	2	5	4	7	0	1	94	533	6255	11471	1	15	5	1	2	1
100807	9	30	5	0	0	1	0	5	1	0	9	1	0	100	692	123	8893	3	15	4	0	1	1
564133	1	0	0	0	0	0	0	0	0	0	0	0	0	2	0	16	80	0	0	1	0	0	0
2450	7	1	1	0	0	0	0	1	0	0	0	1	0	2	19	804	85	0	5	1	0	1	0
150437	1	0	0	0	0	1	0	0	0	0	0	0	0	0	3	237	6	1	17	16	3	0	0
262661	291	25	5	10	7	3	0	9	4	20	4	2	1	15	459	55381	643	7	7	7	6	1	3
93722	1	0	0	0	0	0	0	0	0	0	0	0	0	0	2	37	88	0	8	5	2	0	0
590020	0	0	0	0	0	0	0	0	0	0	1	0	0	0	2	0	1	0	63	64	27	0	0
93747	214	227	64	15	8	7	3	13	3	15	16	6	7	133	8781	30041	13837	4	22	16	8	10	5
510003	1	0	1	1	0	0	0	0	0	0	0	0	0	1	0	10	0	0	17	658	44	0	0
243677	12	2	1	1	0	1	0	1	0	1	1	0	0	0	20	1200	215	0	7	275	28	0	0
139205	21	2	0	1	0	0	0	1	0	0	0	0	0	6	28	2152	226	0	14	399	53	0	0
231727	18	13	3	0	0	1	1	1	0	0	3	0	0	17	230	1466	474	0	10	103	21	1	1
165871	2	0	0	0	0	0	0	0	0	0	0	0	0	0	45	120	55	0	0	0	0	0	0
332554	0	0	0	0	0	0	0	0	0	0	0	0	0	1	13	131	39	0	1	10	0	0	0
353843	3	1	0	0	0	0	0	0	0	1	0	1	0	11	0	470	1351	0	4	0	0	1	0
317388	9	2	2	2	1	0	0	1	0	1	0	0	0	7	28	483	77	0	2	61	10	0	1
246587	1	0	0	0	0	0	1	0	0	0	0	0	0	0	2	105	18	0	0	20	4	0	0
353655	6	20	13	0	0	1	1	0	1	1	0	0	0	15	557	813	1318	1	4	0	1	3	0
557116	0	0	0	0	0	0	0	0	0	0	0	0	0	4	0	15	278	0	0	0	0	0	0
258097	0	1	0	0	0	0	0	0	0	0	0	0	0	1	2	103	26	0	0	14	3	0	0
521453	0	0	1	0	0	0	0	0	1	0	0	0	0	3	2	70	291	1	0	1	1	0	0
569609	17	8	2	2	1	3	0	2	0	1	5	1	0	94	0	844	10204	2	19	0	0	1	0
203630	3	0	0	0	0	0	0	0	0	0	0	0	0	2	0	184	3	0	0	0	0	0	0
544791	19	1	0	1	0	0	0	0	0	2	0	0	1	0	1	3480	5	0	0	0	0	0	0
152452	7	2	0	2	1	0	0	0	0	0	0	0	0	1	1	1082	73	0	0	0	0	0	0
224838	0	0	0	0	0	0	0	0	0	0	0	0	0	0	0	114	15	0	2	1	0	0	0
548650	2	2	0	0	0	0	0	0	0	0	0	0	0	0	34	80	59	1	0	1	0	0	0
179639	0	1	0	0	0	0	0	0	0	0	0	0	0	11	0	64	1217	0	0	0	0	0	0
148990	164	10	1	6	3	2	0	4	0	8	5	1	0	12	2	25402	127	1	0	5	3	2	2
252313	2	0	0	0	0	0	0	0	1	0	0	0	0	2	8	250	123	0	1	0	0	0	0
358831	1	1	0	0	0	0	0	0	0	0	0	0	0	0	0	104	3	0	0	0	0	0	0
205919	336	24	6	16	8	6	2	9	3	23	6	1	3	42	189	56556	2276	1	5	23	6	3	4
192041	30	2	0	1	2	0	0	2	0	1	0	0	0	2	0	4344	9	1	0	2	0	1	1
179748	568	40	9	30	16	5	1	8	8	22	10	6	2	35	29	89582	1124	6	6	10	13	10	4
250970	6	0	0	0	0	0	0	0	0	0	0	0	0	1	3	333	14	0	0	0	0	0	0
81979	13	0	0	0	0	0	0	0	0	0	0	0	0	4	4	1886	110	0	0	0	0	0	0
535272	128	9	2	10	3	2	1	5	1	8	1	0	0	16	30	8285	361	1	5	8	5	2	4
233273	3	1	1	0	1	0	0	0	0	0	0	0	0	0	18	663	53	0	0	0	0	0	0
580835	1	0	0	1	0	0	0	0	0	0	0	0	0	0	0	129	7	0	0	0	0	0	0
61125	11	0	1	0	0	0	0	0	0	1	0	0	0	0	0	1512	5	0	0	0	0	0	0
113326	160	11	3	5	1	1	1	3	1	1	4	0	0	9	122	25595	1044	2	3	2	4	3	1
512761	2	0	0	0	0	0	0	1	0	0	1	0	1	2	1	80	11	0	1	0	0	0	0
176313	3	1	0	0	0	0	0	0	0	0	0	0	0	0	0	340	2	0	0	0	0	0	0
154027	4	0	0	0	0	0	0	1	0	0	0	0	0	0	3	576	7	0	0	0	0	0	0
292328	0	0	1	0	0	0	0	0	0	0	0	0	0	2	0	279	23	0	0	0	0	0	0
82260	2	0	0	0	0	0	2	1	0	255	0	0	64	1	0	145	1	0	1	0	0	0	0
263010	1	4	1	1	1	0	88	6	0	2732	0	2	26	3	5	249	31	26	0	0	0	0	0
215211	0	0	0	0	0	0	0	0	0	0	0	0	0	1	0	6	146	2	0	0	0	0	0
353686	3	2	3	1	0	0	7	28	0	0	1	0	2	0	0	4	0	179	0	1	1	0	0
183535	0	1	0	1	0	0	368	1	0	37	0	0	2	0	0	0	0	2	0	0	0	0	0
335420	0	0	1	0	0	0	96	5	0	4	0	0	28	0	0	0	1	0	0	0	0	0	0
253429	0	2	0	0	0	0	54	3	0	299	1	0	25	1	0	0	2	9	0	0	1	0	1
115159	0	0	0	0	0	0	342	5	0	676	2	0	190	0	0	0	1	6	0	0	0	0	0
155194	0	0	0	0	0	1	30	6	0	252	0	0	118	1	0	18	1	1	1	0	0	0	0
286716	0	0	0	0	0	0	8	0	1	21	0	0	488	2	0	0	0	0	0	0	0	0	0
137197	0	0	0	0	0	0	21	0	0	1	2	0	75	40	0	10	0	0	0	5	2	0	0
142000	0	2	0	4	1	1	1116	6	1	69	236	0	2683	2765	1	6	2	0	1	0	1	0	1
204845	2	0	0	0	0	0	17	0	0	1	1	0	4074	1	0	2	1	0	0	0	0	1	1
148090	0	0	0	0	0	0	4	0	0	63	0	0	57	0	0	0	1	0	0	0	1	0	0
136955	0	0	0	0	0	0	0	0	0	0	0	0	0	4	1	5	373	0	1	0	0	0	0
572612	1	0	0	0	0	0	0	1	0	0	1	1	0	0	1	151	83	0	1	0	0	0	0
58645	0	0	0	0	0	0	0	0	0	0	0	0	0	1	5	214	219	0	0	1	3	0	0
80707	0	0	0	0	0	0	0	128	0	0	0	0	0	0	0	3	2	0	0	0	0	0	0
293440	3	1	0	0	0	0	0	2	0	1	0	0	0	2	0	377	149	0	6	0	1	0	0
326618	2	5	0	0	0	0	1	10	0	0	0	0	0	0	135	1	9	1	0	0	0	0	0
277616	3	1	0	0	0	1	0	77	0	0	2	0	0	2	3	91	43	3	3	2	0	0	0
327084	3	0	10	1	2	1	0	4271	1	1	41	0	1	3	9	376	53	100	3	24	142	0	0
308722	25	9	2	2	1	0	0	180	0	1	6	0	0	23	97	2047	3071	7	5	37	21	1	0
195676	22	14	5	2	0	0	1	5	0	1	3	0	0	19	552	4327	3072	63	5	1	0	0	2
560879	27	2	19	3	2	1	1	7082	4	0	97	2	0	10	1	23	19	2752	0	1	8	0	1
142093	0	1	0	0	0	0	0	844	0	0	12	0	1	1	0	1	1	9	0	1	0	0	0
402252	104	47	12	6	4	2	2	45	3	3	1	1	0	33	1509	17025	3908	162	2	2	2	1	0
546283	1	1	0	0	0	0	0	0	0	0	0	0	0	1	30	369	69	0	0	0	0	0	0
228555	9	5	6	1	0	2	0	6	0	0	0	0	0	17	110	675	1023	187	3	0	2	0	0
378282	6	1	5	2	1	0	0	365	0	0	4	0	0	1	0	5	2	1050	0	1	0	0	0
20456	4	1	4	0	1	0	4	395	0	0	4	0	0	2	0	5	1	1100	0	0	0	0	0
533497	2	0	0	0	0	0	0	0	0	0	0	0	0	0	5	283	139	0	1	0	0	0	0
468138	13	13	13	1	0	1	0	1214	0	0	8	0	0	3	3	54	371	127	8	155	49	1	0
237434	0	0	0	0	0	0	0	248	0	0	0	0	1	1	0	14	37	25	1	0	0	0	0
140107	3	0	0	0	0	0	0	141	0	0	2	0	1	0	1	5	3	61	1	2	0	0	0
103229	32	21	9	0	0	1	0	1045	2	0	10	0	0	1	0	1	1	3	0	1	1	0	0
179461	0	0	2	0	0	0	0	535	0	0	5	0	0	0	3	11	13	6	1	0	0	0	0
260072	0	1	0	0	0	0	0	1	0	0	0	0	0	2	0	51	140	0	0	0	0	0	0
225149	9	73	66	0	0	0	0	0	0	0	0	0	0	0	0	0	0	0	0	0	0	0	0
510458	6	5	6	0	0	1	0	0	0	0	0	0	0	0	0	887	5	0	2	1	6	0	0
174634	208	690	676	1	0	0	0	2	0	0	0	0	0	2	3	1	0	7	1	2	0	0	0
197817	1	0	0	0	0	0	0	3	3734	0	0	0	0	1	0	0	0	0	0	0	0	0	0
347862	3	1	2	3	1	0	1	5	13587	2	1	3989	9	2	2	0	2	2	0	0	1	4	215
107252	0	0	2	0	2	0	5	0	8	0	1	2748	1	0	0	0	0	0	0	0	0	0	1
366044	0	0	0	0	0	0	0	2	2706	0	0	2	0	0	0	0	0	0	0	0	0	0	0
354185	0	1	0	0	0	0	0	0	0	0	0	0	0	0	1	29	3	0	0	54	13	0	0
525962	66	116	80	0	0	0	0	0	0	0	0	0	0	0	0	0	1	0	0	0	0	0	0
382628	90	243	154	0	0	0	0	0	0	0	0	0	0	0	1	0	0	1	0	0	0	1	1
584987	13	193	98	0	0	0	0	0	0	0	0	0	0	0	0	0	1	0	0	0	0	0	0
571300	73	368	293	0	0	0	0	0	0	0	0	0	0	0	2	0	0	2	0	0	0	0	0
554622	6	120	130	1	0	0	0	0	0	0	0	0	0	0	0	0	0	1	0	0	2	0	0
146517	83	643	406	0	0	0	0	2	0	0	0	0	0	0	2	0	0	2	0	0	1	0	1
325619	9	140	106	0	0	0	0	5	0	0	0	0	0	0	2	0	0	1	0	0	0	0	0
545634	40	206	118	0	0	0	0	1	0	0	0	0	0	0	0	0	0	1	0	0	0	0	0
258102	1	1	1	0	0	1	0	1	0	0	0	0	1	0	0	3	2	0	38	157	68	0	0
59897	1	0	1	2	0	2	0	2	0	0	0	0	0	0	0	3	9	0	485	1935	540	1	0
247849	0	0	0	0	0	1	0	0	0	0	0	0	0	0	0	0	1	0	57	113	27	0	0
108426	9	11	4	11	0	1	2	1	0	0	0	0	0	0	0	9	8	1	456	2459	736	3	2
560122	0	2	0	1	1	1	0	0	0	0	2	0	0	0	1	31	8	0	245	30	5	1	0
458762	0	0	0	3	0	0	0	0	0	0	0	0	0	0	0	11	1	0	109	840	150	0	0
75260	46	90	51	0	0	0	0	0	0	0	0	0	0	0	2	13	8	16	2	3	1	0	0
284431	166	489	500	0	0	0	1	1	0	0	0	0	0	0	4	0	0	5	0	1	0	0	0
232382	39	151	176	1	1	0	0	1	0	0	0	0	6	0	1	1	1	8	0	1	0	0	0
518407	53	105	124	0	0	0	0	1	0	0	0	0	0	0	1	0	0	14	0	0	0	0	0
202437	23	161	170	1	0	0	0	0	0	0	0	0	0	0	28	2	8	0	0	0	0	1	0
253703	321	2261	2874	3	0	0	2	5	0	0	1	0	1	2	15	1	2	12	8	8	85	0	1
232933	10	94	95	0	0	1	0	0	0	0	1	0	0	0	0	0	0	3	0	0	0	0	0
544483	591	3283	2683	4	1	2	0	9	0	0	2	0	0	1	22	1	2	17	1	2	1	0	4
247883	115	367	329	0	0	0	0	1	0	0	0	0	0	1	2	0	0	5	0	0	0	0	1
141996	50	391	470	1	0	0	0	3	0	0	0	0	0	0	1	3	0	2	11	297	39	0	0
213042	2874	11477	12124	12	3	2	2	42	3	2	12	5	1	13	61	10	3	60	7	80	78	2	11
1896	182	761	774	3	0	0	0	2	0	0	1	0	0	1	2	0	2	6	1	0	0	0	1
578372	68	432	518	1	0	0	0	0	0	0	0	0	0	2	1	0	0	2	0	0	0	0	0
549388	765	3507	3568	7	1	0	1	15	0	0	2	1	0	2	20	5	1	16	1	0	4	2	2
80197	113	382	358	0	0	0	0	0	0	0	0	0	0	0	2	0	0	2	0	0	0	0	0
286918	2777	13927	15127	24	3	1	1	43	2	0	9	4	0	6	88	13	5	70	19	5	2	3	7
284550	385	1983	2097	6	3	0	1	3	1	0	0	0	0	1	10	3	1	9	2	57	95	1	1
511725	184	1494	1442	1	0	2	0	3	0	0	0	1	0	1	8	1	0	6	2	20	7	0	0
583211	205	787	884	2	0	0	0	5	1	0	0	0	0	0	7	0	2	8	0	0	0	0	1
544325	269	1726	1901	1	0	1	0	4	0	0	0	0	0	1	8	4	1	8	1	0	0	0	0
586380	405	2252	2511	7	1	1	1	7	1	0	2	0	0	1	21	2	3	11	0	0	0	0	1
282750	395	1809	1798	3	0	1	0	6	0	0	0	0	0	1	5	1	0	9	3	3	0	1	5
245082	22	142	101	1	0	0	0	0	0	0	0	0	0	0	1	1	0	1	0	0	0	0	0
105837	55	242	194	1	0	1	0	3	0	0	0	0	0	1	0	1	0	0	0	0	0	0	0
184224	422	1919	2054	3	1	1	0	5	1	0	0	1	0	2	13	0	1	12	0	0	0	0	0
572774	17	124	103	1	0	0	0	1	0	0	0	0	0	0	0	0	0	1	2	11	3	0	0
285668	1139	4463	4200	7	0	1	0	14	1	0	3	1	0	2	26	3	2	17	0	0	0	0	2
109168	30	195	210	0	0	0	0	1	0	0	0	0	0	0	2	0	1	0	0	0	0	0	0
52484	321	1728	1805	5	0	0	0	4	0	0	1	0	1	2	10	0	0	9	0	0	0	0	1
112727	16	77	71	1	0	0	0	0	0	0	0	0	0	0	1	1	0	4	0	11	3	0	0
282451	13	52	54	0	0	0	0	0	0	0	0	0	0	0	0	0	1	1	1	0	2	0	0
533883	3	15	19	2	0	0	1	1	0	0	0	0	0	0	0	0	2	0	5	67	217	0	0
156416	65	463	492	1	0	0	0	2	1	0	0	0	0	0	13	0	66	3	6	10	65	0	0
255253	32	296	360	2	0	0	0	1	0	0	1	1	0	0	1	0	0	1	6	3	26	0	0
2476	337	1114	1094	1	0	0	0	2	1	0	0	0	0	0	5	1	1	7	0	25	202	0	0
252310	134	826	939	3	0	1	1	1	1	0	1	0	0	0	6	0	0	6	12	19	33	1	3
239769	20	135	144	1	0	0	0	0	0	0	0	0	0	0	1	1	0	0	0	0	0	0	0
251268	70	348	526	0	0	0	0	1	0	0	0	0	0	0	3	0	0	0	0	1	0	0	0
533502	18	83	134	0	0	0	0	1	0	0	0	0	0	0	0	1	3	0	145	234	90	0	1
100286	6	120	123	0	0	0	0	1	0	0	0	0	0	0	0	5	2	1	92	113	94	1	0
551394	0	1	0	12	2	0	2	0	0	1	2	1	0	1	0	50	14	0	313	558	2548	8	1
159207	3	27	9	1	1	0	0	1	0	0	0	0	0	0	0	1	1	0	29	93	94	0	0
139354	1	16	17	1	0	0	0	0	0	0	0	0	0	0	0	0	0	1	12	37	16	0	0
565133	807	3309	3095	5	2	0	0	16	0	0	3	1	0	3	20	1	0	17	3	7	11	2	2
149156	15	51	54	0	0	0	0	1	0	0	0	0	0	0	0	0	0	0	0	0	0	0	0
364844	1	1	0	0	0	0	168	0	0	4	0	0	64	8	0	0	0	0	0	0	0	0	0
74314	0	1	0	0	0	0	0	0	2	0	0	510	0	0	0	0	0	0	0	0	0	0	0
578799	1	0	0	0	0	0	0	1	2043	0	0	0	0	2	0	0	0	0	0	0	0	0	0
278873	2	2	0	7	6	3	0	9	69569	8	3	10	2	9	0	3	1	1	0	1	0	3	0
517293	1	3	8	9	2	4	1	73	48579	9	6	18	1	9	2	7	12	2	2	1	1	2	2
2000	81	1	3	14	5	10	2	0	97	0	1	41	0	3	0	0	1	0	0	0	2	77	10235
130007	0	0	0	16	7	13	0	0	137	0	0	85	0	0	0	0	0	0	1	0	0	2	14
322235	168	16	15	73	48	50	34	40	48113	58	17	95810	63	46	6	19	29	11	1	7	58	6359	17859
174194	0	0	0	14	14	6	0	0	295	0	0	71	0	0	0	0	0	0	0	0	0	9	10
175617	2	1	1	76	55	48	10	2	174	0	1	198	0	0	0	0	0	0	0	0	2	29	32
469778	173	21	11	49748	44118	38737	2	22	23	1	9	13	11	25	3	15	21	4	124	3	341	69	26
356051	1	0	0	78	46	42	0	0	708	0	1	551	0	0	0	2	0	0	1	0	4	140	1
213284	0	0	0	23	9	9	0	2	293	0	0	106	0	1	0	0	0	0	0	0	1	41	0
196778	0	0	0	13	10	3	0	0	243	0	0	97	0	0	0	0	0	0	1	0	0	18	0
550814	1	0	1	5	2	1	0	2	8	0	2	5199	12	1	0	2	2	2	0	0	1	8	1
158660	314	40	34	32150	22823	27570	1	167	244551	36	33	82686	41	89	13	39	28	23	86	10	353	7978	24572
331820	207	92	80	38025	27081	31306	24	363	452219	96	109	354695	215	428	24	101	105	50	126	30	1213	92915	1180
174809	0	0	1	34	16	27	0	1	481	0	0	369	0	3	0	2	0	1	0	0	2	89	5
366374	0	0	1	32	27	29	0	0	385	0	0	327	0	1	0	0	0	0	0	0	5	67	1
469709	0	0	0	2	2	2	0	1	44	0	0	42	0	0	0	0	0	0	0	0	2	11	1
244304	9	16	17	38	16	24	1	109	221676	51	15	86	20	23	11	10	15	12	1	7	6	20	11
205290	0	0	0	34	30	41	0	0	0	0	0	0	0	0	0	0	0	0	0	0	0	0	0
315575	86	8	4	24675	23476	30659	3	12	19	3	13	10	19	14	4	15	14	6	80	5	195	40	13
187179	0	0	0	102	88	108	0	0	0	0	0	0	0	1	0	0	0	0	0	0	0	0	0
208972	4	1	1	238	171	178	0	1	1	0	1	0	74	1	0	0	1	1	1	0	2	2	1
537247	1	0	1	79	58	67	1	0	1	17	1	0	0	0	0	0	3	0	0	0	1	1	0
532612	0	0	0	119	87	111	0	0	0	0	0	0	1	1	0	0	4	1	0	0	2	2	2
130228	67	5	4	19438	13961	18960	0	8	11	4	6	5	19	10	0	14	7	1	53	1	125	22	6
564649	0	0	0	262	245	229	0	0	2	0	0	0	0	0	0	0	0	0	1	0	1	1	0
242308	0	0	0	37	29	21	0	1	45	0	0	43	0	0	0	0	0	0	0	0	3	5	10
415631	0	0	0	10	8	6	0	1	60	1	0	28	0	1	1	0	0	0	0	0	1	8	2
89232	0	0	0	0	0	0	3	0	0	0	1	0	113	34	0	0	0	0	0	0	0	0	0
588912	0	0	0	0	0	1	497	1	0	14	55	0	599	29	0	0	0	0	1	0	1	0	0
532929	0	1	0	0	0	0	276	0	0	21	0	0	177	13	0	0	0	0	0	0	0	0	0
2181	0	0	0	0	0	0	17	0	0	0	0	1	107	9	0	0	0	0	0	0	0	0	0
404318	0	0	0	0	0	0	0	0	0	9	0	0	156	27	0	0	0	0	0	0	0	0	0
114946	2	3	2	2	0	2	18	14	1	68	615	1	2849	9426	1	2	14	5	3	4	2	1	1
543900	0	0	0	2	0	0	0	0	108	29	0	1535	13	0	0	0	0	0	0	0	0	2	0
495394	0	0	0	0	0	0	33	0	1	8	0	44	32	0	0	0	0	0	0	0	0	7	0
181627	0	0	0	0	1	0	43	0	20	1	0	586	321	1	0	0	0	0	0	0	0	5	0
295322	0	0	0	2	0	0	1	1	67	14	0	816	3	0	0	0	0	0	0	0	0	2	0
24907	4	0	0	445	356	423	0	1	0	0	4	2	3	62	0	0	0	1	3	0	5	2	0
239506	0	0	1	0	1	0	1	2	0	3	157	0	38	1141	1	0	4	0	0	0	0	1	0
88035	1	0	0	0	0	0	149	0	0	2	1	2	302	57	0	0	0	0	0	0	0	0	0
172962	0	0	0	1	0	0	0	0	14	4	0	214	1	0	0	0	0	0	0	0	0	0	0
185522	0	0	0	154	96	131	0	1	0	0	0	0	2	4	0	0	0	0	1	1	0	1	0
484332	16	3	2	8157	6852	6888	0	1	2	0	1	1	1	19	0	5	1	0	19	2	51	4	2
560836	5	1	4	76	53	44	9	9	21	25	7	7	153	29	2	3	1	2	0	2	3	5	6
290109	0	0	0	6	10	5	0	0	0	1	4	1	17	537	0	0	1	0	0	0	0	0	0
536652	0	0	0	6	9	8	0	0	0	0	1	0	5	137	0	0	0	0	0	0	0	0	0
301656	2	0	1	224	202	248	0	2	1	1	2	0	11	339	0	1	1	0	0	1	4	0	0
516464	1	2	1	161	160	153	0	4	5	7	4	4	45	26	0	0	1	2	2	1	2	0	0
184464	1	0	0	8	5	7	1	0	0	0	2	0	5	218	0	0	0	0	0	0	0	0	0
197149	0	2	0	89	90	88	1	5	4	12	3	0	41	14	1	1	3	0	1	0	2	0	0
296873	0	0	0	51	32	41	0	1	0	0	0	0	1	22	0	0	0	0	0	0	2	0	0
313753	33	3	4	16683	14350	14669	0	8	8	2	27	3	124	1478	2	10	13	4	22	2	116	12	7
288932	8	4	0	1438	1246	1167	2	3	15	6	4	2	29	57	0	2	3	2	3	1	14	3	2
198806	26	5	2	3532	2935	3247	2	6	9	2	5	4	49	94	0	7	2	3	30	1	24	6	5
104043	4	2	4	1	2	2	69	17	4	33	297	0	541	8020	2	2	17	1	0	3	0	0	2
244669	1	0	0	2	0	0	206	0	0	0	1	0	625	132	0	0	0	1	0	0	0	0	0
570119	0	0	0	9	4	1	3	0	1	0	19	0	807	2867	0	0	6	2	0	0	1	0	0
471156	7	2	4	35	30	37	58	57	3	7	113	0	178	10464	0	2	16	2	1	1	0	0	1
471122	94	38	64	32	29	22	997	768	15	344	6452	12	7639	129571	23	45	285	37	22	26	14	21	10
88701	1	0	1	3	1	2	421	2	1	29	3	0	1202	204	0	0	1	0	1	0	0	0	0
484401	3	6	0	2	1	0	3519	5	0	58	8	0	2274	330	0	1	6	1	5	1	0	0	0
99412	1	1	0	0	0	0	0	0	0	0	5	1	78	263	0	1	0	0	0	0	0	0	0
2196	0	0	0	0	0	0	7	0	0	30	0	0	3	0	0	0	0	0	0	0	1	100	19
102425	0	0	0	1	1	0	1166	3	1	117	17	1	3404	606	0	1	0	3	1	1	0	0	0
63123	0	2	0	3	1	0	1	0	0	1	42	0	348	5157	0	0	6	0	0	0	0	1	0
106565	0	2	0	0	1	0	1	2	0	0	17	1	658	145	0	0	1	0	0	0	0	0	0
530801	3	0	1	1	0	0	2	6	3	107	1095	1	17	56	0	1	1	0	1	0	0	3	0
2222	1	1	0	0	1	0	0	1	0	19	177	4	52	680	0	0	2	0	0	0	0	1	0
536919	0	0	0	0	0	0	3	0	0	0	1	402	5	1	0	0	0	0	0	0	0	0	0
544531	2	3	0	2	3	0	439	2	0	81	6	0	789	68	0	0	0	0	1	0	0	0	0
68338	0	0	0	0	0	0	54	0	0	0	1	0	191	7	0	0	0	0	0	0	0	0	0
484338	2	0	1	0	0	0	522	1	0	56	3	0	1024	136	0	0	0	0	1	0	0	0	1
539347	0	0	0	52	28	35	2	0	4	4	125	9	223	36	0	0	0	0	0	0	0	1	0
92743	1	0	0	1	1	1	426	3	2	260	24	4	7181	60	0	1	1	0	2	0	0	0	2
28952	1	1	0	3	0	1	24	3	0	52	419	0	794	1904	0	1	7	1	2	0	1	0	0
373870	0	1	0	9	0	0	0	1	0	0	0	0	114	1	0	1	0	0	0	0	0	0	1
288889	0	0	0	34	42	57	0	0	0	0	0	0	0	0	0	0	0	0	0	0	1	0	0
191898	0	0	0	9	14	11	0	0	59	0	0	38	0	0	0	0	0	0	0	0	0	1	1
182810	0	0	0	35	25	34	0	0	563	0	0	58	0	1	0	0	0	1	0	1	0	5	15
332311	31	6	4	12798	10060	11036	0	3	56	3	4	211	2	5	0	5	5	2	26	2	101	36	35
469800	1	0	0	571	457	508	0	0	2	0	0	8	0	0	0	0	1	0	1	0	2	2	0
361304	0	0	0	1	0	0	0	0	1	0	0	169	0	0	0	0	0	0	0	0	0	21	0
361496	14	12	5	505	433	446	5	17	1551	34	10	95328	12	59	6	10	21	7	3	2	96	10192	155
197052	0	0	0	19	20	23	0	0	130	0	0	2	1	0	0	0	0	0	0	0	0	1	1
127309	58	9	12	13907	10189	10932	2	38	49782	1	9	19	21	20	1	7	5	6	28	4	105	24	10
313166	14	0	0	2421	1675	318	0	2	182	29	0	2	0	3	0	2	3	0	2	0	23	4	1
567197	0	0	0	6	3	3	0	1	56	0	0	77	0	0	0	0	0	0	0	0	0	2	10
195926	0	0	0	3	2	0	0	0	597	0	0	1208	1	0	0	0	0	0	0	0	0	2	1
25165	0	0	0	37	26	50	0	0	264	0	0	113	0	0	0	0	0	0	0	0	0	7	27
363625	0	0	0	28	20	14	0	0	154	0	0	42	0	0	0	0	0	0	0	0	0	2	3
365909	4	0	0	60	34	48	0	1	555	0	0	161	0	1	0	0	1	1	0	0	1	26	35
248140	155	19	20	40139	33577	32914	2	62	39920	4	15	1482	13	38	11	28	24	14	105	8	323	240	524
318215	0	0	0	8	6	11	0	0	307	0	0	46	0	0	0	0	0	0	0	0	0	8	8
195781	0	0	0	25	20	21	0	0	178	0	0	72	0	0	0	0	0	0	0	0	0	4	17
348374	7	6	6	13	6	10	21	20	21872	17	10	60351	12	22	1	6	7	1	0	5	1	51	11
368270	0	0	0	4	4	8	0	0	91	0	0	99	0	0	0	0	0	0	0	0	0	1	3
583117	0	0	0	5	5	5	0	0	57	0	0	43	0	2	0	0	0	0	0	0	0	2	1
362168	0	0	0	1	3	1	0	1	42	0	0	51	0	0	0	0	0	0	0	0	0	1	1
470812	0	0	1	1	0	0	0	1	309	59	2	5622	83	2	0	0	0	0	0	0	0	21	8
470807	0	0	0	0	0	0	89	1	0	55	3	0	197	55	0	1	0	1	0	0	0	0	0
1941	0	1	0	0	0	0	159	1	0	66	1	0	103	0	0	0	0	0	0	0	0	0	0
268540	2	2	0	2	1	2	34	4	281	212	3	16756	210	6	2	0	2	2	1	0	0	119	2
556500	0	0	0	0	0	0	45	0	1	8	0	0	66	0	0	0	0	0	0	0	0	0	0
1931	3	3	2	1	0	1	226	5	1	58	187	0	1449	1679	0	1	9	2	1	2	0	0	0
423742	7	0	3	5	0	1	160	8	0	193	1025	1	3053	9121	0	2	21	2	1	1	0	1	0
131765	0	0	0	0	0	1	0	0	1	107	1	0	1633	2	0	0	0	0	1	0	0	0	0
385147	0	0	0	1	0	0	1	0	0	17	0	0	151	0	0	0	0	0	0	0	0	0	0
22635	0	0	0	0	1	0	56	5	0	1	3	0	115	39	0	0	1	0	0	0	0	0	0
237323	0	0	0	0	0	0	218	1	0	9	29	1	771	94	0	0	0	0	1	0	1	0	0
158466	3	0	2	0	0	0	12	0	82	4	39	3	138	385	0	0	1	0	0	0	0	0	0
291090	41	13	13	14	8	13	0	58	63270	34	7	26744	15	20	2	8	4	2	0	5	4	56	3396
522087	0	0	0	26	33	55	0	0	2	0	0	0	1	0	0	0	0	0	0	0	0	0	0
470761	94	12	7	23193	16639	18656	0	13	7	3	9	5	0	15	1	12	3	2	56	2	193	32	11
367581	0	0	0	3	4	3	0	0	2	0	0	1	1	0	0	0	0	0	0	0	2	256	3
541301	3	0	2	149	110	120	0	5	11	0	4	3	12	29	0	2	1	2	0	2	110	10286	119
249661	2	2	4	8	2	5	0	10	15346	4	1	2	1	0	1	4	4	0	0	0	0	1	1
292032	0	0	0	5	4	3	0	0	106	0	0	21	1	0	0	0	0	0	0	0	0	1	0
254175	0	2	0	1	1	1	852	11	0	26	30	1	1770	228	1	0	1	2	2	1	0	0	0
569076	0	0	0	3	9	8	0	0	46	0	4	13	22	0	0	0	0	0	0	0	0	0	4
326517	40	41	52	0	0	0	0	0	0	0	0	0	0	0	1	0	0	3	0	0	0	0	0
575486	29	115	120	0	0	0	0	2	1	13	1	1	0	0	1	0	0	4	0	1	1	0	1
271588	11	185	86	0	0	0	0	0	0	0	0	0	0	0	0	0	0	1	0	0	0	0	0
567010	8	49	49	0	0	0	0	0	0	0	1	0	0	0	0	0	0	0	0	0	0	0	0
546510	0	0	1	0	0	0	0	1	118	0	0	2	1	1	0	0	0	0	0	0	0	0	0
303036	0	0	0	34	29	19	0	1	723	0	0	126	0	0	0	0	1	0	1	0	0	0	2
243150	2	2	1	2	2	3	0	6	6890	3	2	6	19	3	0	1	1	1	0	1	3	1	23
171772	0	2	1	8	1	2	0	4	2	1	0	2	0	19	0	1	3	1	0	2	101	10775	126
227953	0	0	0	17	28	19	0	2	526	0	0	90	0	0	0	0	0	0	0	0	0	0	4
259569	84	20	13	13736	11663	10770	6	50	77724	12	13	32411	37	40	2	9	23	14	34	5	119	65	2385
104780	14	0	3	683	600	585	2	22	4711	2	3	2541	19	7	0	9	4	3	4	0	6	13	152
138006	0	3	4	5	2	0	0	9	10745	1	2	6724	6	4	0	3	1	3	0	0	1	93	57
103685	0	0	0	0	1	0	0	3	4102	3	0	2	0	0	0	0	0	1	0	0	0	0	1
335530	1	1	0	1	0	1	0	0	466	1	0	26	1	2	0	0	0	0	0	1	3	282	181
181095	3	5	2	6	7	9	0	6	8594	8	2	18	21	8	1	3	5	3	1	1	2	9	407
569158	0	1	1	0	0	1	14	2	963	0	0	236	3	1	1	0	0	3	0	0	0	0	62
355255	2	2	0	3	0	0	0	1	2	0	0	831	9	1	1	1	0	1	0	0	0	0	0
148007	0	0	0	21	17	14	0	0	179	0	0	16	1	1	0	0	0	0	0	0	0	0	0
108457	176	492	520	1	0	1	0	1	0	0	0	0	0	1	1	3	1	6	0	0	0	0	0
509797	0	2	0	1	0	0	0	0	0	0	0	0	0	0	0	1	0	0	21	142	22	0	0
157385	51	211	243	4	0	0	0	2	0	0	0	0	0	0	4	1	0	3	14	63	37	0	0
566082	14	108	64	0	0	0	0	0	0	0	0	0	0	0	0	1	0	1	0	0	1	0	0
534571	74	211	173	1	1	0	0	1	0	0	0	0	0	0	0	0	0	1	0	1	7	0	0
571923	819	1790	1515	4	0	0	0	8	1	0	0	1	1	0	7	3	0	8	0	2	0	0	1
211941	1413	3000	2647	4	0	0	0	7	2	0	0	0	1	2	19	4	3	14	1	0	1	0	7
593277	28	86	59	0	0	0	0	0	0	0	0	0	0	0	3	0	0	0	0	0	0	0	0
239593	507	2713	2331	3	0	0	1	9	0	0	2	0	0	0	8	2	0	17	0	0	7	0	3
157434	281	1319	1255	1	0	0	0	5	1	0	1	1	0	0	6	1	0	21	2	0	1	0	0
267968	32	77	36	0	0	0	0	1	0	0	0	0	0	0	1	0	0	7	3	0	4	0	0
130615	592	2669	2525	1	0	0	0	12	0	1	2	1	1	3	15	9	0	20	5	17	13	0	2
230769	13	49	50	0	0	0	0	0	0	0	0	0	0	0	1	0	0	3	0	0	0	0	0
509310	104	466	359	0	1	0	0	0	0	0	2	0	0	1	3	2	0	2	0	3	1	0	0
560267	65	379	336	0	0	0	0	1	0	0	0	0	0	2	2	9	0	0	10	27	27	1	0
315021	143	763	755	0	1	0	0	2	1	0	0	0	0	1	6	1	2	2	51	19	16	1	1
267276	15	78	93	0	0	0	0	1	0	0	0	0	0	0	0	3	0	0	1	0	1	0	0
159438	0	2	1	5	0	0	0	0	0	0	0	0	0	0	0	0	1	0	33	395	381	3	0
77751	8	64	67	1	0	0	0	0	0	0	0	0	0	0	0	4	0	0	0	0	0	0	0
232505	66	13	53	3	2	1	0	10	2	1	7	1	1	9	1	1	2	9934	0	0	0	0	1
332717	70	22	48	5	2	0	4	132	0	23	2	0	2	0	1	0	2	2	0	1	0	1	1
353811	6	5	3	0	1	1	0	429	0	0	3	0	0	0	0	2	0	14	1	0	0	0	0
142131	89	11	21	5	2	2	0	17	0	1	2	0	0	0	0	2	0	40	0	0	0	0	0
553113	36	30	22	2	13	1	0	22	2	0	1	0	3	1	0	1	1	24	0	0	1	0	1
179289	112	43	68	0	2	0	1	62	0	30	3	0	0	0	2	1	0	1115	1	0	0	1	1
539235	16	5	13	1	3	0	19	479	0	132	10	0	3	1	0	3	0	88	1	0	0	0	0
222673	9	73	48	0	1	0	0	0	0	0	0	0	0	0	0	0	0	8	0	0	0	0	0
304078	74	135	131	0	0	0	0	1	0	0	0	0	0	0	0	0	0	0	0	0	0	0	0
113559	7	6	5	1	0	0	0	4	0	0	0	0	0	1	0	0	0	634	0	0	0	0	0
284644	27	87	88	0	1	0	0	1	0	0	0	0	0	0	0	0	0	0	0	0	0	0	0
223126	50	104	181	0	1	0	0	0	0	9	0	0	0	0	3	0	0	0	0	0	0	0	0
82023	202	348	341	1	0	0	0	1	0	0	0	0	1	0	2	0	0	1	0	1	0	0	0
257151	33	51	45	2	0	0	0	0	0	0	0	0	0	0	0	0	1	691	2	2	0	0	0
144042	47	204	190	0	3	0	0	1	0	0	0	0	0	0	1	0	0	1	0	3	13	0	0
525642	6	52	85	1	2	0	0	0	1	0	0	0	0	0	0	0	0	1	0	0	3	0	0
279186	0	41	18	1	0	0	0	1	0	0	0	0	0	0	0	0	0	0	1	26	45	0	0
419525	2	18	19	0	1	1	0	12	0	0	0	0	0	0	1	0	0	161	0	0	0	0	0
99927	29	9	30	1	0	2	0	99	0	1	3	0	0	4	2	109	7	2248	1	0	0	0	1
160802	0	0	0	0	0	0	9	0	0	38	0	0	54	0	0	0	0	0	0	0	0	0	0
248306	2	11	4	2	1	3	146	25	0	374	2	0	179	1	0	10	0	1	1	0	1	0	0
236952	0	0	3	0	1	1	2	1446	0	60	12	0	6	2	0	0	0	37	0	0	1	0	0
366805	2	2	1	2	0	2	14	40	0	48	0	0	2	0	0	1	1	94	0	3	0	1	0
70559	0	0	0	4	0	0	15	0	0	86	0	0	26	0	0	0	0	3	0	0	0	1	0
239331	0	0	0	1	0	0	15	1	0	70	0	0	97	0	0	0	1	1	0	0	0	0	0
414628	0	0	0	0	0	0	0	1	0	1	0	0	122	0	0	1	0	0	0	0	0	0	0
544883	2	0	0	3	2	2	8	417	0	81	8	0	14	2	0	2	0	48	0	0	1	0	0
40351	4	1	4	0	0	0	0	1790	1	0	19	0	0	0	0	1	0	106	0	0	0	0	0
142943	18	27	20	2	1	0	0	171	0	0	1	0	0	0	0	1	1	0	0	0	1	0	0
176843	35	37	67	0	1	0	0	17	0	0	0	0	0	0	0	0	0	0	0	0	0	0	0
543271	0	0	2	0	0	0	0	328	0	0	4	0	0	1	0	0	0	1	0	0	0	0	0
275936	1	3	0	0	1	0	0	0	0	0	0	0	0	2	73	39	162	0	3	0	0	0	0
415279	103	18	78	4	1	9	3	7546	6	0	141	0	1	15	3	13	7	7542	6	55	6	2	2
162326	22	11	6	3	0	2	0	0	1	1	3	0	0	38	640	2962	6283	0	9	4	1	1	0
327070	14	7	11	0	0	0	0	910	0	0	18	0	0	2	0	1	1	2407	0	0	0	1	0
228931	60	5	2	3	2	1	4	2	3	4	7	0	1	38	17	10100	5612	0	12	29	5	1	1
161860	0	0	0	0	0	0	27	6	0	0	0	0	0	0	1	1	3	0	11	314	41	1	0
152632	0	0	1	0	0	0	0	0	0	0	0	0	0	0	0	0	1	0	1	35	84	0	0
155474	1	0	2	9	1	0	2	0	0	0	0	0	0	0	0	12	3	0	9	96	946	1	0
534943	0	0	0	1	0	0	0	7	0	0	0	0	0	0	0	1	3	0	20	331	54	0	0
215176	0	0	0	0	0	0	0	0	0	0	0	0	0	1	0	23	2	0	91	39	0	0	0
2589	0	0	0	1	0	0	0	0	0	0	1	0	0	1	0	7	0	0	36	709	51	0	0
2588	1	0	0	14	0	0	3	2	0	0	1	0	0	0	0	0	0	0	6	188	1855	3	0
323057	1	0	0	3	0	1	0	0	0	0	0	0	0	2	0	15	0	0	18	264	338	2	0
334363	0	0	1	0	0	1	0	1	0	0	2	1	0	2	0	6	5	0	217	1084	180	0	0
589134	0	0	0	0	0	0	0	0	0	0	1	0	0	0	0	9	2	0	61	184	3	0	0
234016	8	2	3	2	0	0	0	0	0	0	2	2	0	40	100	81	5495	0	10	2	0	1	1
2577	3	0	0	0	0	0	0	0	0	0	0	0	0	0	0	165	4	0	1	0	0	0	0
154264	4	0	0	0	0	0	0	0	0	0	0	0	0	0	0	202	3	0	0	0	0	0	0
153017	11	2	0	2	0	0	0	2	0	0	2	0	0	20	23	648	2467	0	1	0	0	0	0
582732	111	444	281	3	0	0	1	0	0	0	0	0	0	0	3	0	1	2	1	5	0	0	1
342865	31	103	56	0	0	0	0	4	0	0	0	0	0	0	1	0	0	0	0	2	1	0	1
318753	0	0	0	0	0	1	73	0	0	25	1	0	0	0	0	0	0	0	2	3	0	0	0
327621	0	0	0	0	0	0	31	0	0	69	0	0	29	0	0	0	0	0	0	1	0	0	0
82222	0	1	1	0	0	5	40	0	0	105	1	0	60	0	0	0	0	0	3	1	0	0	0
150955	0	0	0	0	0	0	12	0	0	57	1	0	49	0	0	0	0	0	0	0	0	0	0
2604	0	0	0	0	0	0	4	0	0	69	0	0	113	0	0	0	0	0	0	1	0	0	0
390520	0	0	0	1	1	7	26	2	0	442	1	0	5	1	0	0	0	2	1	0	0	0	0
259708	0	0	0	0	0	0	19	0	0	103	0	0	0	0	0	0	0	1	0	0	0	0	0
593226	1	0	1	0	0	0	8	0	0	10	0	0	14	0	0	0	0	134	0	0	0	0	0
426444	1	1	1	0	0	0	7	0	0	38	0	0	3	1	0	0	0	103	0	0	0	0	0
151061	0	0	0	0	0	1	11	0	0	59	0	0	30	0	0	0	0	19	0	0	0	0	0
74081	1	0	1	0	1	0	5	0	0	33	0	0	7	0	0	0	0	103	0	0	0	0	0
137870	1	0	0	0	0	2	40	1	0	89	1	0	49	0	0	0	0	61	0	0	0	0	0
107814	0	0	0	0	0	3	90	0	0	56	1	1	57	1	0	0	0	0	1	0	0	0	0
512079	24	35	23	2	0	0	0	265	1	1	3	0	1	0	2	0	0	1	0	0	0	0	0
351446	5	19	19	0	0	1	0	153	0	0	4	0	0	0	1	0	0	1	0	0	0	0	0
205855	157	293	298	1	1	0	0	3	0	0	0	0	0	0	0	2	0	1	0	0	0	0	0
560704	10	1	4	0	0	0	0	435	0	0	2	0	0	1	0	0	0	7	0	0	0	0	0
156963	506	890	1031	4	0	2	6	6	0	2	3	0	0	1	5	1	1	5	0	0	0	1	0
254579	95	69	53	1	1	1	0	3323	3	0	45	1	0	3	1	1	1	9	2	1	3	0	0
577085	97	74	39	2	1	3	0	33	0	1	0	0	0	0	0	1	0	0	0	0	0	1	1
146568	55	7	7	1	0	0	0	5	0	0	2	0	0	1	0	0	0	1997	0	0	0	0	0
135189	71	5	4	1	0	0	0	357	0	0	2	0	0	0	0	0	0	1	0	0	0	0	0
20151	3	3	8	0	0	0	0	328	1	0	15	0	0	3	1	0	0	243	0	1	5	0	0
137145	29	10	49	1	3	8	0	18519	6	0	216	1	0	17	4	3	4	3673	5	3	1	0	3
146467	0	1	0	0	0	0	0	0	0	44	1	0	0	0	0	0	0	148	0	0	0	0	0
510901	0	0	0	1	0	6	17	0	0	80	0	1	0	0	0	0	0	7	1	0	0	0	0
508075	172	33	18	2	0	0	0	2	0	0	0	0	0	1	0	0	0	10	0	0	0	0	0
510721	0	0	0	0	0	0	18	0	0	23	0	0	76	0	0	0	0	0	0	0	0	0	0
362966	0	0	0	0	1	0	9	0	0	70	0	0	106	0	0	0	0	0	0	0	0	1	0
181596	3	0	0	0	0	0	0	0	1	0	0	0	0	4	78	37	1471	0	2	0	0	0	0
335025	137	35	10	3	0	0	0	0	0	0	0	0	0	1	1	2	0	1	0	0	0	0	0
329138	1	1	2	0	0	1	0	955	0	0	10	0	0	0	0	0	0	18	2	0	0	0	0
204415	3	0	1	0	0	0	0	155	1	0	2	0	0	0	0	0	0	1	0	0	0	0	0
2538	31	3	1	0	0	0	0	11	0	3	0	0	0	0	0	3	0	83	0	0	0	0	0
252788	117	43	27	0	0	0	0	0	0	0	1	0	0	0	0	1	0	0	0	0	0	0	0
252967	389	154	117	1	0	1	0	5	0	0	0	0	0	0	0	2	0	3	0	0	0	0	1
263176	140	41	12	0	0	0	0	0	0	0	0	0	0	0	0	6	1	1	0	0	0	0	2
274126	292	141	61	2	0	0	1	1	0	0	0	0	0	0	0	7	0	2	0	0	0	1	2
576442	31	90	42	1	0	1	0	1	0	0	0	0	0	1	0	0	0	1	0	0	6	0	0
564650	349	654	593	5	1	1	0	2	3	0	1	0	0	1	1	0	2	9	3	3	0	1	1
194491	0	0	0	9	0	1	1	0	0	0	0	1	0	0	0	2	1	0	18	277	573	2	0
378092	214	35	169	6	1	2	1	189	2	3	18	3	1	15	2	2	5	30706	3	2	1	6	4
278585	2	0	1	0	0	0	0	1	0	0	0	0	0	0	0	129	3	0	0	0	0	0	0
273031	0	0	0	1	0	0	0	0	1	0	0	0	0	0	0	7	1	1	37	201	120	1	0
263421	195	354	168	0	0	0	0	0	0	0	0	1	0	0	1	42	0	2	2	1	2	0	0
339533	90	4	2	4	0	2	0	3	1	3	2	1	2	10	0	13119	841	0	2	2	0	0	2
182208	10	0	0	1	1	0	0	0	0	0	4	0	0	18	1	875	2230	0	3	0	0	0	0
35418	1	0	0	0	0	0	0	0	0	0	0	0	0	1	0	494	23	0	0	0	0	0	0
255567	5	2	0	0	0	0	0	0	0	0	0	0	0	1	1	241	26	0	0	1	0	0	0
2554	5	1	5	0	0	0	0	240	0	0	0	0	0	2	0	0	0	1	0	1	0	0	0
533454	2	0	1	1	0	0	0	2	0	0	4	1	1	31	18	69	3285	0	4	1	0	1	1
205961	119	53	52	0	0	0	0	0	0	0	0	0	0	0	0	0	0	11	0	0	0	0	0
249252	2	1	0	1	0	1	0	96	0	0	3	0	0	0	0	0	0	9	0	0	0	1	1
327512	9	0	3	0	0	1	0	275	0	0	1	0	0	0	0	0	0	0	0	0	0	0	0
314149	27	24	11	3	1	2	72	9	1	3	0	0	0	1	0	1	0	72	0	0	0	0	0
309523	12	13	17	2	9	2	180	17	0	53	2	0	34	0	2	0	0	10	0	1	0	0	0
555333	1104	1260	1233	7	1	0	0	5	0	5	2	1	14	0	16	1	0	8	0	0	0	0	2
233334	63	20	20	0	2	0	0	11	0	0	2	0	0	0	0	1	0	2727	1	0	0	0	0
574458	42	57	52	5	8	14	66	6	2	244	1	4	45	1	1	0	2	12	3	1	1	1	0
235904	974	755	779	6	8	2	0	84	0	125	2	1	8	0	6	2	1	19	0	27	4	0	5
306684	360	429	357	5	3	0	0	0	0	50	1	0	0	1	1	0	0	83	1	0	1	0	0
540217	181	83	65	2	5	12	54	0	2	79	0	1	25	1	2	2	1	133	3	6	0	0	0
282480	116	107	158	3	1	0	5	6	0	2	0	0	68	0	0	0	0	52	0	1	0	0	1
534067	674	594	1125	8	2	0	2	4	2	221	0	0	2	3	4	1	2	4318	2	1	0	2	3
252037	218	228	182	1	0	1	7	13	0	2	0	0	1	0	0	2	1	7	0	0	0	0	0
160173	167	150	115	1	0	0	0	0	0	0	0	1	0	0	1	0	0	1	0	0	0	0	0
528336	435	354	205	2	2	0	0	4	1	1	1	1	0	2	1	0	0	20	0	0	0	1	0
567683	64	31	8	0	2	0	0	0	0	1	0	0	0	0	0	0	0	5	0	0	0	0	0
246781	24	56	42	0	0	0	0	1	0	0	1	0	0	0	1	0	0	5	0	0	0	0	0
572138	95	23	67	6	0	3	1	44	0	4	1	1	0	4	0	2	4	8444	1	1	0	2	1
160651	7	1	4	0	1	0	4	14	0	0	1	0	4	0	0	2	0	95	0	0	0	0	0
543592	2	0	6	1	0	0	1	0	0	237	1	0	0	0	0	0	0	5	0	0	0	0	0
526032	37	21	14	2	2	1	0	0	0	1	0	0	0	0	1	1	0	1	0	17	2	0	0
109907	1650	2617	2145	10	4	1	1	9	3	83	2	1	3	2	10	1	1	9	0	1	0	0	3
541963	99	156	94	1	2	1	0	1	0	20	1	1	0	0	0	0	1	459	0	1	0	0	0
245652	315	168	202	0	1	0	1	5	0	0	0	0	0	3	2	1	0	1631	0	0	0	0	1
213892	13	44	69	3	3	1	0	0	0	0	0	1	0	0	0	0	0	0	0	13	2	0	0
328627	208	410	351	4	1	0	0	1	0	0	3	0	0	0	5	0	1	2	0	0	0	0	0
551895	106	232	214	1	0	0	0	2	0	0	0	0	0	0	4	0	0	1	0	1	0	0	0
47339	242	251	131	6	2	1	0	1	1	0	0	0	1	0	1	1	0	0	0	0	0	0	1
278390	712	905	766	10	3	0	0	1	0	8	1	0	0	2	4	0	2	15	0	0	1	3	4
250672	38	39	33	1	1	0	0	1	0	0	0	0	0	0	0	0	0	0	0	0	0	0	0
563390	153	215	170	2	3	0	0	4	0	8	0	0	3	0	0	0	0	3	0	0	0	0	0
317096	115	192	145	10	7	1	2	4	0	8	1	0	1	0	1	0	0	0	0	0	0	0	1
556825	70	72	37	2	1	1	0	0	1	0	0	0	1	0	0	0	1	1	0	0	0	0	0
280545	15	103	40	6	1	0	0	0	0	14	0	0	0	0	0	1	0	5	0	0	0	0	0
113866	185	198	151	19	11	4	2	11	1	7	0	0	1	3	1	3	2	233	2	0	4	4	2
565399	9	11	11	24	5	9	12	2	2	8	0	2	13	5	1	3	0	4	1	1	1	2	0
586693	30	25	11	7	4	1	3	1	0	31	0	1	0	1	0	0	2	4	0	0	1	0	0
554086	74	78	69	3	0	1	27	1	0	66	0	0	8	0	0	0	0	10	0	0	0	0	0
553480	1	1	0	0	0	4	80	19	0	23	0	0	0	1	0	0	0	4	0	1	0	1	0
534493	1	1	0	0	0	3	61	0	0	67	1	0	0	1	0	0	0	0	0	0	0	0	0
210176	11	6	14	1	2	9	80	11	0	204	5	1	23	1	0	1	1	2027	3	3	1	2	0
154761	0	0	0	0	0	0	23	1	0	103	0	0	58	0	0	0	0	0	0	1	0	0	0
134825	1	1	1	0	1	3	87	2	0	139	0	1	28	0	0	0	0	2	0	6	1	0	0
167066	0	0	0	0	0	0	78	0	0	47	1	0	93	0	0	0	0	0	0	4	0	0	0
113307	18	11	12	15	9	11	18	12	1	46	1	1	0	0	0	0	3	28	1	0	1	2	2
55504	9	26	27	1	1	0	7	1	0	86	0	1	1	1	0	0	0	1	1	2	0	0	0
250277	119	113	66	3	4	1	13	47	0	13	0	2	1	0	3	1	1	25	0	0	1	0	1
445860	143	147	159	3	2	2	2	0	0	67	1	0	4	3	1	0	1	6	0	0	0	0	0
557824	254	109	49	0	1	0	4	2	0	0	0	0	0	0	0	1	0	6	0	0	1	0	0
562783	71	98	107	0	4	7	39	1	0	143	0	0	2	1	1	0	0	5	0	0	1	0	1
155441	0	0	0	0	1	0	110	0	0	114	0	1	0	0	0	0	0	2	2	1	0	0	0
512264	755	1162	1098	4	2	0	0	3	0	2	2	0	0	0	6	2	0	9	1	1	0	0	1
517065	12	7	4	0	0	0	0	0	0	92	0	0	4	0	0	0	0	0	0	0	0	0	0
96454	5	3	5	2	0	1	0	386	0	20	10	0	0	0	0	1	0	25	0	0	0	0	0
58374	5	0	1	8	0	0	0	679	0	1	7	0	0	0	0	0	0	45	0	2	0	1	1
278221	3	2	1	0	2	0	1	82	1	1	3	0	0	0	6	20	0	22	0	0	0	0	0
127471	104	24	88	3	0	7	3	12175	9	2	142	2	0	14	0	8	3	13893	6	3	0	5	0
70346	85	25	98	7	4	13	0	28740	3	1	338	1	0	17	5	5	2	12813	4	3	3	4	1
548506	25	0	7	0	0	0	0	222	0	0	2	0	0	1	0	0	0	7	0	0	0	0	0
206279	49	5	10	1	0	2	2	1852	1	0	20	0	0	0	1	2	0	308	0	0	0	0	1
241011	16	9	22	0	0	5	0	6061	1	13	79	3	0	7	0	2	3	1810	6	0	1	0	1
153532	1	0	0	0	0	0	0	498	0	0	10	0	0	2	0	0	0	53	0	0	0	0	0
97049	21	58	18	1	0	0	0	179	0	0	2	0	0	0	0	0	0	0	0	0	0	1	1
151254	30	66	58	2	0	0	0	277	0	7	3	0	3	0	0	1	0	11	0	6	1	0	0
558023	3690	3610	3627	18	1	1	0	52	4	0	3	0	0	9	23	6	3	19	0	0	0	0	8
241123	73	47	62	8	8	4	10	3602	4	20	67	0	2	6	1	3	5	1852	0	0	2	0	0
346774	15	5	8	0	0	1	1	141	0	24	2	0	0	1	0	1	0	5	0	0	0	0	0
534616	235	233	149	3	0	0	0	235	0	1	4	0	0	0	3	0	0	6	0	0	1	0	1
228372	1271	793	919	8	0	0	1	10	0	1	3	1	0	4	6	2	2	1933	0	0	0	1	3
246967	10	16	9	2	0	1	0	2	0	6	0	0	0	0	0	4	0	14	0	17	25	0	0
570489	0	1	2	6	0	0	0	0	0	0	1	0	0	1	0	7	3	0	172	1138	417	0	1
255558	0	0	0	0	1	0	0	0	0	0	0	0	0	1	0	2	1	0	66	49	21	0	0
164768	0	0	0	0	0	0	0	0	0	0	0	0	0	0	0	0	1	0	43	228	5	0	0
161044	0	0	0	1	0	0	0	0	0	0	0	0	0	1	0	0	1	0	8	211	248	1	0
558716	1	48	46	0	0	0	0	0	0	0	0	0	0	0	1	0	0	0	1	0	15	0	0
523998	0	0	0	2	0	0	0	0	0	0	1	0	0	0	0	1	0	0	10	58	110	0	0
31738	0	1	0	0	0	0	0	0	0	0	0	0	0	0	0	0	0	0	4	37	82	0	0
346244	0	0	0	0	0	0	0	0	0	0	0	0	0	0	0	0	0	0	3	70	118	0	0
273907	6	55	54	0	0	0	0	0	0	0	0	0	0	0	1	0	0	0	0	0	0	0	0
343475	0	0	0	0	0	0	0	0	0	0	0	0	0	1	0	1	192	0	1	0	0	0	0
104828	0	1	0	1	1	0	0	0	0	0	2	0	0	4	16	10	1094	0	5	0	0	0	0
234454	0	1	0	0	0	0	0	0	0	1	1	0	0	5	1	36	697	0	3	0	0	0	0
589064	0	0	0	0	1	0	0	0	0	0	1	0	0	15	5	12	1230	0	6	1	0	0	0
68979	11	6	2	1	1	1	0	0	2	3	3	0	0	47	0	1114	4695	0	9	3	0	0	0
228198	0	0	0	0	0	0	0	0	0	0	0	0	0	4	0	4	391	0	1	0	0	0	0
591182	10	14	5	4	1	5	0	4	2	0	9	0	0	126	73	275	21030	1	30	4	0	1	4
101444	21	159	34	6	3	2	0	11	2	0	4	0	1	47	5954	97	4632	1	18	1	0	2	4
137211	0	0	0	0	0	0	0	0	0	0	1	0	0	6	0	4	806	0	3	0	0	0	0
380491	0	0	0	0	0	0	14	2	0	776	2	0	45	1	0	0	0	0	0	0	0	0	0
344057	0	0	0	1	0	0	4	0	0	95	0	0	0	0	0	0	0	0	0	0	0	0	0
105839	31	118	119	0	0	0	0	1	1	0	0	0	0	0	0	0	0	1	0	0	0	1	1
362018	472	389	196	4	1	0	0	207	0	0	1	0	0	0	3	0	0	11	0	1	1	0	0
207957	133	83	55	0	1	1	4	118	0	0	1	0	0	0	0	0	0	6	0	0	0	0	0
572428	389	307	308	2	2	4	10	203	0	3	3	1	0	1	3	1	1	13	0	2	0	1	0
234041	75	42	31	2	0	0	17	110	0	3	1	0	0	0	0	0	0	0	1	0	0	0	0
336034	28	45	53	0	0	0	0	1	0	0	0	0	0	0	0	0	0	0	0	0	0	0	0
81623	15	60	68	0	0	0	0	12	0	0	0	0	0	0	0	0	0	2	0	0	0	0	0
142105	9	42	60	0	0	0	0	0	0	0	0	0	0	0	0	0	1	0	0	0	0	0	0
76374	6	55	69	0	0	0	0	0	0	0	0	0	0	0	0	0	0	1	0	0	0	0	0
593891	10	35	65	1	3	1	0	0	0	0	0	0	0	1	0	0	1	1	0	0	0	0	0
113777	10	52	58	0	0	0	4	4	0	0	0	0	0	0	0	0	0	1	0	0	0	0	0
232442	19	70	81	0	0	0	0	0	1	0	0	0	0	0	0	1	0	0	0	0	0	0	0
252798	80	90	122	0	0	0	0	0	0	0	0	0	0	0	0	0	1	5	0	0	0	0	0
355297	21	49	55	0	0	0	0	0	0	0	0	0	0	0	0	0	0	0	0	0	0	0	0
113192	0	0	1	3	0	0	0	1	0	0	0	0	0	1	0	1	0	0	1	714	191	1	0
182109	0	0	0	0	0	1	1	0	0	0	0	0	0	0	0	4	1	0	70	129	120	1	0
304950	0	3	0	6	0	0	0	2	0	0	0	0	0	2	0	0	3	0	182	579	400	0	0
589761	0	0	0	3	0	0	2	0	0	0	0	0	0	0	0	0	1	0	5	68	83	0	0
277923	0	0	0	14	0	1	0	0	0	0	1	0	0	0	0	1	2	0	17	355	778	2	0
530814	0	0	1	2	0	0	0	0	0	0	0	0	0	2	0	1	4	0	105	534	205	1	0
533069	0	1	0	2	0	0	0	0	0	0	0	0	0	0	0	0	1	0	11	144	211	4	0
276624	1	3	2	9	0	0	0	0	0	1	1	0	0	2	2	14	11	0	157	863	527	0	0
147735	3	0	0	4	0	1	0	1	0	0	1	0	0	1	0	8	4	2	104	509	306	0	1
105224	25	209	265	0	0	0	0	0	0	0	0	0	0	0	0	0	0	1	0	1	0	0	0
304435	341	2473	2189	2	1	0	0	2	0	0	3	0	0	1	11	2	0	13	0	0	0	0	0
152020	68	236	210	1	0	0	0	1	0	0	0	0	0	0	1	0	0	0	0	0	0	0	0
218039	39	155	192	0	0	0	0	0	0	0	0	0	0	0	0	0	0	1	0	0	0	0	0
251942	9	67	95	0	0	0	0	0	0	0	0	0	0	0	2	0	0	1	0	0	0	0	0
238907	46	171	171	0	0	0	0	1	0	0	0	0	0	0	0	0	0	3	0	0	0	0	0
134526	285	828	798	1	0	0	0	1	2	0	1	0	0	0	6	0	0	9	0	0	0	0	1
276838	16	58	41	0	0	0	0	0	0	0	0	0	0	0	0	0	0	0	0	0	0	0	0
535000	953	2560	2478	4	1	1	0	7	0	1	3	0	0	0	14	2	0	15	0	2	1	1	3
73076	102	345	297	0	0	0	0	2	1	0	0	0	0	1	0	0	1	0	0	0	0	1	1
553953	64	170	190	0	0	0	0	2	0	0	0	0	0	0	0	1	0	5	0	0	0	0	0
271962	27	90	72	0	0	0	0	0	0	0	0	0	0	0	2	0	0	0	0	0	0	0	0
89676	481	1549	1688	0	0	0	0	2	0	0	0	1	0	0	7	1	1	11	0	0	0	0	2
509120	11	73	76	2	2	0	0	0	0	0	1	0	0	1	0	0	0	0	0	0	0	0	0
236940	13	53	40	1	2	0	0	0	0	0	0	0	0	0	0	0	0	0	1	1	9	0	0
578422	9	53	56	0	0	0	0	0	0	0	0	0	0	0	1	0	0	0	0	0	0	0	0
538794	38	240	281	0	0	0	0	2	0	0	0	0	0	0	3	0	0	2	0	0	0	0	0
257902	26	125	206	0	0	0	0	1	0	0	0	0	0	0	4	0	0	0	0	0	0	0	0
75874	11	52	89	0	0	0	0	0	0	0	0	0	0	0	0	0	0	1	0	0	0	0	0
514003	38	148	141	0	0	0	0	1	0	0	1	0	0	0	1	0	0	0	0	0	1	0	0
306921	37	72	155	20	18	0	0	4	2	0	2	1	3	3	1	3	1	3	0	5	3	3	1
213599	22	50	71	10	5	0	0	1	1	0	1	0	5	2	0	1	0	0	0	3	4	1	1
341275	327	361	580	0	3	0	0	0	0	0	0	2	0	1	3	1	1	4	0	0	0	0	1
142005	24	100	127	4	0	0	0	0	0	0	0	0	0	1	0	0	0	0	0	0	0	0	0
237962	22	64	90	2	1	1	0	1	1	0	0	0	0	0	1	0	0	2	0	0	0	0	0
509823	118	130	126	0	0	0	0	0	0	0	0	0	0	0	0	0	0	0	0	0	0	0	0
359433	1204	1115	1139	9	2	1	0	5	0	0	2	0	0	3	8	4	0	6	0	6	14	0	3
254954	43	90	70	2	0	1	0	0	0	0	0	0	0	0	0	1	1	2	6	23	63	0	0
337205	0	0	1	2	0	0	0	0	0	0	0	0	0	1	0	1	2	0	34	206	144	1	0
550406	39	134	105	0	0	0	0	1	0	0	1	0	0	1	1	0	0	1	0	0	0	0	0
584106	22	169	104	0	0	0	0	1	0	1	0	0	0	0	0	1	0	0	0	2	8	0	0
562772	51	30	26	3	6	2	0	0	0	23	0	1	2	0	0	1	1	19	1	1	1	0	0
130368	125	58	66	4	8	2	33	0	1	43	0	0	11	0	0	0	1	0	1	1	0	0	0
590533	1204	165	201	4	1	1	0	0	0	2	1	0	0	0	1	2	0	5	0	0	0	1	3
239226	139	9	6	0	1	0	6	0	0	0	0	0	0	0	0	0	0	1	0	0	0	0	1
130135	715	378	401	7	0	1	1	2	0	50	1	0	11	2	4	0	2	1	0	3	1	0	3
193738	84	45	57	4	7	2	0	0	0	2	1	0	1	0	0	0	0	10	1	1	0	1	1
213767	10	7	6	0	1	2	6	0	0	184	0	0	0	0	0	0	0	2	0	0	0	0	1
512304	0	0	0	0	1	7	3	0	0	109	0	0	0	0	0	0	0	4	3	0	0	0	0
533525	10	30	66	1	1	0	1	1	0	0	0	0	0	0	1	1	0	0	0	0	0	0	0
235270	11	43	66	11	12	0	0	2	1	2	0	2	1	0	0	0	0	0	0	0	0	1	0
41797	10	24	26	8	0	0	1	0	2	42	0	0	1	0	0	0	0	1	0	1	0	0	0
294313	15	137	198	0	0	0	0	0	0	0	0	0	0	0	1	0	1	3	0	0	0	0	1
531025	11	67	114	3	1	1	0	2	1	0	0	0	0	0	0	1	1	0	0	1	1	0	0
113959	13	15	15	41	5	1	3	3	2	4	0	3	0	2	0	5	2	1	1	1	1	2	2
279297	38	17	13	94	7	3	1	8	4	27	0	7	3	2	4	1	3	1	0	0	4	1	3
154822	23	3	3	51	12	1	0	2	6	1	1	3	0	6	0	3	1	1	0	0	0	3	2
36155	41	15	25	196	5	10	0	3	10	7	3	19	4	14	0	7	5	2	0	0	9	9	7
557785	11	6	14	56	1	3	0	3	3	8	1	5	1	2	1	2	1	0	0	1	2	6	1
161914	42	234	210	1	0	0	0	2	0	0	0	0	0	0	0	0	0	1	0	0	0	0	0
562807	3	86	89	0	1	0	0	0	0	0	0	0	1	0	0	0	0	0	2	8	9	0	0
589802	4	32	34	1	2	1	0	0	0	0	0	1	0	0	0	0	0	0	0	51	47	0	0
3677	13	109	101	0	0	0	0	0	0	0	0	0	0	0	0	0	0	0	0	0	0	0	0
66935	25	218	243	1	0	0	0	0	0	0	0	0	0	1	2	0	0	0	0	0	0	0	0
272782	14	79	82	0	0	0	0	0	0	0	0	0	0	0	2	0	0	0	0	1	6	0	0
589751	23	58	82	0	0	0	0	0	0	0	0	0	0	0	1	0	0	1	0	1	0	0	0
241567	1	2	1	0	0	0	0	20	0	0	1	0	0	0	0	0	0	163	0	1	0	0	0
540593	0	0	0	0	0	0	0	121	0	0	2	0	0	1	0	0	0	0	0	0	0	0	0
529964	37	116	60	2	0	0	0	53	0	0	0	0	0	0	1	0	0	1	0	1	0	0	0
332934	19	60	50	1	0	0	0	0	0	0	0	0	0	0	0	0	0	1	0	6	0	0	0
215356	4	52	35	8	3	1	0	0	0	0	0	0	1	1	0	2	2	1	0	0	0	0	0
224203	10	61	44	5	2	0	0	0	0	0	0	0	1	0	1	0	0	0	0	1	0	1	0
210615	5	57	49	2	0	1	0	0	0	0	0	0	0	0	0	0	0	0	0	0	0	0	0
141801	6	66	61	2	1	0	0	1	0	0	0	0	0	0	0	0	0	0	0	0	1	0	1
199540	0	0	0	0	0	0	0	0	0	0	0	0	0	0	0	0	1	0	23	393	35	0	0
272414	0	0	0	0	0	0	0	0	0	0	0	0	0	0	0	1	0	0	7	75	22	0	0
223271	186	120	61	4	0	0	7	0	0	20	0	1	0	0	0	0	0	0	0	0	0	1	2
582320	147	136	119	6	2	3	3	1	0	14	0	0	8	1	0	2	0	1	0	0	2	0	0
252501	264	233	141	1	0	1	0	1	0	0	0	0	0	0	1	0	0	1	0	0	0	1	0
257461	0	0	0	0	0	0	0	1	0	0	0	0	0	0	0	3	0	0	5	172	155	0	1
121575	65	144	135	0	0	1	0	1	0	3	1	0	4	0	2	0	0	5	0	0	1	1	0
370090	13	16	27	1	1	5	0	2	1	2	0	0	0	0	0	0	1	0	8	44	34	1	0
584801	9	46	45	1	0	0	0	0	0	0	0	0	0	0	0	0	0	0	0	0	1	0	0
530540	8	10	17	2	3	6	2	0	1	22	1	0	1	1	0	1	0	0	10	37	63	0	0
361764	75	181	153	6	0	10	0	1	0	0	0	0	0	0	0	1	1	2	2	0	2	1	0
93865	13	28	22	6	2	7	3	1	0	9	0	0	0	3	1	0	2	0	1	1	4	1	2
527683	10	30	32	21	3	4	4	0	0	0	0	0	1	1	0	0	0	0	0	12	4	2	0
28670	13	71	63	0	0	1	13	2	0	40	0	0	0	0	0	0	0	1	0	0	0	0	0
362116	0	3	0	0	1	0	5	0	0	135	0	0	1	0	0	0	0	0	1	1	2	0	0
161103	314	219	193	1	0	0	0	2	0	0	0	0	0	0	4	1	0	2	0	0	2	0	0
209723	33	81	92	3	3	0	1	1	0	15	0	0	0	0	0	2	0	2	0	0	0	0	1
214042	108	171	209	1	1	0	0	0	0	0	0	0	0	0	2	1	0	2	0	0	0	0	0
206192	24	120	122	4	4	1	1	2	0	18	0	1	0	1	0	0	0	1	0	0	0	0	0
226487	43	182	228	2	0	1	0	1	1	5	0	0	2	0	4	1	0	0	1	0	3	0	0
592891	135	162	123	1	0	0	0	1	0	0	0	0	0	0	1	0	0	1	0	2	2	0	0
75044	52	72	91	0	2	0	0	0	0	0	0	0	1	0	0	0	0	0	0	0	0	0	0
240630	29	60	57	0	0	0	0	0	0	0	0	0	0	1	2	0	1	0	14	34	11	1	0
279390	99	154	79	4	1	1	0	0	0	0	0	0	0	1	1	0	0	2	9	18	11	0	1
141984	184	86	112	9	0	0	0	0	0	0	1	0	1	2	0	1	0	0	0	0	0	1	2
240529	216	87	92	0	0	0	0	0	0	1	1	0	0	1	0	1	0	1	0	0	0	0	1
236775	40	67	75	3	2	2	0	0	0	2	0	1	0	0	0	0	0	0	0	0	1	0	0
144789	26	66	78	0	0	1	0	0	0	0	0	0	0	0	2	0	0	0	0	0	0	0	0
162113	80	107	108	0	0	0	0	0	0	0	0	0	0	0	1	0	0	2	0	0	0	0	0
1847	19	39	70	2	0	1	0	0	0	0	0	0	0	3	0	0	0	0	0	1	5	0	0
583119	508	558	529	4	0	0	0	0	2	0	1	0	0	3	4	0	0	1	0	0	3	1	2
90452	187	199	151	1	0	0	0	1	0	0	0	1	0	0	1	0	1	0	0	4	1	0	1
306180	1593	2302	2410	40	28	4	12	8	2	43	3	5	3	7	11	7	2	15	3	3	7	2	5
514381	49	126	123	2	0	0	9	0	1	0	0	0	0	0	2	1	0	3	0	0	4	0	0
329486	276	381	412	1	1	0	0	1	0	0	2	1	1	0	1	0	2	2	0	0	0	0	0
362645	21	38	38	1	1	0	0	0	0	1	0	0	18	0	0	0	0	1	0	0	0	0	0
103326	7	29	45	2	7	1	0	0	2	2	0	0	1	1	0	0	1	0	0	0	0	1	1
225522	44	125	184	8	6	1	0	1	1	15	2	0	2	0	1	2	0	0	0	0	4	2	0
273309	13	43	46	3	1	0	1	0	0	7	0	0	0	0	0	0	0	0	0	0	1	0	0
218467	49	142	163	12	14	5	0	1	1	23	0	2	0	1	1	2	0	0	0	1	2	0	0
142411	453	1000	1178	1	0	0	0	1	0	0	1	0	0	1	6	0	0	3	1	0	0	0	3
273538	29	97	128	0	0	0	0	2	0	0	0	0	0	0	1	1	0	0	0	0	0	0	0
334113	44	87	120	0	0	0	0	0	0	0	1	0	0	0	1	0	0	1	0	0	0	0	0
194730	274	460	483	0	4	0	0	5	0	0	1	1	0	0	3	0	0	6	0	2	0	0	0
333448	41	188	227	0	0	0	0	0	0	0	1	0	0	2	0	0	0	3	3	2	5	0	0
222747	189	665	675	1	0	0	0	2	0	0	1	0	0	1	1	0	0	9	0	0	0	0	1
63234	49	203	262	1	0	0	0	0	0	0	1	0	0	0	1	0	0	2	2	4	17	0	0
545706	111	357	295	1	0	0	0	2	0	0	0	0	0	0	3	0	1	0	0	1	0	0	0
584529	68	256	329	0	0	1	0	1	0	0	2	0	0	0	1	0	0	1	0	0	1	0	0
553178	92	351	384	1	0	0	0	1	0	0	0	0	0	0	5	0	0	1	0	3	2	1	1
237457	179	678	764	0	0	1	0	2	0	1	0	0	0	1	4	2	0	6	0	5	10	0	0
226421	14	63	62	0	0	0	0	0	0	0	0	0	0	0	0	0	0	0	0	0	0	0	0
590326	27	149	173	0	0	0	0	0	0	0	0	0	0	0	1	1	1	0	0	0	0	0	0
583865	61	211	198	1	0	0	0	0	0	0	0	0	0	0	2	0	0	0	0	0	0	0	0
63239	169	398	582	1	0	0	0	1	0	0	0	0	0	1	4	0	0	4	1	2	0	0	1
170193	130	498	549	1	1	1	0	2	0	0	1	0	0	0	8	0	0	5	1	0	0	0	1
543083	403	1326	1399	2	0	0	0	3	1	1	2	1	0	2	10	1	0	6	0	1	0	0	2
142591	170	544	698	1	0	0	0	4	0	0	1	0	0	0	10	1	1	2	0	0	1	0	1
272259	209	662	673	2	0	0	0	2	1	1	0	0	0	1	3	1	0	3	0	0	1	0	0
509593	23	66	72	0	0	0	0	0	0	0	0	0	0	0	1	0	0	0	0	0	0	0	0
160549	0	1	1	0	0	0	0	0	0	0	0	0	0	0	0	0	0	0	3	37	58	0	0
574623	0	0	0	1	0	0	0	1	1	0	0	0	0	0	0	0	1	0	7	197	118	0	0
204817	0	1	0	0	1	1	0	0	0	0	0	0	0	0	0	0	0	0	39	20	48	0	0
553535	0	1	0	2	0	0	0	0	0	0	0	0	0	0	0	1	1	0	34	98	144	0	0
275375	1	1	2	2	0	0	0	0	0	0	0	0	0	1	0	0	0	0	0	86	82	0	0
240534	9	122	119	0	0	0	0	0	0	0	1	0	0	0	0	0	0	1	0	0	0	0	0
1710	21	98	131	2	0	0	0	1	0	0	0	0	0	0	0	1	0	0	0	0	0	1	0
581733	162	349	240	0	0	0	0	3	0	0	0	0	0	2	2	1	0	4	0	3	2	0	0
146478	26	232	160	0	0	0	0	1	0	0	0	0	0	0	0	0	0	0	0	0	0	0	0
262036	29	212	241	0	0	0	0	2	0	0	0	0	0	0	0	0	0	1	0	0	0	0	0
556802	43	282	246	1	0	0	0	1	0	0	1	0	0	0	2	1	0	1	0	0	0	1	0
326537	26	61	75	0	0	0	0	1	0	1	0	0	0	0	1	0	0	0	0	0	0	0	0
217242	58	119	116	1	0	1	0	0	0	0	0	0	0	0	1	1	0	0	0	0	0	0	0
148437	49	99	86	1	0	0	0	0	0	0	2	0	0	1	0	0	0	0	0	0	0	0	0
522476	19	43	47	2	7	2	0	0	1	0	0	0	2	1	0	3	0	1	0	0	0	0	0
241435	0	0	1	0	0	0	0	0	0	0	0	0	0	0	0	2	0	0	0	456	25	1	0
259756	0	0	1	0	1	0	0	0	0	0	0	0	0	0	0	1	0	1	0	1187	44	0	0
574895	47	70	47	4	0	1	1	0	0	1	0	0	0	0	0	0	0	0	0	1	0	1	0
557689	36	50	34	0	0	0	0	0	0	0	0	0	0	1	0	0	0	0	0	0	0	0	0
223804	19	57	28	4	2	2	1	0	1	0	0	0	0	2	0	0	0	0	0	9	6	1	0
139153	0	0	0	0	0	0	0	0	0	0	0	0	0	0	0	2	4	0	100	12	1	0	0
204709	2	2	0	9	1	0	2	0	0	1	2	0	0	0	0	11	1	0	94	1620	963	4	0
132450	26	58	47	0	0	0	0	0	0	0	0	0	0	0	0	0	0	1	0	0	0	0	0
556025	246	1383	749	2	0	0	0	2	0	0	1	0	0	3	8	2	0	17	0	0	0	0	0
76766	6	53	59	0	0	0	0	0	0	0	0	0	0	0	1	0	0	0	0	0	0	0	0
144899	23	114	132	0	0	0	0	0	0	0	0	0	0	0	1	0	0	2	0	0	0	0	0
1732	21	78	89	0	0	0	0	0	0	0	0	0	0	0	2	0	0	2	0	0	0	0	0
553643	169	187	156	0	0	0	0	0	0	0	0	0	0	0	2	0	0	5	0	0	0	0	1
76099	133	201	232	2	0	0	0	0	0	0	0	0	0	0	0	0	0	10	0	0	0	0	0
1736	146	290	430	0	0	0	0	1	0	0	0	0	0	1	2	1	0	14	0	0	0	1	0
147757	4	123	76	0	0	0	0	0	0	0	0	0	0	0	0	0	0	0	0	0	0	0	0
514080	1	1	3	4	0	0	0	0	0	0	1	0	0	0	0	35	0	0	1	1	158	0	0
540847	13	55	57	0	0	0	0	0	0	0	0	0	0	0	0	0	0	0	0	0	0	0	0
167800	66	283	283	0	0	0	0	2	0	0	0	0	0	0	2	0	0	2	0	0	0	0	0
63221	113	383	480	1	0	1	1	2	0	0	0	0	0	0	5	1	0	7	0	0	0	0	1
51852	145	647	846	1	1	0	0	6	1	0	0	0	0	0	1	0	0	8	0	0	0	0	0
577111	78	508	551	1	0	0	0	5	0	0	0	0	0	0	4	0	1	5	0	0	0	0	0
143270	17	185	66	0	0	0	0	0	0	0	0	0	0	0	1	0	0	0	0	0	0	0	0
105005	196	910	1647	0	0	0	0	6	0	0	1	0	0	1	12	0	3	12	1	0	0	0	1
159929	11	52	94	0	0	0	0	1	0	0	0	0	0	0	0	0	0	0	0	0	0	0	0
154959	8	10	107	0	0	0	0	0	0	0	0	0	0	0	0	0	0	0	0	0	0	0	0
169793	80	216	337	1	0	0	0	1	0	0	0	0	0	0	0	0	0	3	0	0	0	0	1
143990	27	79	149	0	0	0	0	2	0	0	0	0	0	1	0	0	0	3	0	5	2	0	0
246040	0	0	0	1	0	0	0	0	0	0	0	0	0	0	0	1	0	0	39	20	49	0	0
141312	9	104	83	0	0	0	0	0	0	0	0	0	0	0	1	0	0	0	0	0	0	0	0
589700	13	75	128	1	0	0	0	1	0	0	0	0	0	0	2	0	0	0	0	0	0	0	0
244996	26	158	272	0	0	0	0	0	1	0	1	0	0	0	1	0	0	1	0	0	0	0	0
551656	94	1204	1376	0	0	1	0	4	0	0	1	0	0	1	7	0	0	9	0	0	0	0	0
252035	773	4052	6206	5	0	1	0	21	0	2	4	0	1	4	31	3	1	35	2	2	9	1	2
543239	12	93	157	0	0	0	0	0	0	0	0	0	0	0	0	0	0	2	0	0	0	0	0
339589	0	0	0	2	0	0	0	0	0	0	0	0	0	0	0	1	0	0	66	87	107	0	0
203996	6616	8103	12255	29	2	3	0	41	2	1	13	1	1	11	59	13	9	78	1	1	6	3	11
238328	0	0	0	1	0	0	0	0	0	0	0	0	0	0	0	0	0	0	2	124	86	0	0
552017	0	0	0	0	0	0	0	0	0	0	0	0	0	0	0	0	0	0	20	103	20	0	0
541641	77	82	76	0	0	0	0	0	0	0	0	0	0	0	1	0	0	2	0	0	0	0	0
239678	14	33	42	0	0	0	0	0	0	0	0	0	0	0	0	0	0	0	6	7	9	0	0
158132	5	59	67	0	0	0	0	0	0	0	0	0	0	0	1	0	0	0	0	0	0	0	0
567353	304	1381	1506	0	2	0	0	1	0	0	1	0	0	0	7	0	1	14	0	0	0	0	1
511928	0	0	0	1	0	0	0	0	0	0	0	0	0	0	0	0	2	0	17	133	101	1	0
252204	69	50	58	0	0	0	0	0	0	0	0	0	0	0	1	0	0	0	0	0	0	0	0
33594	0	0	1	1	0	0	0	0	0	0	0	0	0	0	0	0	1	0	68	50	41	0	0
286220	1	0	0	0	0	0	0	0	0	0	0	0	1	0	0	5	3	0	85	2	2	0	1
304181	42	98	76	0	0	0	0	0	0	0	2	0	1	0	2	7	4	0	119	207	77	0	1
535561	0	0	0	0	0	0	0	0	0	0	0	0	0	0	0	0	0	0	2	13	95	1	0
267092	0	2	1	2	0	0	1	0	0	0	0	0	0	0	0	2	0	0	79	77	160	0	0
264692	0	0	0	4	0	2	0	0	0	0	3	0	0	3	0	2	12	1	546	432	277	1	0
28793	13	152	145	0	0	0	0	0	0	0	0	0	0	0	1	0	0	1	0	0	0	0	0
241451	48	54	52	2	0	0	0	0	0	0	0	0	0	0	1	0	1	0	0	0	1	0	0
185827	35	116	99	2	0	0	0	1	0	0	0	0	0	0	1	0	0	1	0	0	0	0	0
144091	398	1331	1305	4	0	0	0	12	1	1	1	0	0	1	8	1	0	17	0	1	1	0	0
252958	33	137	155	1	0	0	0	0	0	1	0	0	0	0	1	0	0	0	0	1	0	0	0
125802	105	255	223	0	1	0	0	1	0	0	1	0	0	0	1	0	1	1	0	0	0	0	0
113334	32	191	185	1	1	0	0	3	0	0	0	0	0	0	3	0	0	1	20	19	162	0	0
510686	0	0	0	2	1	1	0	0	0	0	0	0	0	0	1	0	3	0	391	513	149	1	0
172911	0	0	0	4	0	0	0	0	0	0	0	0	0	0	0	0	0	0	3	6	131	1	0
204759	33	298	261	0	0	0	0	0	0	0	0	0	0	0	3	0	0	1	0	0	0	0	0
405181	29	96	59	1	0	0	0	0	0	1	0	0	0	0	0	1	0	1	1	18	8	0	0
258358	22	136	135	4	0	0	0	0	0	0	0	0	0	1	0	7	1	2	119	484	346	0	0
523166	7	67	31	3	0	0	1	1	0	0	0	2	0	0	2	0	0	1	59	1207	1036	2	1
270455	0	0	0	0	0	1	0	0	0	0	1	0	0	0	0	0	1	0	183	50	31	0	0
310512	0	0	0	0	0	1	0	0	0	0	0	0	0	1	0	0	3	0	124	4	1	0	0
341545	0	0	0	1	0	0	0	0	0	0	3	0	0	0	1	2	8	0	456	61	35	0	0
278788	0	0	0	1	0	0	0	0	0	0	1	0	0	0	0	0	0	0	34	56	61	0	0
334374	14	8	1	0	0	1	0	0	0	1	0	0	0	3	298	1931	212	0	29	5	1	1	0
545467	1	31	4	0	0	2	0	1	0	0	2	0	0	1	823	12	25	0	344	180	43	0	0
41135	6	4	2	0	0	0	0	0	0	0	0	0	0	1	175	962	18	0	3	0	1	0	0
245143	10	34	5	3	1	1	0	4	0	0	1	1	0	24	1202	357	2839	2	3	1	1	0	0
234675	2	0	0	0	0	0	0	0	0	0	0	0	0	4	13	84	300	0	6	4	0	0	0
227671	11	98	22	5	0	0	1	1	1	0	2	1	1	3	3339	10	152	0	0	1	0	1	0
119942	7	37	7	5	0	0	0	0	1	0	1	0	0	5	1227	49	226	1	1	0	1	0	0
577212	16	0	3	0	0	0	0	1190	0	0	12	0	0	0	0	0	1	290	1	0	0	0	0
305871	2	0	2	0	0	0	0	50	0	0	1	0	0	0	0	0	0	75	0	0	0	0	0
323190	85	54	42	11	2	0	2	27	1	14	0	1	0	0	1	0	0	82	1	1	0	0	1
584845	82	77	76	5	1	0	0	0	0	1	0	0	0	0	1	0	0	2	0	0	2	0	0
209628	73	10	20	1	0	0	0	0	0	0	0	0	0	0	0	0	1	1	0	0	0	1	0
216828	23	11	4	0	0	0	0	18	0	0	0	1	0	0	1	0	0	116	0	0	0	0	0
114788	4	11	5	0	0	0	0	0	0	0	0	0	0	0	548	1	3	0	0	0	0	0	0
304196	1	16	4	0	0	0	0	0	1	0	0	0	0	0	232	0	3	0	0	0	1	0	0
513750	0	0	0	0	0	1	0	0	0	0	1	0	0	1	0	1	2	0	250	391	142	1	0
534533	88	22	62	3	3	3	1	9	0	0	10	0	0	5	2	1	1	8164	0	0	1	1	0
148371	8	1	0	0	0	0	0	1	0	0	1	0	0	5	3	20	183	0	7	0	0	0	0
544574	5	0	0	0	0	0	0	0	0	0	0	0	0	1	8	5	154	0	1	3	0	0	0
319505	13797	4614	4131	62	9	19	1	37860	7	34	492	2	22	51	30	32	9	47	21	17	10	4	31
170976	18920	2372	2454	122	4	7	1	1164	1	20	18	2	5	19	15	32	38	1768	2	4	5	5	38
535322	1478	90	38	8	0	0	0	30	2	0	0	0	1	2	1	0	2	2	16	2	1	0	4
510993	2285	606	806	17	3	1	0	503	0	1	13	0	0	7	6	11	58	311	4	2	0	1	6
589956	100	4	2	0	0	0	0	0	0	0	0	1	0	1	0	0	0	0	1	0	0	0	0
546058	380	183	101	3	1	0	0	127	0	0	2	0	0	1	2	2	1	2	0	1	1	0	4
106097	692	83	97	3	1	0	0	171	0	0	5	0	0	0	1	0	0	6	0	1	0	0	1
105709	112	9	7	0	0	0	0	50	0	0	0	0	0	0	0	0	0	2	0	0	0	0	0
111348	55	19	15	1	0	0	0	40	0	0	2	0	0	1	0	0	1	3	9	0	1	0	0
562802	2757	156	113	12	0	0	1	1	0	0	3	0	0	3	1	4	6	201	66	17	4	0	10
540412	252	32	25	4	0	0	0	11	1	0	1	0	1	0	0	2	1	98	3	0	0	0	1
235471	241	15	8	2	0	0	0	0	0	0	1	0	0	0	0	2	0	21	37	3	0	0	0
580227	19	34	7	3	1	0	2	2	1	1	0	0	0	12	756	529	1379	0	3	5	2	0	2
161217	47	125	19	8	0	2	0	2	2	0	7	4	1	109	3043	1427	9639	5	15	6	1	5	1
155518	46	137	29	5	1	0	1	4	6	3	9	2	1	70	3763	2878	7385	7	14	3	3	4	1
338616	59	5	2	2	1	0	1	1	0	5	0	0	1	6	0	8948	128	1	16	3	3	0	0
152550	6	4	2	0	0	0	0	43	0	0	0	0	0	14	1	13	1084	2	11	2	0	2	0
235366	10	11	7	0	0	0	0	66	0	0	1	0	0	0	0	0	0	0	9	1	0	0	0
517793	0	0	0	1	0	0	0	0	0	0	0	0	0	0	0	98	3	0	20	11	1	0	0
554821	0	0	0	0	0	0	0	0	0	0	0	0	0	0	0	1	107	0	1	17	3	0	0
510838	64	54	47	0	0	0	0	161	0	0	4	0	0	0	5	3	2	1	3	0	0	0	0
305960	4	26	11	3	1	0	1	0	1	0	1	0	0	10	830	12	661	1	6	2	0	1	1
569018	41	6	6	0	0	0	0	0	1	0	0	0	0	0	0	0	0	36	1	6	4	0	0
40791	91	6	6	0	0	0	0	0	0	0	0	0	0	0	1	0	3	1	4	0	0	0	0
346553	20	190	28	7	1	5	3	4	0	0	4	2	0	15	5490	32	455	6	12	106	16	2	4
237232	16	113	23	5	1	1	1	3	5	0	3	0	1	12	3435	31	318	2	9	11	7	2	0
278234	16	0	1	1	0	0	0	0	15	0	0	4558	1	2	0	1	0	0	0	0	1	270	1163
177339	18	0	1	3	0	3	0	2	5879	28	2	5871	0	4	0	1	0	0	0	0	5	309	1452
1596	407	376	321	3	1	0	0	2	0	0	0	0	0	0	3	1	1	3	0	0	1	0	0
113378	189	132	93	2	0	0	0	14	0	10	2	0	0	0	0	12	0	277	0	0	0	0	0
102890	702	27	8	6	1	0	0	19	0	2	0	0	1	0	0	3	0	148	0	0	0	0	2
556878	649	23	10	4	0	0	0	17	1	0	1	0	0	0	0	0	1	26	0	0	0	0	4
248041	743	24	12	6	1	0	0	20	1	7	1	0	0	1	0	3	0	147	0	0	1	1	3
252314	570	24	25	2	0	1	31	2	0	15	0	0	4	1	0	1	1	346	0	0	0	0	1
519950	67	71	52	1	0	0	0	0	0	0	0	0	0	0	0	0	1	1	0	0	0	0	1
119231	118	31	91	3	3	4	0	6028	3	0	120	1	0	18	3	6	2	8233	4	2	0	0	1
570886	230	43	54	2	1	0	0	11	0	2	2	1	4	2	1	2	0	2750	0	0	1	0	0
573565	659	15	12	6	0	0	0	7	0	0	0	0	1	0	0	1	0	1	0	0	0	0	0
509040	0	0	2	0	0	0	0	481	1	0	11	0	0	3	0	0	0	7	1	0	0	0	0
509124	202	11	10	2	0	0	0	89	0	0	3	0	0	0	0	0	0	10	0	0	0	0	1
244496	482	115	85	10	0	0	0	1	0	0	1	0	0	2	1	2	2	4	0	0	1	1	0
267722	39	31	39	7	0	0	0	0	0	0	0	0	1	1	0	0	1	1	0	2	0	0	0
146126	51	31	11	0	0	0	1	0	0	45	0	0	0	0	0	0	0	0	0	0	0	0	0
154899	383	169	158	1	0	0	0	0	0	1	0	1	0	0	3	0	0	1	1	0	3	0	0
227051	1517	557	264	15	5	1	0	1	1	0	1	1	0	7	2	3	2	6	1	11	1	0	5
154102	1	2	3	3	5	11	0	1	2	64	1	3	2	1	0	0	1	0	3	4	4	3	0
161227	41	61	87	2	10	6	5	2	2	1	1	1	0	0	0	0	1	0	1	0	0	0	0
223329	42	88	67	7	28	3	0	0	2	0	1	1	4	1	2	2	0	1	0	3	0	2	1
220494	5	3	3	9	41	1	0	1	5	1	0	5	7	1	0	0	1	0	0	36	23	1	3
3046	5	3	5	18	64	1	0	3	5	0	0	5	8	0	0	3	1	0	1	5	1	2	1
592952	20	15	38	4	4	30	1	0	0	11	0	3	1	0	0	0	0	1	5	1	1	0	1
240862	16	29	54	0	1	0	0	1	0	0	0	0	0	0	0	0	0	0	0	0	0	0	0
309788	16	16	21	21	32	0	7	2	3	3	1	7	13	5	1	3	1	1	0	57	19	2	0
256977	16	45	49	25	72	6	1	4	5	14	0	9	8	5	1	1	4	2	1	7	8	2	1
240687	35	27	35	57	174	3	2	3	9	21	5	13	13	14	3	5	3	3	0	38	16	6	2
150925	0	0	0	3	27	0	1	1	5	132	0	1	4	0	0	1	2	2	0	4	6	3	1
243353	19	1	2	4	5	0	0	231	0	0	11	0	0	1	0	0	2	0	0	1	0	0	0
578268	19	1	0	68	2	1	0	5	3	1	0	3	0	2	1	3	1	2	1	1	1	3	1
235848	28	43	27	3	0	0	0	2	0	0	0	0	1	0	0	0	0	7	0	0	1	0	0
236458	376	538	593	3	1	0	0	3	0	21	0	1	0	2	4	0	1	3	1	0	0	0	0
354713	4956	1792	779	21	9	5	3	11	1	4	2	0	1	5	10	11	4	17	4	0	4	1	15
142335	271	274	332	2	0	0	25	1	0	2	1	1	1	0	3	1	0	34	0	0	0	0	1
214306	27	16	66	0	0	0	0	0	0	0	0	0	0	0	0	0	0	1	1	0	0	0	0
270180	102	75	88	0	0	0	0	0	0	0	1	0	0	0	1	1	0	0	0	0	0	0	1
205420	1	0	4	0	0	0	0	462	0	4	9	0	36	2	0	1	0	0	0	1	0	0	0
535268	102	25	37	2	2	0	1	1	0	0	0	0	10	0	0	0	0	1	0	0	0	0	0
251499	302	181	288	3	5	6	1	3	1	37	0	1	0	2	0	1	0	7	1	0	0	0	1
104784	1091	566	562	4	2	4	1	2	0	27	0	0	0	2	3	3	1	11	1	0	0	0	4
347528	8	4	1	6	2	0	0	0	0	59	1	1	0	1	0	0	0	19	1	0	0	0	0
511817	2	2	11	2	0	0	1	0	0	104	0	0	0	0	0	0	0	0	0	0	0	0	0
574533	15	117	118	2	0	0	0	0	0	2	1	0	0	0	1	1	2	0	40	148	31	0	0
159970	0	0	1	0	0	0	0	0	0	0	0	0	0	0	0	0	0	0	4	61	57	0	0
331129	45	202	177	1	0	0	0	0	0	0	0	0	0	1	0	0	0	1	1	0	0	0	0
536090	36	186	191	10	1	0	0	2	2	0	0	0	1	0	1	1	0	3	0	0	0	0	1
222261	578	2254	2435	2	0	0	0	6	0	0	0	0	0	1	19	1	1	23	1	0	1	0	2
222914	43	135	124	8	0	0	0	1	0	0	0	1	0	1	0	0	1	0	0	0	0	0	0
589297	6	60	35	3	1	0	0	0	0	2	0	1	0	1	0	0	0	0	0	0	2	0	0
578045	148	650	703	0	0	0	0	3	0	0	1	1	0	1	6	1	0	6	2	1	1	0	1
156917	14	98	71	0	0	0	0	0	0	0	0	0	0	0	0	0	0	0	0	1	0	0	0
338969	32	196	189	1	0	0	0	2	0	0	0	0	0	0	0	0	0	0	0	0	0	0	1
240142	6	44	78	1	0	0	0	0	0	0	0	0	0	0	0	0	0	0	0	0	0	0	0
210788	35	61	58	0	0	1	0	1	0	0	0	0	0	0	0	0	0	2	0	0	0	0	0
217650	134	546	600	0	0	0	0	3	1	0	0	0	0	2	7	1	0	3	0	0	1	1	1
152799	596	2618	2929	11	2	1	0	14	0	0	2	1	1	3	13	1	1	26	0	3	0	0	3
137061	131	593	675	5	0	0	0	3	0	0	0	0	1	0	2	2	1	9	1	0	1	1	0
539821	63	236	267	4	1	0	0	0	0	0	1	1	0	0	2	0	0	0	0	1	0	0	0
151664	22	94	106	0	0	0	0	1	0	0	0	0	0	0	0	0	0	1	0	1	0	0	0
241839	131	621	683	4	1	1	0	4	0	1	1	1	0	1	3	1	3	11	0	1	0	0	0
353925	24	195	166	1	0	0	0	1	0	0	0	0	0	0	1	0	0	0	0	0	0	0	0
235541	19	76	52	5	1	1	0	1	0	1	0	1	0	0	0	0	0	1	1	0	1	0	1
250253	39	33	57	1	1	0	0	0	0	0	0	0	0	0	0	0	0	3	12	3	0	0	0
223550	124	151	97	2	1	0	0	0	0	0	0	1	0	0	0	0	0	1	1	0	2	0	0
241999	20	91	75	1	0	0	1	2	0	0	0	0	0	3	0	2	1	2	81	567	271	1	0
551837	14	92	53	7	5	0	0	1	0	0	0	1	0	0	0	2	2	5	9	26	2	1	1
510956	94	164	145	12	1	1	0	3	0	2	0	1	1	2	0	2	0	2	3	6	1	1	1
220193	1	2	7	1	0	0	0	89	0	0	1	0	0	0	0	1	0	57	0	0	0	0	0
238929	21	171	94	2	0	2	0	0	0	0	0	0	0	0	1	0	0	2	1	1	1	0	0
154318	377	1400	1636	2	0	0	0	5	0	0	1	0	0	3	9	0	1	11	1	1	0	0	1
221692	113	369	449	1	1	0	0	2	0	0	1	0	0	0	1	1	0	5	0	5	3	1	0
224152	236	133	114	2	0	0	0	0	0	0	0	0	0	0	3	0	0	0	0	1	0	0	0
248805	67	43	50	1	1	0	0	2	0	0	0	0	0	0	1	1	0	0	0	1	1	0	0
585431	117	598	640	3	0	0	0	3	0	4	0	0	0	1	1	0	1	9	0	1	1	0	1
155778	19	77	86	3	0	0	0	1	0	0	0	0	0	0	1	1	0	0	0	0	0	0	0
156353	88	363	356	1	1	0	0	0	0	0	0	0	0	0	5	0	0	9	0	1	0	0	0
513679	31	103	138	0	0	0	0	0	0	0	0	1	0	0	2	0	0	1	0	0	0	0	0
132722	61	443	494	1	0	0	1	1	1	0	0	0	0	1	0	0	1	5	2	4	0	0	0
206560	46	82	83	1	0	0	0	0	0	0	0	0	0	0	0	0	0	0	0	1	0	0	0
256933	136	313	342	1	1	0	0	2	0	0	0	0	0	1	1	0	0	0	31	65	10	0	0
218456	47	163	205	2	0	0	0	0	0	4	0	0	1	1	1	1	0	2	1	5	1	0	0
589290	21	56	77	2	0	0	0	0	0	0	0	0	0	0	0	0	0	2	2	57	44	0	0
253619	223	727	723	7	1	1	0	3	0	0	4	0	0	0	4	0	0	5	1	0	1	0	0
200868	40	118	125	0	0	0	0	0	0	0	0	0	0	0	0	0	0	2	0	0	0	0	0
237754	1481	3457	4072	21	9	2	1	21	3	51	1	2	2	2	24	7	4	30	0	1	1	0	4
204465	2016	1049	885	9	1	0	2	4	0	7	1	1	0	1	9	4	2	4	0	1	0	0	6
543327	77	40	75	1	0	0	0	0	0	0	0	0	0	1	1	0	0	1	0	0	0	0	0
125736	263	290	396	14	1	0	0	3	0	21	0	1	1	1	2	1	1	84	0	1	0	0	1
259898	32	60	87	1	0	0	0	0	0	0	0	0	0	1	0	0	0	0	0	0	0	0	1
63232	332	888	1147	9	1	2	0	4	0	0	0	1	0	0	5	0	3	1	29	66	10	0	2
570808	36	210	178	0	0	0	0	1	0	0	0	0	0	0	1	0	0	4	0	0	0	0	0
161263	23	41	78	9	1	0	0	0	0	0	0	1	0	1	0	0	0	3	9	18	3	2	0
339617	347	180	262	4	0	0	0	3	0	0	0	0	0	0	2	1	0	4	0	0	0	1	0
247797	49	118	203	2	0	0	0	1	0	0	1	0	0	1	1	1	0	1	0	0	0	0	0
255540	20	134	186	1	0	0	0	0	0	0	0	0	0	0	1	0	0	5	0	0	0	0	1
257782	17	121	123	1	0	0	0	1	0	0	0	0	0	1	1	0	0	0	0	0	0	0	0
218434	70	247	302	0	1	0	0	1	0	0	0	0	1	0	0	1	0	2	9	3	0	0	1
113158	81	318	427	0	0	1	0	0	0	9	1	0	0	0	1	1	0	3	0	0	0	0	1
583421	16	78	90	9	1	0	0	0	1	0	1	1	0	0	1	1	0	1	2	12	2	0	0
326461	0	1	2	2	1	2	0	0	0	16	0	1	0	0	0	0	0	0	5	136	55	2	0
513658	0	1	1	0	0	0	1	0	0	1	0	0	0	3	48	10	392	0	2	1	0	0	0
355710	0	0	0	0	0	0	0	0	0	0	0	0	0	0	4	1	121	0	1	0	0	0	0
343315	3	9	6	0	0	1	0	0	0	0	2	0	1	0	389	2	10	0	257	60	30	0	0
57459	0	0	0	0	0	1	1	0	0	0	0	0	0	0	1	13	1	0	62	27	16	0	0
61856	0	1	0	0	0	1	0	0	0	0	1	0	0	2	0	1	3	0	183	44	32	0	0
114335	0	0	0	1	0	0	0	0	0	0	0	0	0	0	0	21	1	0	76	48	57	0	1
533044	0	0	0	3	1	0	0	0	0	0	0	0	0	0	0	21	5	0	145	102	100	1	0
251544	13	65	90	1	0	0	0	1	0	0	0	0	0	0	0	2	0	0	1	3	2	0	0
83178	58	101	135	0	0	0	0	0	0	0	1	0	0	0	0	0	0	0	0	0	0	0	1
113979	0	0	0	0	0	0	0	0	0	0	0	0	0	0	0	0	0	0	6	45	71	1	0
100123	0	0	0	0	0	0	0	1	2099	0	0	0	0	0	0	1	0	0	0	0	0	0	0
368928	0	0	1	2	0	0	0	2	4525	0	0	3	0	0	1	0	0	1	0	0	0	1	0
563388	11	57	84	0	0	0	0	0	0	0	0	0	0	0	0	0	0	0	0	0	0	0	0
111528	0	2	0	0	0	0	0	0	0	0	0	0	0	1	19	266	39	0	0	0	0	0	0
264161	0	8	9	1	0	0	0	0	0	0	0	0	0	0	0	2	0	0	4	48	45	0	0
553831	0	3	7	0	0	0	0	0	0	0	0	0	0	0	0	0	0	0	2	31	76	0	0
153831	24	213	208	0	0	0	0	1	0	0	0	0	0	0	1	0	0	6	0	0	1	0	0
131589	73	161	171	0	0	0	0	1	0	0	0	0	0	0	6	0	1	11	0	6	0	0	0
585368	11	61	40	1	0	0	0	0	0	0	0	0	0	0	0	0	0	13	1	13	4	0	0
73086	35	97	139	0	0	0	1	0	0	0	0	0	0	0	2	0	0	2	0	1	0	0	0
509051	115	376	389	0	0	0	0	1	0	0	0	0	0	1	1	0	0	1	1	0	0	0	1
2788	4	1	0	0	0	0	0	0	0	0	0	0	0	2	70	487	154	0	0	0	0	0	0
333159	32	43	47	0	0	0	0	1	0	0	0	0	0	0	0	0	0	0	0	0	0	0	0
244050	203	210	181	2	7	1	0	0	0	0	1	1	1	1	0	0	0	1	0	0	0	0	0
318107	46	41	46	0	0	0	0	0	0	0	0	0	1	0	0	0	0	0	0	0	0	0	0
536150	65	63	52	1	1	0	0	1	0	0	1	0	1	0	0	0	0	2	0	0	0	0	0
266754	0	0	0	2	1	0	0	0	0	0	1	0	0	0	0	2	5	0	34	601	178	1	1
577122	0	0	1	0	1	1	0	0	0	1	0	0	0	1	0	5	4	0	77	254	22	0	0
525666	114	86	53	0	0	0	0	1	0	0	0	0	0	0	0	0	1	1	0	0	1	0	0
200064	1335	860	659	10	1	2	0	6	0	0	2	0	1	1	2	7	1	3	0	0	0	0	7
314228	476	241	197	7	0	0	0	0	1	0	0	0	0	0	0	0	1	10	0	0	1	0	6
72455	63	168	100	0	0	0	0	0	0	0	0	0	0	0	0	1	0	2	0	0	0	0	0
555142	20	48	38	1	0	0	0	0	0	0	0	0	0	0	0	0	0	0	0	2	4	0	0
510851	56	193	165	1	1	0	0	0	0	0	0	0	0	0	1	0	1	2	0	1	8	0	0
159441	1	0	1	1	0	0	0	0	0	0	1	0	0	0	0	0	1	0	32	47	70	0	0
536385	16	29	25	0	0	0	0	0	0	0	0	0	0	0	0	2	1	0	13	18	33	1	0
560786	208	365	357	1	0	0	0	2	0	0	0	0	0	0	1	9	1	1	29	14	31	0	1
66932	107	186	147	0	0	0	0	0	0	0	0	0	0	2	0	7	1	3	29	24	86	0	0
582509	38	32	27	0	0	0	0	1	0	0	0	0	0	0	0	0	0	0	0	37	26	0	1
549290	9	17	40	0	1	0	0	0	0	0	0	0	0	0	2	0	0	0	1	13	24	0	0
270592	0	1	0	2	0	0	0	1	0	0	0	0	0	0	1	0	0	0	49	342	135	1	0
579998	0	0	0	1	0	0	0	0	0	0	0	0	0	0	1	0	0	0	6	83	14	0	0
544225	50	18	18	0	0	2	0	0	0	17	0	0	0	0	0	0	0	0	0	1	1	0	0
582419	0	0	0	2	1	0	0	1	0	1	0	0	0	0	0	2	2	0	28	302	152	0	0
323064	135	81	81	1	0	0	0	0	0	0	1	0	0	0	0	0	0	2	0	0	2	0	0
50882	71	76	64	0	1	0	0	2	0	0	1	0	0	0	0	1	0	295	0	0	0	0	0
579256	83	97	83	0	0	0	0	0	0	0	0	0	0	0	2	0	0	0	0	1	0	0	1
544469	20	34	16	0	0	0	0	1	0	31	0	0	0	0	0	3	0	0	1	1	5	0	0
113272	51	36	29	4	2	1	0	0	0	0	0	1	0	0	0	0	0	2	0	1	0	0	0
213225	51	44	54	3	1	0	0	0	0	0	0	0	0	0	0	1	1	47	5	8	11	0	0
589011	19	34	23	0	0	0	0	5	0	0	1	0	0	1	1	0	0	113	5	29	55	0	0
170286	85	180	141	0	0	0	0	1	0	0	0	0	0	1	1	0	0	0	2	5	44	0	1
353483	5	19	12	0	0	0	0	0	0	0	0	0	0	0	0	11	0	0	8	15	39	0	0
563596	59	96	57	1	1	0	0	0	0	0	0	0	0	0	0	0	0	1	0	0	0	0	0
165216	1	1	0	0	0	0	0	0	0	0	0	0	0	1	0	0	0	0	103	144	45	0	1
440418	1	0	0	0	0	0	0	0	0	0	1	0	0	1	1	38	13	0	32	15	1	0	0
399640	3	9	4	0	0	0	0	4	1	1	4	0	0	20	179	227	1033	0	99	26	22	0	1
247225	257	76	102	1	0	0	0	0	0	0	0	0	1	0	0	1	0	1	0	0	0	0	1
107148	1415	309	289	10	1	2	0	0	0	1	2	0	0	2	3	3	0	5	0	0	0	1	3
589642	122	22	39	2	0	0	0	4	0	0	1	0	0	2	0	2	0	1296	0	0	1	0	1
558514	688	126	115	6	0	0	0	49	0	0	0	0	0	3	2	2	3	49	0	0	0	1	2
352654	104	9	12	0	1	0	0	70	0	0	1	0	0	1	0	0	0	78	1	0	1	0	0
2805	37	6	1	0	0	0	0	21	0	0	0	0	0	0	0	0	0	59	0	0	0	0	0
319990	208	76	59	3	0	0	0	0	0	0	0	0	0	0	0	1	0	0	0	0	0	0	2
545203	172	44	38	0	0	0	0	0	0	0	0	0	0	0	0	0	0	3	0	0	0	0	2
543167	24	21	5	3	1	0	0	1	1	2	3	2	1	29	490	2599	2591	1	7	1	1	0	0
142901	108	184	213	0	0	0	0	0	0	0	0	0	0	4	4	2	1	3	1	4	6	0	0
214356	89	207	184	0	0	0	0	1	0	0	1	1	0	0	2	0	0	0	0	2	24	1	0
201662	59	99	84	0	0	0	0	0	0	0	0	0	0	1	0	0	0	1	0	0	0	0	0
153928	27	87	61	0	0	0	0	1	0	0	0	0	0	2	0	0	0	0	0	0	0	0	0
152343	14	50	37	0	0	0	0	0	0	0	0	0	0	0	1	0	0	4	0	0	1	0	0
30167	168	517	432	0	1	1	0	1	0	0	0	0	0	0	3	0	0	4	0	0	0	0	0
223634	52	132	68	0	0	0	0	1	0	0	0	0	0	0	0	0	0	2	1	1	0	0	0
51628	265	767	507	2	0	0	1	3	0	0	3	0	0	0	5	1	0	4	2	5	3	0	0
145730	114	267	217	0	0	0	0	1	0	0	1	0	0	0	2	1	1	2	0	0	0	0	1
200304	50	182	88	1	1	0	0	0	0	0	0	0	0	0	0	0	0	0	0	1	0	0	0
245832	50	51	62	0	0	0	0	1	0	0	0	0	1	0	0	0	0	1	0	0	0	0	0
577081	96	121	56	1	0	0	0	0	0	0	0	0	0	0	1	0	0	2	0	0	0	0	0
513590	207	359	107	19	7	4	5	60	7	2	18	6	0	84	7499	2362	3824	7058	13	4	3	11	7
586939	5	2	2	1	0	0	0	0	0	0	0	1	0	1	0	0	0	614	0	0	0	0	0
204219	28	15	21	0	1	0	0	2	0	0	1	1	0	3	0	0	0	1491	0	0	1	1	0
324145	14	61	37	0	0	0	0	1	0	0	0	0	0	0	0	1	0	1	0	0	0	0	0
28765	56	45	65	1	2	0	0	0	0	0	0	0	0	0	1	0	0	2	0	0	0	0	0
329544	89	37	31	4	1	0	0	0	0	0	0	0	0	1	0	0	0	0	0	0	0	0	0
238799	88	47	36	2	2	0	0	0	1	0	0	0	0	0	0	0	0	1	0	0	0	2	0
560957	284	180	157	1	2	0	0	3	0	0	0	0	0	3	1	0	1	3	0	3	3	2	0
583602	87	79	74	0	0	0	0	0	0	0	0	0	0	0	0	0	0	0	6	10	14	0	0
35556	279	238	200	7	2	0	0	0	0	30	0	1	0	0	3	0	0	59	7	29	44	0	0
530010	398	274	286	5	2	0	0	1	1	0	1	0	1	1	1	2	3	3	13	83	108	0	1
241588	19	24	29	1	0	0	1	0	0	0	0	0	0	0	0	0	1	0	18	42	51	1	0
208621	217	141	129	2	3	0	0	1	0	17	0	1	2	1	2	0	0	1	1	1	3	0	0
304581	126	20	40	0	1	0	0	1	0	1	0	0	0	0	0	0	0	0	0	0	0	0	1
33376	44	42	45	0	3	0	0	0	0	6	0	2	0	0	1	0	0	0	0	0	0	0	0
278198	204	130	114	1	0	0	0	0	0	0	0	0	0	0	0	1	0	10	0	0	0	0	0
558118	60	62	77	2	2	0	0	0	0	0	0	0	0	0	0	0	0	1	0	2	1	0	0
85331	53	41	51	1	0	0	0	0	0	0	0	0	0	0	0	0	0	0	0	0	0	0	0
508828	29	38	81	7	4	0	0	1	1	4	0	2	0	0	0	0	0	0	0	0	1	0	0
237767	0	0	1	1	0	0	0	0	0	0	0	0	0	0	0	7	1	0	65	226	63	1	0
576162	1	0	1	0	0	1	0	0	0	0	0	0	0	0	0	2	0	0	34	638	70	1	1
581457	0	0	0	1	0	1	0	0	0	0	1	0	0	0	0	0	0	0	80	158	64	0	0
385507	858	310	345	3	1	1	0	120	1	0	2	0	0	4	2	6	0	14	0	0	1	0	2
238659	50	65	54	1	0	0	0	0	0	0	0	0	0	0	0	0	0	0	0	1	0	0	0
339412	93	5	3	0	0	0	0	0	0	0	0	0	0	0	0	0	0	0	0	0	0	0	0
246619	64	42	29	0	2	1	0	0	0	1	0	0	1	1	0	0	0	0	0	0	0	0	0
2862	121	31	29	0	0	0	0	0	0	0	0	0	0	0	0	0	0	0	0	0	0	0	0
50220	747	246	270	2	0	0	0	1	0	0	0	0	1	0	0	4	1	1	0	0	1	0	0
203469	232	57	67	1	1	0	0	0	0	0	1	0	0	0	1	2	0	1	0	1	0	1	0
573149	363	53	47	1	1	0	1	0	1	49	0	1	0	0	1	1	0	1	0	0	0	0	1
201913	101	10	7	0	0	1	0	0	0	0	0	0	0	0	0	0	0	17	0	0	0	1	1
581403	91	40	47	0	2	0	0	0	0	0	0	0	0	0	0	1	0	1	0	0	0	0	0
201687	67	65	72	2	0	0	0	2	0	0	0	0	0	0	0	1	0	1	0	0	0	0	0
253376	49	5	30	2	0	1	2	4	1	0	1	0	0	2	4	2	2	3715	1	1	1	2	0
279355	99	71	38	1	1	0	0	0	0	0	0	0	1	0	1	0	0	1	0	0	1	0	0
220916	32	34	35	0	4	0	0	0	0	0	0	0	0	0	2	0	0	1	1	0	0	0	0
544572	29	35	49	0	0	0	0	0	0	0	0	0	0	0	0	0	0	1	0	0	0	0	0
202171	235	35	144	13	4	2	1	29	3	2	14	1	2	12	4	6	7	15208	0	4	2	2	2
221502	133	95	112	1	0	0	0	1	0	0	0	0	0	0	0	0	0	0	1	0	0	0	0
220676	26	33	27	4	3	0	0	0	0	10	0	0	0	0	0	0	0	0	0	0	1	1	0
251688	0	1	0	0	0	0	0	0	0	0	0	0	0	0	1	0	0	0	12	442	59	0	0
231309	2	1	1	0	0	0	0	0	0	1	0	0	0	8	1	339	662	0	2	0	0	0	0
351708	89	15	63	2	3	1	3	26	0	0	5	0	0	3	1	4	2	7175	0	1	0	3	0
219735	13	51	51	0	0	0	0	0	0	0	0	0	0	0	0	0	0	1	0	0	0	0	0
517627	93	165	196	0	0	0	0	1	0	0	0	0	0	0	0	1	0	6	0	0	0	0	1
576923	0	0	0	4	0	0	1	0	0	1	0	0	0	0	0	1	3	0	20	193	259	0	0
260280	0	1	0	0	0	0	0	0	0	0	0	0	0	0	0	1	0	0	29	6	107	0	0
571999	0	0	0	1	0	0	0	0	0	0	0	0	0	0	0	0	0	0	5	12	189	0	0
554003	2	5	5	2	0	0	0	1	0	0	1	0	0	0	1	1	6	0	130	287	372	0	0
198875	6	20	9	75	5	3	1	1	0	1	2	0	0	4	1	6	12	0	371	2061	6684	26	5
403814	2	0	0	11	0	1	0	0	0	0	0	0	1	0	0	0	3	0	68	216	854	2	2
549187	0	1	0	12	0	0	0	0	0	0	0	0	0	0	0	0	1	0	2	47	510	0	0
276082	0	1	0	2	0	2	1	0	0	1	0	0	0	0	0	0	0	0	16	33	271	1	0
269210	15	63	80	0	0	0	0	0	0	0	0	0	0	0	2	0	0	1	0	0	0	0	0
309556	0	0	1	0	0	1	0	0	0	0	0	0	0	0	0	12	1	0	43	41	17	0	0
65683	11	27	23	8	5	30	0	1	0	0	1	1	1	0	1	1	4	0	8	2	2	4	4
250291	155	132	82	3	7	6	0	1	1	7	0	0	1	0	0	1	1	1	3	1	2	0	0
543366	51	121	104	0	1	6	11	0	1	36	1	2	1	0	1	0	0	0	0	11	1	1	0
286652	37	73	89	0	3	1	0	0	0	0	0	0	0	1	0	0	0	1	1	2	0	0	0
223251	155	105	113	1	0	0	0	0	0	0	0	0	1	0	1	0	0	4	0	1	0	0	0
238340	57	163	174	2	0	0	0	0	0	0	0	0	0	0	0	1	1	4	0	1	0	0	0
211992	180	381	520	1	1	1	0	2	0	0	0	0	1	1	3	0	1	7	0	0	0	1	0
136324	44	106	152	0	0	0	0	0	0	0	0	0	0	0	0	0	0	0	0	0	0	0	0
572899	34	78	78	9	3	0	0	0	1	2	0	0	0	3	0	0	0	0	0	1	1	0	0
224072	38	39	46	2	1	0	0	0	0	0	0	0	0	0	1	0	0	1	0	0	0	0	0
220924	40	77	134	1	1	5	0	2	0	0	1	0	1	0	2	1	0	1	1	0	2	0	0
262812	1	2	7	0	0	0	0	0	0	0	0	0	0	0	0	0	1	0	16	58	21	0	0
518323	0	0	0	0	0	0	0	0	0	0	0	0	0	0	0	0	0	0	3	226	3	0	0
573896	11	51	60	0	0	0	0	0	0	0	0	0	0	0	2	0	0	0	0	0	0	0	0
97060	37	160	167	1	0	0	0	1	0	0	0	0	0	0	1	0	1	3	0	0	0	0	0
281663	172	842	1191	2	0	0	0	5	1	0	0	0	0	0	3	2	0	8	0	0	1	1	2
173965	1	0	0	0	0	0	0	0	3	0	0	62	0	0	0	0	0	0	0	0	0	28	146
470150	0	0	0	61	84	69	0	0	0	0	0	0	0	0	0	0	0	0	0	0	1	0	0
186029	12	0	0	0	1	0	1	0	20	4	0	46	0	0	0	0	0	0	0	0	0	7	976
484296	0	0	1	0	1	0	150	4	1	25	11	0	198	422	0	2	3	0	1	0	0	0	5
529659	0	2	0	2	2	1	186	14	1	66	28	0	157	1169	0	1	0	0	0	1	1	1	1
11372	5	0	0	0	0	0	0	1	0	0	0	208	0	0	0	0	0	0	0	0	3	248	255
593352	2	0	0	0	0	0	0	0	105	0	0	164	0	0	0	0	0	0	0	0	0	0	106
77607	48	55	51	0	0	0	0	0	0	0	0	0	0	0	0	0	0	0	0	0	0	0	0
135349	796	981	766	1	1	0	0	1	2	0	1	0	0	3	5	2	1	5	0	1	0	0	0
76995	289	476	375	3	0	0	0	1	0	0	0	0	0	1	3	0	0	6	0	0	0	0	2
569953	136	152	90	1	0	0	0	0	0	0	0	0	0	0	0	0	0	0	0	0	0	0	1
94574	2872	3496	2884	18	1	0	1	12	0	1	3	0	0	5	21	7	2	25	0	4	0	1	10
75442	54	70	55	0	0	0	0	0	0	0	0	0	0	0	0	0	0	0	0	0	0	1	0
574032	199	253	211	4	1	0	0	1	0	13	0	0	1	1	2	1	1	3	0	1	1	0	0
149649	2	2	6	3	3	6	66	0	0	65	0	1	29	2	0	0	0	0	3	1	0	0	1
209882	2	3	4	1	4	1	16	0	0	48	2	0	43	1	0	0	1	3	17	122	78	0	0
151564	161	191	220	1	0	2	4	0	0	2	1	0	1	1	0	1	0	0	0	9	14	0	0
322856	42	85	48	0	0	0	15	0	0	27	0	0	6	1	1	0	0	0	0	2	0	0	0
560846	430	555	548	0	3	0	4	0	3	20	1	0	4	0	2	2	0	7	0	1	0	0	2
123528	77	120	81	0	0	0	0	0	0	3	0	0	0	0	1	0	0	1	0	3	6	0	0
91949	1031	2401	2457	4	0	1	0	5	0	0	3	0	0	1	16	2	1	5	0	0	0	0	3
577551	14	70	47	0	0	0	0	0	0	0	0	0	0	0	0	0	1	1	0	0	0	0	0
275285	213	772	675	2	1	1	0	2	0	0	0	0	0	1	7	1	0	4	0	0	0	1	1
308664	13	70	46	0	0	0	0	0	0	0	0	0	0	0	1	0	0	0	0	0	0	0	0
84679	8	66	61	0	0	0	0	0	0	0	0	0	0	0	0	0	0	1	0	0	0	0	0
246550	48	5	4	3	0	0	1	0	0	139	0	0	0	1	0	1	0	0	0	0	0	0	0
282718	47	67	82	0	0	0	0	0	0	0	0	0	0	0	0	0	1	0	0	0	0	0	0
535432	4	0	2	0	0	1	0	178	0	0	2	0	1	1	0	0	0	216	0	0	0	0	1
100171	4	2	2	0	0	0	0	232	0	0	5	0	0	0	0	0	0	269	0	0	0	0	0
163720	38	81	122	0	0	0	0	0	0	0	0	0	0	0	1	0	0	1	0	0	0	0	0
542039	21	46	67	1	0	0	0	0	0	0	0	0	0	0	1	0	0	1	0	0	4	0	0
576477	34	101	139	0	0	0	0	0	0	0	0	0	0	0	0	0	0	1	1	0	0	0	0
537151	7	45	53	0	0	0	0	0	0	0	0	0	0	0	1	0	0	0	0	0	0	0	0
143747	21	33	71	0	0	0	0	0	0	0	0	0	0	0	2	0	0	0	0	0	0	0	0
565587	34	74	137	0	0	0	0	1	0	0	0	0	0	0	0	0	0	1	1	0	0	0	0
568807	34	93	175	0	0	0	0	0	0	0	0	0	0	0	0	0	0	0	0	0	0	0	0
250645	27	51	56	0	0	0	0	0	0	0	0	0	0	0	0	0	0	0	0	0	0	0	0
369522	242	40	56	0	1	0	0	0	0	0	0	0	0	0	0	0	0	1	0	0	0	0	1
584471	3	2	3	2	1	1	0	37	0	0	0	0	0	0	1	0	0	139	0	0	0	0	0
221811	51	49	54	0	1	0	0	2	0	0	0	0	0	0	0	0	0	4	0	0	0	0	0
225301	70	37	40	2	0	2	0	0	0	0	0	0	0	0	1	1	0	7	0	0	0	0	1
589390	98	77	77	2	0	0	0	4	1	0	1	0	0	2	0	0	1	998	0	0	0	0	0
241676	86	30	25	0	0	0	0	0	0	0	0	0	0	0	0	0	0	0	0	0	0	0	0
112352	18	52	33	0	0	0	0	1	0	1	1	0	0	0	0	2	1	1	57	350	34	0	0
225404	139	105	138	0	0	0	0	1	0	0	0	0	0	0	0	2	0	1	0	0	0	0	0
541046	0	0	1	0	0	0	0	139	0	0	2	0	0	0	0	0	0	24	0	0	0	0	0
346142	3	0	3	0	0	0	0	679	0	0	7	0	0	1	0	0	0	302	0	0	0	0	0
282711	2720	2926	2030	20	3	2	0	4	0	1	3	0	0	2	17	1	2	6	0	0	0	2	10
286104	373	543	432	3	10	0	12	1	0	43	0	2	6	2	1	0	0	2	1	5	3	0	0
160921	131	63	53	0	0	0	1	1	0	0	0	0	2	0	0	0	0	0	0	0	0	0	0
584527	24	36	6	0	5	1	2	1	0	11	0	0	8	0	0	0	0	0	0	4	2	0	0
207796	42	75	69	0	1	1	10	0	0	5	0	0	0	0	1	0	0	0	0	2	6	0	1
134616	317	425	269	3	0	0	2	1	0	0	0	0	0	0	2	1	0	0	0	4	3	0	1
206278	4792	2918	1939	30	2	0	0	5	0	2	1	0	0	6	17	6	2	15	0	5	0	2	20
212027	48	53	55	2	2	0	0	2	0	0	0	0	6	0	0	0	1	2	1	10	13	1	0
206963	328	363	268	5	0	0	0	2	0	0	1	1	1	1	3	0	1	0	61	66	27	1	0
593363	123	107	103	5	0	0	2	1	0	0	0	0	0	0	0	1	0	0	6	3	8	0	0
256904	17	7	9	0	0	0	0	0	0	0	0	0	0	0	0	0	1	0	18	35	35	0	1
549321	1	0	1	0	0	0	0	0	0	0	0	0	0	0	0	0	0	0	53	47	12	0	0
512939	386	217	253	1	0	0	0	0	0	0	0	0	0	1	1	1	0	1	0	1	0	0	0
218985	72	168	118	0	0	0	0	2	0	0	0	0	4	0	0	3	0	0	1	1	0	0	0
284171	14	78	38	0	0	1	0	0	0	0	0	0	0	0	0	0	0	1	0	0	0	0	0
226939	11	79	55	0	0	0	0	1	0	0	0	0	0	0	0	0	0	1	0	0	0	0	0
553650	0	0	0	0	0	0	0	0	0	0	0	0	0	0	0	0	0	0	3	39	112	0	0
513763	199	2230	2110	2	2	0	0	3	1	0	2	1	0	1	10	0	1	10	0	0	0	0	0
74169	44	269	263	0	0	0	0	1	0	0	0	0	0	0	3	1	0	0	0	0	0	0	0
542211	400	223	228	3	0	0	0	0	0	0	0	0	0	1	2	1	0	0	0	0	1	0	1
573491	505	360	297	3	1	0	0	1	0	0	1	0	0	1	0	0	0	0	0	0	0	0	1
552001	72	48	69	0	0	0	0	1	0	0	0	0	0	0	1	0	0	0	0	0	0	0	0
102361	203	1134	901	2	1	1	1	4	0	0	4	0	0	0	5	1	1	5	0	0	0	1	0
531244	242	1137	1165	1	0	0	0	13	0	1	1	0	0	1	6	1	0	5	0	0	0	0	1
267008	292	1123	1078	0	0	0	0	8	0	0	2	0	0	1	5	1	0	9	0	0	0	2	2
81161	9	49	53	0	0	0	0	1	0	0	0	0	0	0	0	1	0	0	0	0	0	0	0
66912	27	110	42	0	0	0	0	1	0	0	0	0	0	0	0	0	0	2	0	0	0	0	0
210067	525	1785	1407	8	2	1	0	5	2	0	2	0	0	1	10	2	2	9	1	1	1	0	2
162849	44	147	174	2	1	0	0	1	0	0	0	0	0	1	1	0	0	1	0	0	0	0	0
235963	15	71	69	0	0	0	0	0	0	0	0	0	0	0	1	0	0	0	0	0	0	0	0
100980	118	109	39	1	0	0	0	0	0	0	0	1	0	1	0	0	0	0	0	0	0	0	0
576076	1244	978	607	4	0	0	0	3	0	0	0	0	0	1	5	3	0	3	0	0	0	0	6
166011	158	569	434	0	1	0	0	1	0	0	1	0	0	0	4	1	1	4	0	0	0	0	0
170927	56	246	210	1	0	0	0	1	0	0	0	0	0	0	2	0	0	0	0	0	3	0	0
214216	0	0	0	1	0	0	0	0	0	0	0	0	0	0	0	0	1	0	0	94	146	1	0
570248	66	166	247	1	0	0	0	3	0	0	0	0	0	1	1	0	0	2	0	0	0	0	1
509572	12	58	50	0	0	1	0	1	0	0	0	0	0	0	0	1	0	0	3	1	6	0	0
553966	112	437	542	1	0	1	0	3	0	0	2	0	0	0	5	0	0	6	0	3	1	1	0
277874	48	142	126	0	1	0	0	1	0	0	0	0	0	1	0	0	0	0	0	0	1	0	1
69761	16	81	48	0	0	0	0	1	0	0	0	0	0	0	0	0	0	0	0	0	0	0	0
264526	157	527	548	2	0	0	0	3	0	0	0	0	0	0	1	0	0	3	0	0	0	0	0
102061	23	142	117	0	0	0	0	0	0	0	0	0	0	0	1	0	0	1	0	0	1	0	0
2742	833	2648	2175	4	0	2	0	9	2	0	1	0	0	2	13	4	1	7	1	0	0	0	1
47263	479	1461	1152	2	0	1	0	3	0	0	0	0	0	2	6	2	1	5	11	50	11	0	3
101137	22	121	114	0	0	0	0	0	0	0	0	0	7	0	2	0	0	1	0	0	0	0	0
2745	129	514	610	2	0	0	0	1	0	0	0	0	0	0	4	2	1	4	0	1	0	0	0
83666	214	717	557	1	0	0	0	2	1	0	1	0	0	1	2	0	1	0	1	0	0	0	0
143650	515	1049	1075	3	0	0	0	4	0	1	0	0	0	1	7	0	1	8	0	0	1	0	0
284052	1353	5767	6494	10	2	1	1	28	2	1	8	0	0	7	39	4	2	32	3	12	15	0	7
511535	8	100	80	1	0	0	0	1	0	0	1	0	0	1	0	0	0	0	0	0	0	0	0
278445	38	174	74	0	0	0	0	0	0	0	0	0	0	0	0	0	0	1	0	0	0	1	0
2744	15	78	48	0	0	0	0	0	0	0	0	0	0	0	0	0	0	1	0	0	0	0	0
544167	30	124	105	0	0	0	0	0	0	0	0	0	0	0	1	0	0	0	0	0	0	0	0
194108	39	157	91	0	0	0	0	1	0	0	0	0	0	0	1	0	0	1	0	0	1	0	0
143935	98	272	192	2	0	0	0	1	0	0	1	0	0	0	1	0	0	2	1	2	1	1	0
564996	348	1269	838	3	0	0	0	3	0	2	1	0	0	1	7	1	0	6	0	1	0	0	0
563567	244	938	1065	5	0	2	0	10	0	0	4	1	1	3	6	8	12	9	575	195	257	4	0
251287	164	802	955	2	0	1	0	4	1	0	2	0	0	1	5	0	0	6	1	3	6	0	0
573498	71	377	422	1	0	0	0	1	0	0	0	0	0	1	1	0	0	2	3	44	21	1	1
565564	20	137	128	33	2	3	5	1	0	2	4	1	0	2	2	6	15	1	581	2445	2980	6	2
562167	1	5	13	0	0	0	0	0	0	0	0	0	0	0	0	0	0	1	29	92	183	0	0
559525	11	73	51	0	0	0	0	0	0	0	0	0	0	0	0	0	0	3	2	2	0	0	0
278709	13	86	91	0	0	0	0	1	0	0	0	0	0	0	0	3	0	1	6	111	43	0	0
548078	11	50	51	0	0	0	0	0	0	0	0	0	0	0	0	0	0	1	2	1	0	0	0
220556	162	650	793	0	1	1	1	4	0	0	5	0	0	0	4	1	0	7	0	0	5	0	1
162841	561	2369	2254	6	0	0	1	10	1	0	0	1	0	0	7	0	1	12	1	6	23	0	2
534587	866	3275	3335	5	0	2	1	6	0	0	2	0	1	1	19	1	0	15	0	0	0	1	1
590201	1	2	0	5	0	0	0	0	0	0	0	0	0	0	0	2	5	0	56	348	304	0	0
274885	0	7	8	2	0	0	0	0	0	0	0	0	0	0	0	2	0	0	4	333	266	1	0
72863	70	240	295	0	0	1	0	2	0	1	0	0	0	1	1	0	2	1	6	4	2	0	0
581965	943	4521	4851	9	3	1	0	40	1	2	4	0	0	3	31	8	2	35	21	14	13	4	3
541573	0	0	0	2	0	0	0	0	0	0	0	0	0	0	0	12	0	0	12	7	115	0	0
260455	602	1794	1717	7	0	0	0	7	0	0	0	1	1	5	9	5	0	11	0	0	1	0	1
208032	168	839	708	2	0	1	0	4	0	0	1	0	0	0	4	0	3	4	0	0	0	0	0
555305	397	1177	1167	1	1	0	0	14	0	0	1	0	0	0	5	2	0	8	0	0	0	1	0
563339	64	124	109	0	0	0	0	0	0	0	0	0	0	0	0	0	0	2	0	0	0	0	0
552873	82	222	247	1	0	0	0	0	0	0	0	0	0	0	2	0	0	4	0	0	0	0	0
348818	16	23	17	4	0	0	0	0	0	0	0	0	0	0	2	0	0	0	2	25	206	0	0
551071	82	339	312	0	0	0	0	2	0	0	1	0	0	0	2	1	0	4	0	0	0	0	0
211661	112	576	355	0	0	0	0	8	0	0	1	0	0	0	3	1	0	3	0	0	1	0	0
143557	28	222	153	0	0	0	0	0	0	0	1	0	0	0	1	0	0	2	0	0	0	0	0
203941	37	94	96	1	0	0	0	0	0	0	0	0	0	0	1	0	0	0	0	0	0	0	0
143216	43	166	109	0	0	0	0	0	0	0	0	0	0	0	3	0	0	0	0	0	0	0	0
542855	133	317	238	2	0	0	0	2	0	0	0	0	0	1	1	1	0	1	0	0	0	0	1
154220	21	85	57	0	0	0	0	0	0	0	0	0	0	0	0	0	0	0	0	0	0	0	0
330804	38	110	84	1	1	0	0	0	0	0	0	0	0	0	0	0	0	2	0	0	0	0	0
113017	94	317	218	4	0	0	0	1	0	0	0	0	0	1	1	0	0	3	0	0	0	0	0
533646	116	263	250	0	1	0	0	4	0	0	1	0	0	0	4	0	1	1	0	0	0	0	0
361865	31	48	25	0	0	0	0	0	0	0	0	0	0	0	0	0	0	0	0	0	0	0	0
142371	6	22	5	0	0	0	0	1	0	0	0	0	0	0	0	0	1	0	2	79	27	0	0
184557	15	55	53	0	0	0	0	1	0	0	0	0	0	0	0	0	0	0	0	0	0	0	0
533639	58	186	185	3	0	0	0	2	0	0	0	0	0	0	1	0	1	2	1	7	62	0	0
173719	16	42	61	0	0	0	0	0	0	0	0	0	0	0	0	0	0	1	0	0	0	0	0
102457	106	368	264	0	0	0	0	0	0	0	0	0	0	0	0	0	3	1	0	1	0	0	0
322996	2	26	24	2	1	1	0	2	1	0	1	0	0	5	1	6	10	1	205	1564	76	1	0
233441	370	738	517	3	0	0	0	2	0	0	1	0	0	0	5	0	0	3	0	0	0	0	0
73998	0	0	0	0	0	0	0	0	0	0	0	0	348	23	0	0	0	1	0	0	0	0	0
250288	0	0	0	0	0	0	237	1	1	3	11	0	479	272	0	0	0	0	0	0	0	0	0
325608	66	9	4	18989	16459	15828	2	8	862	88	4	86	2	16	1	7	3	5	31	11	157	1283	205
138368	13	34	39	0	0	0	1	0	0	1	0	0	8	0	1	0	0	0	0	1	0	3	0
510994	14	34	32	6	3	1	65	3	510	156	2	266	20	12	1	0	1	2	2	172	162	3845	383
515620	0	0	0	1	0	0	0	2	0	61	32	0	1193	583	0	0	1	2	0	0	0	0	3
89770	0	0	0	0	0	1	9	0	4	0	1	441	38	16	0	0	0	0	0	0	0	1	0
44695	0	0	0	59	82	61	0	0	0	0	0	0	0	0	0	0	0	0	0	0	0	0	1
295560	0	0	0	37	49	29	0	0	0	0	0	0	1	0	0	0	0	0	0	0	0	0	0
344553	1	0	0	439	513	394	0	0	0	0	0	0	0	0	0	0	0	0	0	0	4	1	1
193066	0	1	1	10	2	2	0	3	742	29	4	3344	4	31	1	1	1	0	0	2	98	10440	131
182202	0	1	0	0	0	0	9	0	49	42	0	112	2	0	0	0	0	0	0	36	75	112	2
319790	14	40	37	0	0	0	0	0	0	0	0	0	79	0	0	0	0	0	0	1	3	0	0
298875	165	19	17	49169	75656	51551	55	27	23	7	18	16	42	28	5	31	20	14	118	6	358	61	37
301680	1	0	0	136	173	160	1	0	2	0	0	0	0	0	0	1	0	0	0	0	2	4	0
308502	0	1	0	534	648	448	2	0	1	0	0	2	8	4	0	3	0	0	1	10	13	6	3
146485	0	0	0	0	0	0	0	0	11	0	0	89	0	0	0	0	0	0	0	0	0	74	0
66939	29	53	53	0	0	0	0	0	0	0	1	0	0	0	0	0	0	0	0	0	0	0	0
14157	0	1	0	0	0	0	145	0	0	36	1	0	379	8	0	0	1	0	0	0	0	0	1
224206	54	40	38	0	0	0	0	0	0	0	0	0	0	0	0	0	0	0	0	0	0	0	0
187802	0	0	0	0	0	0	0	0	7	0	0	2	0	1	0	0	0	0	0	0	0	96	278
212304	3	0	0	1	0	0	0	0	100	1	0	283	1	0	0	0	0	0	0	1	4	108	320
552238	1	0	0	0	0	0	0	0	7	0	0	17	0	0	0	0	0	0	0	0	0	99	50
589746	1	0	0	0	0	0	0	0	0	38	28	1	377	510	0	1	0	0	0	0	0	1	1
215890	2	0	0	0	1	1	8	1	22	86	0	3601	7	1	0	0	0	0	0	0	1	9	1
109334	0	0	0	0	0	0	2	0	8	45	0	119	5	0	0	0	0	0	0	0	0	2	5
46159	0	0	0	1	1	0	45	2	1	11	21	5	213	282	0	0	0	0	0	0	0	1	6
14163	0	0	0	0	0	0	1	0	0	27	0	1	469	9	0	0	0	0	0	0	0	1	0
229761	1	0	0	0	0	0	0	0	51	0	0	41	0	0	0	0	0	1	0	0	0	72	62
584294	44	374	279	0	0	0	0	0	0	0	0	0	0	0	0	0	1	0	0	0	0	0	0
160284	2	1	0	0	1	0	2	1	18	129	0	2993	643	3	0	0	0	0	0	0	0	40	1
405524	1	1	0	1	0	2	40	4	145	111	1	11363	227	8	2	1	2	1	0	0	0	13	3
68341	0	0	0	0	0	0	0	0	2	33	0	107	52	1	0	0	0	0	0	0	0	13	0
179165	0	0	0	0	0	0	2	0	0	0	0	4	219	0	0	0	0	0	0	0	0	2	1
426785	0	0	0	0	0	0	3	0	7	69	0	1034	64	0	0	0	0	0	0	0	0	8	1
268507	0	0	0	0	0	0	1	0	1	0	0	110	0	0	0	0	0	0	0	0	0	1	0
266777	0	0	0	0	0	1	0	0	53	48	0	395	26	2	0	0	0	0	0	0	0	7	0
565812	1	0	0	0	0	0	143	2	22	2448	2	347	1829	3	1	0	2	2	0	1	1	33	8
14277	0	1	1	0	0	0	10	0	1	5	0	205	47	0	0	0	0	0	0	0	0	7	0
182104	1	1	0	1	1	2	99	0	9	123	0	3271	1016	4	0	0	1	0	0	0	0	51	16
83175	0	0	1	0	0	0	15	0	1	29	2	397	48	0	0	0	0	0	0	0	0	4	1
364655	0	1	0	0	0	0	0	0	1	3	0	156	4	0	0	0	0	0	0	0	0	7	1
86757	1	6	0	3	0	4	917	8	81	6229	6	2795	3162	8	0	1	2	1	1	0	1	77	47
275891	0	1	1	2	1	0	1	2	19	113	0	4665	294	3	0	1	0	2	0	0	1	22	0
448819	0	0	0	34	36	29	81	0	4	298	2	1234	358	0	0	0	0	0	0	0	1	12	2
359171	155	11	4	37170	35967	31361	360	14	17	523	15	13	371	27	2	14	25	8	100	7	314	73	13
469655	0	0	0	1	0	0	11	0	6	794	0	133	498	0	0	0	1	0	0	0	0	20	0
218121	0	1	0	0	0	0	76	0	2	431	0	0	72	0	0	0	0	1	0	0	0	2	1
190690	0	3	0	0	0	0	55	0	11	177	0	476	775	0	0	0	0	1	0	0	0	7	0
492843	0	0	0	0	1	0	8	0	5	284	0	90	439	1	0	0	0	0	0	0	0	5	0
307370	2	1	1	1	1	0	99	5	0	5145	3	1	3913	6	0	1	1	1	1	0	2	1	0
14290	0	0	1	0	0	0	84	0	0	1637	0	1	1105	3	0	0	1	0	0	1	1	1	0
357533	1	0	0	0	0	0	238	1	5	402	1	17	558	1	0	0	0	0	1	0	0	0	0
367842	0	0	0	0	0	0	0	0	1	0	0	56	154	0	0	0	0	0	0	0	0	0	0
212128	1	1	0	0	1	1	0	1	11	156	0	4319	59	1	0	0	0	0	0	0	2	3	2
500281	0	0	0	0	0	0	227	0	0	30	38	0	52	27	0	0	0	0	0	0	0	0	0
181489	0	1	0	0	0	0	134	1	1	73	3	1	2018	38	0	0	0	0	0	0	0	2	7
259130	4	0	0	0	0	0	0	0	0	0	0	0	0	1	0	0	0	0	0	0	1	58	619
469661	31	4	1	10282	8000	8652	0	0	1	0	7	5	2	4	1	8	4	5	26	0	65	23	39
267192	72	9	4	22942	16573	16124	0	7	6	1	6	9	20	17	4	7	9	4	32	7	130	22	9
287160	693	2718	1680	5	3	1	13	4	2	0	2	0	2	3	11	2	2	13	1	15	13	0	1
589921	28	132	96	0	0	0	0	0	0	0	0	0	0	0	0	0	0	0	0	0	0	0	0
183481	55	190	207	0	0	1	0	0	0	0	0	0	0	0	1	0	0	5	0	0	0	0	0
16145	142	745	680	3	0	0	0	3	0	0	0	0	0	2	5	0	0	2	1	1	0	1	0
224769	124	676	590	0	0	0	0	1	0	0	1	1	0	1	5	1	0	6	0	0	1	0	1
104466	189	1049	666	2	0	0	0	1	0	0	0	0	0	1	4	2	1	2	1	0	0	0	1
587690	19	50	35	0	0	0	0	0	0	0	0	0	0	0	0	0	0	2	0	0	2	0	0
346780	19	4	2	3898	3016	3185	2	5	3237	48	3	2380	10	3	1	4	4	2	15	69	165	309	200
579564	70	103	136	51	39	38	0	2	1936	14	0	832	10	3	0	0	0	2	1	11	5	37	271
248563	0	1	1	1	1	0	0	0	127	25	0	51	0	0	0	0	0	0	1	44	114	76	0
295190	1	0	0	0	0	0	20	0	0	0	0	0	63	0	0	5	1	0	0	38	15	0	0
591496	35	230	190	0	0	0	0	0	0	0	0	0	0	0	1	0	0	2	0	7	9	0	0
49549	48	152	132	0	0	0	1	2	0	0	0	0	0	0	1	0	1	2	0	7	1	0	0
16227	22	52	56	0	0	0	0	0	0	0	0	0	0	0	0	0	0	1	0	2	0	0	0
16239	47	114	119	0	0	0	0	0	0	0	0	0	0	0	1	0	1	1	0	0	0	0	0
206881	0	0	0	0	0	0	0	0	253	0	0	59	0	0	0	0	0	0	0	0	5	357	79
587566	51	26	27	0	0	0	0	0	0	0	0	0	0	0	0	0	0	0	0	0	0	0	0
227369	0	0	0	1	0	0	0	0	1462	3	0	1	0	0	0	0	0	1	0	0	0	0	1
165334	8	6	7	11	10	7	2	15	19	4	11	14	92	20	3	1	7	6	0	4	3	6	4
549577	0	0	0	1	1	0	0	1	1239	0	0	0	8	2	0	0	0	0	0	1	0	0	0
320073	4	7	5	15	5	5	3	12	1491	4	5	8	65	7	4	4	2	8	0	2	3	3	4
319455	1	0	0	0	0	0	0	0	15	0	0	38	0	0	0	0	0	0	0	0	0	196	59
544392	0	0	0	0	1	0	0	0	21	0	0	141	0	0	0	0	0	1	0	0	1	283	11
213762	0	0	0	0	0	2	0	0	249	0	0	41	0	0	0	0	0	0	0	0	1	7	0
178618	1	0	0	0	0	0	0	0	177	0	0	86	0	0	0	0	0	0	0	0	0	1	1
368252	1	1	0	1	1	0	0	1	324	0	0	290	0	0	0	0	1	0	0	0	5	458	12
187767	0	0	1	2	2	0	0	0	1800	0	0	2	4	2	0	0	0	0	0	0	0	0	1
363519	0	0	0	0	0	0	0	0	297	0	0	59	0	0	0	0	0	0	0	0	0	0	1
296695	2	0	0	1	0	0	0	0	353	0	0	149	1	2	0	0	0	0	0	0	6	558	139
204932	4	1	0	1	0	0	0	0	607	0	0	198	0	4	0	0	0	0	0	0	8	844	381
191905	6	0	0	0	0	0	0	0	1	0	0	1	0	0	0	0	0	0	0	1	0	8	683
549871	1	4	3	2	2	1	0	6	17317	11	4	6280	55	14	1	1	5	1	0	1	3	5	2
212288	0	0	2	0	0	0	0	0	64	0	0	121	0	0	0	0	0	0	0	0	2	295	4
292758	0	0	0	0	0	0	0	0	368	1	0	0	3	0	0	0	0	0	0	0	0	1	0
195998	0	0	0	0	0	0	0	0	2	0	0	0	0	1	0	0	0	0	0	0	1	103	4
365302	0	0	0	0	0	0	0	0	0	0	0	4	0	0	0	0	0	0	0	0	0	143	2
587360	16	217	118	0	1	0	0	0	0	0	0	0	0	0	1	0	1	0	0	0	1	0	0
591475	14	34	70	0	0	0	0	0	0	0	0	1	1	0	0	0	0	0	0	0	0	0	0
532875	28	83	76	1	0	0	0	0	0	0	0	0	0	0	3	0	0	0	0	5	0	0	0
578409	30	46	68	0	0	0	0	0	0	0	0	0	0	0	1	0	0	0	0	0	0	0	0
358030	0	0	0	0	0	0	0	0	3	0	1	0	0	0	0	0	0	0	0	0	3	316	4
69664	0	0	0	0	0	0	0	0	2	0	1	291	0	1	0	0	0	0	0	0	0	1	0
325962	18	202	118	0	0	0	0	0	0	0	0	0	0	0	0	0	0	0	0	0	0	0	0
65412	26	155	80	0	0	0	0	0	0	0	0	1	0	0	0	0	0	0	0	0	0	0	0
399586	1	0	0	0	0	0	264	1	18	148	99	228	326	24	0	0	0	6	0	0	2	0	1
177704	0	0	0	0	0	0	0	0	3	13	0	648	0	1	0	0	1	0	0	1	0	2	0
366882	1	0	1	2	0	1	0	3	8406	9	2	2	1	0	0	1	0	2	0	0	0	0	0
167872	1	0	0	0	0	0	0	1	458	0	0	0	1	0	0	0	0	0	0	1	0	5	278
230437	1	0	0	0	0	0	0	4	4361	20	0	3	5	4	0	0	3	1	0	1	0	0	1
348897	8	3	3	7	4	5	2	8	53	1	5	15	61	10	5	4	1	4	0	1	0	4	3
49406	0	0	0	0	0	0	0	0	676	0	1	895	0	0	0	0	1	1	0	0	0	0	0
523404	0	0	0	0	1	0	0	0	1	0	0	1354	0	0	0	1	0	0	0	0	0	1	1
565565	0	2	1	1	0	0	0	4	3803	1	0	0	1	0	0	0	0	0	0	0	0	0	0
204351	0	0	0	0	0	0	0	1	95	0	1	1108	0	1	0	1	0	0	0	0	0	1	0
209103	0	0	1	0	0	0	0	1	1199	4	0	0	0	1	0	0	0	1	0	0	1	0	0
522130	0	2	0	0	0	0	0	0	0	0	0	453	2	1	0	0	0	0	0	0	0	0	0
196795	0	0	0	0	0	0	0	0	0	47	0	2715	0	1	0	0	1	0	0	0	0	0	0
255669	0	0	0	0	0	0	70	3	27	22	49	59	117	816	0	0	0	3	0	0	0	0	0
21195	0	0	0	0	0	0	0	0	0	0	0	5	0	0	0	0	0	0	0	0	0	7	109
186654	0	0	0	1	0	0	0	0	0	0	0	3	0	0	0	0	0	0	0	0	1	12	165
184208	1	0	0	2	0	1	0	0	285	2	0	2	0	2	0	0	0	0	0	0	9	1080	10
170124	0	0	0	0	1	0	0	1	151	1	0	384	2	0	0	0	1	0	0	0	7	263	5
198941	0	0	0	1	1	0	0	1	658	8	0	2113	3	1	0	1	0	0	0	0	1	11	0
187846	0	0	0	0	0	0	0	0	5	0	0	62	0	1	0	0	0	0	0	0	2	57	40
158946	2	0	0	1	1	0	0	1	9	0	0	21	0	0	0	0	0	0	0	0	0	98	79
191553	0	0	0	0	0	0	0	0	43	0	0	189	0	0	0	0	0	0	0	0	0	2	2
510817	0	0	0	1	0	0	0	0	87	0	0	1	0	1	0	0	0	0	0	0	5	424	10
544358	0	1	1	3	4	1	0	2	239	4	1	7141	7	5	0	2	3	1	0	0	0	8	12
302160	8	3	2	7	4	4	2	13	8901	33	3	5478	13	7	0	2	1	1	1	0	2	21	387
177113	0	0	0	2	0	2	0	0	34	0	1	130	0	0	0	0	0	0	0	0	5	297	48
204282	0	0	0	1	1	2	0	0	5	0	0	569	0	0	0	0	0	1	0	0	0	45	0
192573	934	20	8	60	23	27	2	20	829	108	25	12676	33	80	1	10	14	10	0	7	319	34569	129499
300851	0	0	0	1	0	1	0	0	8	0	0	133	0	0	0	0	0	0	0	0	0	8	1
114348	0	0	0	3	2	7	0	0	70	0	0	74	0	0	0	0	0	0	0	0	0	50	7
204093	0	0	0	0	0	0	0	1	115	0	0	239	0	0	0	0	0	0	0	0	0	42	1
158027	0	1	0	0	0	0	0	0	4	0	0	1	0	0	0	0	0	0	0	0	2	221	3
206906	0	0	0	1	0	0	0	0	342	1	0	713	0	1	0	0	0	0	0	0	2	193	79
165261	8	0	1	1961	1430	4538	0	1	167	0	1	661	0	0	0	1	0	1	7	2	16	587	325
469744	0	0	0	133	136	123	0	0	32	0	0	165	0	0	0	0	0	0	1	0	0	1	1
180565	0	0	0	0	0	0	0	0	139	0	0	1	0	0	0	0	0	0	0	0	0	5	3
435679	0	0	0	0	0	0	0	0	44	0	0	37	0	1	0	0	0	0	0	0	1	183	1
420351	0	0	0	0	0	0	0	0	80	0	0	155	0	0	0	0	0	0	0	0	0	27	3
208543	0	0	0	0	0	0	0	0	97	0	0	3	0	0	0	0	0	0	0	0	0	0	1
34823	0	0	0	0	0	0	0	1	51	0	0	171	4	0	0	0	0	0	0	0	0	13	120
296949	0	0	0	0	0	0	0	0	26	0	0	108	0	0	0	0	0	0	0	0	0	6	4
95502	1	0	0	0	1	1	0	0	155	0	0	201	0	0	0	0	0	0	0	0	0	35	7
368752	0	0	1	0	0	0	0	0	172	0	0	56	0	1	0	0	0	0	0	0	0	0	1
213306	0	0	0	0	0	1	0	0	7	0	0	46	0	1	0	0	0	0	0	0	0	41	75
175497	2	0	1	9	5	8	2	3	7	0	3	2	22	25	2	1	3	3	0	0	87	8810	123
554883	0	0	0	1	0	0	0	0	72	0	0	90	0	0	0	0	0	0	0	0	0	73	1
263461	2	0	0	2	1	3	0	1	257	3	1	2	13	8	0	2	1	1	0	1	41	4473	217
195102	6	1	0	2	1	1	0	2	2044	2	2	1	8	3	0	1	0	0	0	0	0	5	473
593486	0	0	0	0	0	0	0	1	96	0	0	137	0	0	0	0	0	0	0	0	0	70	31
165734	1	0	0	2	0	0	0	0	647	0	1	1132	0	1	0	0	0	0	0	0	9	706	77
158222	0	0	0	1	0	1	0	0	18	1	0	39	0	6	0	0	1	0	0	1	14	1342	15
548032	0	0	0	1	0	0	0	0	92	0	0	57	0	0	0	0	0	0	0	0	0	163	16
205531	0	0	0	0	1	0	0	1	248	0	0	1	0	0	0	0	0	0	0	0	0	0	0
580270	1	2	0	2	0	0	0	0	115	0	2	98	0	0	0	0	1	0	0	1	3	438	48
207983	0	1	0	0	0	0	0	0	443	0	0	2062	1	1	0	1	1	1	0	0	1	101	6
112837	0	0	0	0	0	0	0	0	190	0	0	159	0	0	0	0	0	0	0	0	0	0	5
193632	0	0	2	3	0	3	0	5	1636	1	1	2278	18	5	0	2	2	0	0	0	1	12	34
301943	2	0	0	0	0	0	0	0	526	0	0	0	0	0	0	0	0	0	0	0	1	26	279
203545	2	0	1	0	0	0	0	1	1429	0	2	0	16	1	0	1	0	2	0	0	0	19	529
302974	4	1	0	1	2	1	5	3	5960	1	2	6	13	3	0	0	0	3	0	1	0	2	232
296377	0	0	0	2	0	0	0	0	283	0	0	1	1	0	0	1	0	0	0	1	4	352	3
209475	0	0	0	0	0	0	0	0	68	0	0	38	0	0	0	0	0	0	0	0	0	19	0
215231	0	0	0	0	1	0	0	0	37	0	0	217	0	0	0	0	0	0	0	0	0	0	0
302377	0	0	0	1	0	0	0	0	1	0	0	393	0	0	0	0	0	0	0	0	0	0	0
322956	3	0	0	0	0	0	0	0	681	0	0	0	1	0	0	0	0	0	0	0	0	2	117
216862	4	1	0	1	0	0	0	0	310	0	0	1078	2	10	0	0	0	0	0	0	20	2733	249
204625	0	0	0	0	0	0	0	0	68	0	0	0	1	0	0	0	0	0	0	0	1	31	1
295890	0	2	0	0	0	0	0	1	41	0	0	118	0	0	0	0	0	0	0	0	0	3	0
208377	0	1	2	0	0	0	0	0	330	0	0	1466	0	0	0	0	1	0	0	0	0	2	0
205241	1	0	0	2	0	1	0	1	74	0	0	62	0	0	0	0	0	0	0	0	0	49	149
175959	0	0	0	0	0	0	0	0	3	0	0	20	0	1	0	0	0	0	0	0	1	200	3
355197	0	0	0	49	37	37	0	0	3	0	0	18	0	0	0	0	0	0	0	0	0	5	23
194648	79	0	0	12	3	1	4	2	418	25	4	4743	0	11	1	1	0	3	0	0	28	2905	11801
191796	6	0	0	0	1	0	0	0	0	0	0	18	0	0	0	0	0	0	0	0	2	41	625
179989	0	0	1	0	0	0	0	0	0	0	0	256	0	0	0	0	0	0	0	0	0	5	2
296257	0	0	0	0	1	0	0	1	1	0	1	0	16	3	0	0	0	0	0	0	0	12	521
190454	0	1	0	0	0	1	0	0	0	0	0	118	0	1	0	0	0	0	0	0	0	1	0
14010	0	0	0	0	0	0	98	1	0	1	2	0	134	8	0	0	0	0	0	0	0	0	0
199013	1	0	0	3	1	0	0	0	210	6	1	915	1	3	0	0	1	0	0	0	7	686	12
231128	0	0	0	0	0	0	0	0	28	0	0	71	1	0	0	0	0	0	0	0	1	192	19
319153	3	0	0	1	0	0	0	0	221	4	0	83	0	0	0	1	0	0	0	0	1	184	539
174911	1	0	0	23	21	26	0	0	1	0	0	513	1	0	0	0	0	0	0	0	0	0	12
562033	0	0	1	22	19	19	0	1	2	1	0	8	0	0	0	0	0	0	1	0	0	15	37
297819	0	0	0	49	45	56	0	0	0	0	0	0	0	0	0	0	0	0	0	0	0	0	0
195173	65	3	1	6	4	3	0	0	442	10	7	2244	2	4	0	0	0	1	0	0	10	1305	11440
198536	0	0	0	0	1	0	0	0	2	0	0	12	0	0	0	0	0	0	0	0	0	7	95
16853	0	0	0	1	0	0	0	0	0	1	0	26	0	0	0	0	0	1	0	0	0	92	25
299066	0	0	0	0	0	0	0	0	9	0	0	31	0	1	0	0	0	0	0	0	2	81	7
177986	4	0	0	1	0	0	0	1	1	0	1	0	0	0	0	0	0	0	0	0	0	27	1088
192396	1	0	0	72	59	48	0	0	2	0	0	5	0	0	0	0	0	0	0	0	1	3	17
186717	3	1	0	467	304	564	0	0	33	0	2	59	0	1	0	0	0	0	2	0	5	334	560
287978	198	8	4	14	7	13	9	4	1140	32	9	5542	8	17	1	3	3	0	1	2	27	2914	29992
325236	0	0	0	0	0	0	0	2	0	2	13	1	93	479	0	0	0	0	0	0	0	0	1
179807	15	0	1	5	4	2	0	0	121	0	1	1835	1	1	0	0	0	0	0	0	0	12	1197
317226	3	0	0	32	28	34	0	0	76	0	0	208	0	0	0	0	0	0	0	0	6	257	704
508984	0	0	0	36	27	33	0	0	0	0	0	4	0	0	0	0	0	0	0	0	1	6	3
214980	0	0	0	6	4	3	0	0	818	0	0	14	1	0	0	0	0	0	0	0	0	0	2
364261	0	0	0	5	3	3	0	0	110	0	0	8	2	0	0	0	0	0	0	0	0	5	1
204072	0	0	0	2	1	1	0	0	116	0	1	278	2	0	0	0	0	0	0	0	0	3	3
97679	6	0	0	467	302	501	0	0	7	0	0	197	0	1	0	0	1	0	1	0	7	344	306
103782	0	0	0	1	1	1	0	0	2	0	0	1095	0	0	0	1	0	0	0	0	0	4	3
317041	1	1	0	0	0	0	0	0	0	0	0	3	0	1	0	0	0	0	0	0	0	14	100
329662	3	1	0	1415	1095	1268	0	0	29	0	2	50	0	1	0	0	0	0	2	1	10	25	291
303897	0	0	0	97	83	107	0	0	2	0	0	2	0	0	0	0	0	0	1	0	0	0	23
310490	0	0	0	0	0	1	0	0	11	0	0	39	0	0	0	0	0	0	0	0	3	69	81
299390	4	0	0	4125	2951	3465	0	3	16	3	0	20	1	4	0	1	1	1	4	0	32	19	24
290362	0	0	0	54	42	42	0	0	0	0	0	1	0	0	0	0	0	0	0	0	0	0	0
369814	0	0	0	3	1	5	0	0	2	0	0	7	20	0	0	0	0	1	0	0	1	48	34
318444	32	1	2	6155	4418	5143	0	1	26	4	1	19	4	4	0	5	3	2	11	2	40	25	35
302128	1	0	0	0	0	0	0	0	27	0	0	6	0	0	0	0	0	0	0	0	0	37	164
291684	2	0	0	116	89	88	0	0	1	0	0	1	0	0	0	0	0	0	0	0	1	4	2
289555	0	0	0	48	40	49	0	0	0	0	0	1	0	0	0	0	0	0	0	0	2	0	1
560070	2	0	0	303	202	304	1	0	9	0	0	41	1	8	0	0	0	0	0	0	2	122	99
199487	92	1	2	12	6	9	2	4	213	28	7	4271	24	27	1	2	2	1	0	2	105	11209	13662
190108	38	2	0	9	7	6	0	1	193	13	2	2068	0	3	0	0	1	0	0	1	11	1214	5121
22923	2	0	1	1	1	0	0	0	2	0	0	6	0	0	0	0	0	0	0	0	1	51	788
296977	1	0	0	1	0	1	0	0	7	0	0	52	0	0	0	0	0	0	0	0	1	44	201
359500	3	0	0	0	0	0	0	0	0	0	0	8	0	0	0	0	0	0	0	0	0	15	304
344947	0	0	0	0	0	0	0	0	20	10	0	94	1	0	0	0	0	0	0	0	1	0	0
348259	2	0	0	2	4	1	0	0	0	0	0	2	2	0	0	0	0	0	0	0	0	17	370
534244	1	0	0	3	3	2	0	0	103	5	0	656	6	5	0	0	0	0	0	0	12	884	160
179436	5	0	0	2	3	3	0	0	0	0	0	6	0	0	0	0	0	0	0	0	0	18	901
175586	1	0	1	2	3	2	0	0	0	0	0	1	0	0	0	0	0	0	0	0	1	5	109
180905	22	1	1	1194	815	919	1	2	2	1	1	594	2	4	0	0	2	0	5	3	8	41	2858
318504	4	0	0	3	0	0	0	0	1	0	0	57	0	2	0	1	0	1	0	0	2	196	656
384505	0	0	0	72	50	55	0	0	0	0	0	0	0	0	0	0	0	0	0	0	1	1	0
177349	1	0	0	0	0	0	0	0	2	0	0	19	0	0	0	0	0	0	0	0	1	43	144
469888	6	0	0	0	0	3	0	0	5	0	0	53	0	0	0	0	0	0	0	0	0	28	831
290501	3	0	0	1	0	0	0	0	20	0	0	67	0	0	0	0	0	0	0	0	0	2	173
99566	0	0	0	2	0	1	1	0	2	0	0	16	0	0	0	0	0	0	0	0	0	56	428
196932	2	0	0	325	238	366	0	0	0	0	0	1	0	0	0	0	0	0	0	0	0	1	0
194745	3	0	0	2	0	0	0	0	3	3	0	1058	8	0	1	0	1	0	0	0	2	110	450
195034	8	1	0	3	2	3	1	0	5	0	0	110	0	0	0	0	0	0	0	0	2	234	1033
191306	16	1	0	2	2	3	1	0	45	0	3	328	0	7	0	0	0	1	0	1	22	2543	2290
198922	1	0	0	3	5	3	0	0	1	0	1	23	0	0	0	0	0	0	0	0	1	41	282
177101	5	0	0	0	1	1	0	0	2	0	0	16	0	0	0	0	1	0	0	0	2	63	235
576954	2	0	0	0	0	0	0	0	0	0	0	19	0	0	0	0	0	0	0	0	2	43	138
324163	5	0	0	0	1	1	0	0	1	0	1	49	0	0	0	0	0	0	0	0	0	123	502
360660	1	0	0	0	0	0	0	0	2	0	0	9	0	0	0	0	0	0	0	0	1	27	108
183824	5	0	0	3	0	1	0	0	9	0	0	67	0	0	0	0	0	0	0	0	1	235	753
187385	1	1	0	0	0	0	0	0	5	0	0	28	0	0	0	1	0	0	0	0	1	59	226
174093	11	0	0	1	0	2	1	2	14	2	1	216	1	7	0	0	0	0	0	1	6	562	2113
291733	3	0	0	0	2	1	0	0	48	0	0	207	3	1	0	0	0	0	0	0	0	4	405
299892	53	5	7	16283	11847	13467	0	8	6	22	2	8779	4	9	1	6	7	2	29	2	112	29	99
525378	7	0	0	0	0	0	0	0	2	1	0	101	1	0	0	0	1	0	0	0	0	185	812
181003	1	1	0	6	1	1	4	3	12	2	13	219	6	281	0	0	0	1	0	0	4	441	245
191950	26	0	1	3087	1964	2219	0	2	5	1	1	197	0	2	0	0	1	1	14	0	29	19	681
292633	0	0	0	0	0	0	0	0	0	0	0	300	0	0	0	0	0	0	0	0	1	4	12
174348	36	2	0	0	4	0	1	0	158	4	2	894	0	5	0	1	1	0	0	0	6	470	4634
368950	0	0	0	0	0	0	0	0	3	0	0	12	0	0	0	0	0	0	0	0	0	9	79
358442	0	0	0	0	0	0	0	0	1	2	0	16	0	0	0	0	0	0	0	0	0	6	91
194438	5	0	0	1	0	0	0	0	17	0	0	75	0	0	0	0	1	0	0	0	1	65	702
177214	3	0	0	170	112	176	0	0	29	0	0	29	0	2	0	0	1	0	1	0	2	90	214
302321	0	0	0	0	0	1	0	0	0	1	1	13	56	0	0	0	0	0	0	0	0	14	26
189189	0	0	0	31	18	14	0	1	1	0	1	96	0	0	0	0	0	0	0	0	0	2	3
161277	0	0	0	101	66	79	0	0	2	0	0	11	0	0	0	0	0	0	0	0	0	4	13
195934	1	0	0	92	55	56	0	0	2	0	0	17	0	3	0	0	0	0	0	0	0	2	22
192504	0	0	0	57	39	31	0	0	4	0	0	2	0	0	0	0	0	0	0	0	1	1	1
164160	0	0	0	0	0	0	0	0	0	0	1	0	16	86	0	0	0	0	0	0	0	0	0
259218	1	0	0	400	264	301	0	0	48	2	1	204	0	0	0	0	1	0	0	0	1	10	11
302407	1	0	0	7	8	16	0	0	5	0	0	15	0	0	0	0	0	0	0	0	0	10	68
291267	1	0	0	353	258	307	0	0	7	0	0	12	0	1	0	0	0	0	2	0	4	6	11
294302	0	0	0	212	161	160	0	0	15	0	0	9	0	0	0	0	0	0	0	0	3	21	18
570367	1	0	0	61	41	66	0	0	1	0	0	2	0	0	0	0	0	0	0	0	2	29	43
328466	1	0	1	86	70	66	0	0	7	0	0	3	0	0	0	0	0	1	0	0	1	5	0
337495	0	0	0	15	10	12	0	0	66	0	0	38	0	0	0	0	0	0	0	1	1	32	2
334453	0	0	0	16	6	6	0	0	45	0	0	36	0	0	0	1	0	0	0	0	0	13	0
198511	0	0	0	0	0	0	0	0	110	0	0	41	0	0	0	0	0	0	0	0	1	71	1
192127	3	8	5	15	13	6	1	7	7429	2	4	4634	25	18	0	2	2	3	0	1	28	3204	64
294708	0	0	0	47	39	33	0	0	3	0	1	14	0	0	0	0	0	0	0	0	0	20	21
305552	0	0	0	3	2	2	0	1	11	0	0	34	0	0	0	0	0	0	0	0	0	25	34
334956	0	0	0	2	1	1	0	0	9	0	0	11	0	0	0	0	0	0	0	0	4	107	10
298107	4	0	1	575	380	429	0	0	18	0	0	14	0	1	0	0	0	0	2	0	2	0	27
579431	0	0	0	1	1	0	0	1	18	14	0	847	1	3	0	0	0	0	0	0	0	1	0
299115	1	1	0	303	219	311	0	0	1	0	1	0	0	1	0	0	0	0	0	0	4	1	1
297411	0	0	0	0	0	0	0	0	8	0	0	269	0	1	0	0	0	0	0	0	0	3	12
320147	1	0	1	5	3	1	0	1	7	2	0	7150	5	4	0	1	1	0	0	0	0	9	1
183200	1	0	0	5	1	4	2	1	12	0	0	14052	10	7	1	2	3	1	0	2	1	13	7
296901	0	0	0	0	0	0	0	1	2	0	0	544	0	1	0	0	0	0	0	0	0	0	0
521496	1	0	0	0	0	0	0	0	1	0	0	0	0	0	0	0	0	0	0	0	0	4	264
293990	0	0	0	70	48	43	0	0	10	0	0	15	0	0	0	0	0	0	0	0	0	19	11
337580	1	0	0	53	40	56	0	0	3	0	0	3	0	0	0	0	1	0	0	0	1	0	31
295574	0	1	0	13	23	15	21	0	33	1	0	17	0	0	0	0	0	0	0	0	1	61	24
332589	1	0	0	27	22	28	0	0	1	0	0	48	0	0	0	0	0	0	0	0	0	4	2
294535	0	0	0	63	45	39	0	0	7	0	0	4	0	0	0	0	0	0	0	0	1	13	22
307638	0	1	0	51	39	55	0	1	6	0	1	7	0	0	0	0	0	0	1	0	2	28	31
578649	8	1	1	1369	885	934	0	1	4	0	0	60	0	1	0	0	0	0	2	0	10	7	281
561027	1	0	0	222	152	218	0	0	0	0	0	0	0	0	0	0	0	0	1	0	0	0	0
530379	0	0	0	149	113	178	0	0	14	0	0	1	0	0	0	0	0	0	0	0	0	8	3
343761	1	0	0	2	2	5	0	0	2	0	1	6	0	1	0	0	0	0	0	0	1	21	553
469890	97	12	11	24392	21183	19466	1	5	8	5	5	14	5	14	0	21	1	5	62	2	194	41	21
189957	0	0	0	41	40	42	0	0	0	0	0	0	0	0	0	0	0	0	0	0	0	0	0
530243	0	0	0	39	38	38	0	0	0	0	0	0	0	1	0	0	0	0	0	0	1	0	0
544596	0	0	0	18	5	9	0	1	2068	10	0	1	0	0	0	0	0	0	0	0	1	1	6
544448	1	0	0	0	0	0	0	0	18	0	0	32	0	0	0	0	0	0	0	0	0	0	92
181170	0	0	1	29	19	14	0	0	946	0	0	9	1	2	0	0	0	1	1	0	0	0	4
212503	10	3	2	4965	3535	3977	0	4	510	37	2	2118	0	2	1	1	2	1	7	2	36	184	213
182980	8	0	0	316	204	260	0	0	879	0	1	2321	1	2	0	1	0	0	0	0	23	1655	428
180450	0	0	0	12	8	4	0	0	50	0	0	166	0	0	0	1	0	0	0	0	0	59	12
162491	2	0	0	705	515	544	0	1	64	0	0	156	0	0	0	0	0	1	3	0	7	128	1
192159	0	0	0	0	0	0	0	0	1	0	0	0	0	0	0	0	0	0	0	0	1	18	166
318396	2	1	0	892	722	662	0	1	13	1	1	470	0	1	0	0	0	0	1	0	10	892	177
292740	7	1	0	1018	811	812	0	0	24	0	0	1506	0	4	0	0	0	1	1	0	12	1028	177
211212	1	0	0	0	1	0	0	0	0	0	0	144	0	0	0	0	0	0	0	0	0	34	119
322505	0	0	0	0	2	1	0	1	87	0	1	1920	1	2	0	0	0	0	0	0	0	2	1
110481	0	0	0	72	61	72	0	0	0	0	0	23	0	0	0	0	0	0	0	0	1	55	4
181843	10	4	0	1991	1657	1738	0	1	176	3	2	8164	1	6	1	3	3	0	5	1	17	355	822
177772	0	0	0	44	45	48	1	0	50	0	0	124	0	1	0	0	0	0	0	0	3	204	62
192990	0	0	0	4	2	6	0	0	44	0	0	6	0	0	0	0	0	0	0	0	2	181	10
186077	1	0	0	33	21	23	0	0	121	1	0	14	0	1	0	0	0	0	0	0	3	299	28
177520	2	0	0	31	29	41	0	0	237	0	0	52	0	1	0	0	0	0	0	0	5	567	18
514384	0	0	0	36	20	25	0	0	2	0	0	140	0	0	0	0	0	0	0	0	1	13	9
187447	1	0	0	60	33	36	0	0	8	0	0	216	1	2	0	1	0	0	1	0	0	56	20
102506	0	0	0	18	8	17	0	0	4	0	0	58	0	0	0	0	0	0	0	0	0	4	4
304891	0	0	0	13	12	11	0	0	50	1	0	16	0	0	0	0	0	0	0	0	2	80	10
194053	23	2	2	4643	3569	3777	0	3	364	6	1	18318	14	4	2	2	4	4	6	3	35	708	1801
176297	0	0	0	2	7	11	0	0	37	1	0	5	0	0	0	0	0	0	0	0	1	71	6
190076	0	0	0	13	8	15	0	0	31	0	0	5	0	0	0	0	0	0	0	0	1	55	12
300222	0	0	0	52	66	51	0	0	0	0	0	72	0	0	0	1	0	0	0	0	4	38	3
295420	0	0	1	58	35	47	0	0	184	2	1	15	1	0	0	0	0	0	1	0	5	335	39
109014	2	0	2	14	14	8	0	5	1008	8	2	7651	4	9	1	0	5	0	0	2	14	1019	24
361119	0	0	0	1	1	0	1	0	23	0	1	319	0	1	0	1	0	0	0	0	1	43	1
518613	0	0	0	215	125	191	1	0	582	6	0	73	2	4	0	0	1	0	0	1	14	1020	151
518438	19	2	3	3443	2149	2988	10	5	10533	90	11	1190	14	48	0	2	4	3	6	2	187	19630	2425
516553	3	0	0	246	226	198	0	0	21	0	1	734	1	3	0	0	0	0	1	0	2	76	209
311704	0	1	0	4	6	3	0	0	1	0	0	1410	0	1	0	0	0	0	0	3	0	4	3
175137	0	0	0	18	10	9	0	0	26	0	0	8	0	0	0	0	0	0	0	0	0	61	9
186955	1	0	0	21	15	16	0	0	30	0	0	46	0	1	0	0	0	0	0	0	2	50	9
193343	6	1	2	1170	700	1030	2	0	4059	43	0	453	4	17	0	1	0	0	1	2	88	7845	850
357795	47	8	10	4959	2855	4350	16	22	15219	133	15	1716	17	74	5	7	7	5	10	1	290	29060	3754
175518	0	0	0	75	53	74	0	0	150	2	0	23	0	0	0	1	1	0	1	0	11	378	35
175208	0	0	0	8	9	11	0	0	12	0	0	27	0	0	0	1	0	0	0	0	0	33	3
45296	1	2	0	55	34	35	0	3	138	1	2	16	1	2	0	0	0	0	0	0	7	228	33
41673	0	0	0	47	32	38	0	0	5	0	0	191	2	0	0	0	0	0	0	0	0	9	24
152170	0	0	0	55	54	52	0	0	13	0	1	181	0	0	0	0	0	0	2	0	0	30	16
201110	0	0	0	18	8	13	0	0	3	0	0	99	0	1	0	0	0	0	0	0	0	6	5
343967	0	0	0	3	13	5	0	0	33	0	0	0	0	0	0	0	0	0	0	0	0	43	6
317818	0	0	0	148	100	136	0	0	1	0	0	8	0	1	0	0	0	0	0	0	0	6	0
352304	87	12	7	25064	19332	21039	4	15	4773	3	9	6566	6	25	2	12	10	4	60	5	205	2780	74
348861	0	0	0	106	68	72	0	0	51	0	0	65	0	0	0	0	0	0	0	0	1	42	3
514741	0	0	0	33	28	36	0	0	3	0	0	6	0	0	0	0	0	0	0	0	0	4	0
358016	0	0	0	54	38	50	0	0	14	0	0	16	0	0	0	0	0	0	0	0	0	42	0
136044	3	0	0	1	1	0	0	0	0	0	0	3	1	0	0	0	0	0	0	0	0	22	471
358858	0	0	0	0	0	0	0	0	4	0	0	0	0	0	0	0	0	0	0	0	0	38	117
288604	1	0	0	3	0	0	0	1	55	0	0	1	7	23	0	0	0	0	0	10	122	63	122
237324	1	0	0	0	0	0	0	0	3	0	0	12	0	0	0	0	0	0	0	0	0	116	45
179460	34	0	0	4	0	2	0	3	2525	2	2	1435	2	6	0	1	1	3	0	0	17	1672	4415
350052	0	0	0	0	0	0	0	0	97	1	2	0	18	111	0	0	0	0	0	0	1	0	0
377525	2	0	0	56	39	47	0	0	1	0	0	6	0	1	0	0	0	0	0	0	1	19	32
269949	0	0	0	19	11	20	0	0	4	0	0	3	0	0	0	0	0	0	0	5	63	22	33
342085	0	0	0	5	7	3	1	0	6	0	1	16	0	1	0	0	0	0	0	52	319	191	101
294710	3	0	0	0	0	1	0	0	704	0	0	3	1	0	0	0	0	0	0	0	4	147	194
189334	0	0	0	0	0	1	0	0	272	4	0	92	1	0	0	0	0	0	0	0	0	0	21
295568	0	0	1	0	0	0	0	0	3	0	0	989	1	0	0	0	1	0	0	0	1	0	0
211903	2	0	1	6	2	0	0	1	602	1	1	598	1	14	0	0	0	1	0	0	2	190	137
181834	6	0	1	2	0	0	1	1	287	0	0	35	0	0	0	0	0	0	0	0	2	78	1241
184155	0	0	1	0	2	0	0	3	3	2	30	1	207	1039	0	0	0	0	0	0	0	1	3
198528	0	0	0	0	0	0	0	0	3	0	0	0	0	0	0	0	0	0	0	0	0	101	1
187360	12	0	0	1	0	1	0	0	355	4	0	68	0	0	0	0	0	1	0	0	0	40	958
365125	8	0	0	0	0	2	0	0	231	3	0	29	0	0	0	0	0	0	0	1	0	34	757
262012	0	0	0	3	2	7	0	0	0	6	12	2	4	63	0	0	0	0	0	0	0	1	2
268620	0	0	0	4	1	1	0	0	0	16	53	0	14	181	0	0	0	0	0	0	0	0	4
157470	0	0	0	0	2	1	0	0	14	1	0	2	0	3	0	1	0	0	0	1	8	652	21
540710	3	0	0	2	1	0	0	0	19	0	0	12	0	1	0	0	1	0	0	0	2	190	218
331150	6	0	0	5	1	2	0	0	0	0	0	1	0	1	0	0	0	1	0	2	34	3	483
207580	0	0	0	22	28	19	3	1	8	0	0	30	0	1	0	0	0	0	0	0	0	1	2
545473	28	6	1	7412	6007	6456	0	3	39	0	1	14	1	1	0	5	2	1	17	1	48	21	10
578025	0	0	0	14	10	10	0	0	18	0	0	86	0	0	0	0	0	1	0	0	2	36	39
445575	1	1	0	1	0	1	0	0	1	0	0	0	0	0	0	0	0	0	0	25	133	0	2
296872	0	0	0	24	15	20	0	0	0	0	0	95	1	0	0	0	0	0	0	0	0	0	9
369032	0	0	0	10	9	13	0	0	3	0	0	111	0	0	0	0	0	0	0	0	0	9	10
167365	1	0	0	20	14	23	0	0	1	0	0	156	13	0	0	0	0	0	0	0	0	1	0
191809	0	0	0	4	2	2	0	0	11	0	0	55	0	0	0	0	0	0	0	0	1	266	104
175401	1	0	0	12	5	7	0	0	5	0	0	113	1	0	0	0	0	0	0	0	1	41	134
528380	0	0	0	1	0	0	1	1	0	0	1	0	73	51	0	0	0	0	0	0	0	2	0
248759	4	2	1	4	3	0	5	14	0	30	171	2	1828	7521	0	2	15	4	0	0	0	3	2
590169	0	0	0	1	0	1	254	8	0	5	50	0	985	60	1	0	0	0	1	0	0	1	0
236261	0	0	0	0	0	1	230	0	1	3	0	0	0	1	0	0	0	0	1	0	1	0	1
73450	0	0	0	0	1	0	103	0	0	5	26	0	517	13	0	0	0	0	0	0	1	0	0
166178	0	0	0	0	0	0	0	1	0	8	20	0	8	67	0	0	0	0	0	0	0	0	0
526081	4	0	0	348	271	275	2	0	27	0	0	85	4	2	0	0	0	0	1	0	1	32	504
471120	0	0	0	0	1	0	235	0	2	5	5	1	182	61	0	0	0	0	0	0	0	0	1
470747	26	12	10	32	32	21	147	193	19	155	717	10	1474	11907	3	10	26	6	2	3	2	6	47
469972	20	1	1	6182	4012	4937	0	0	34	1	1	308	0	3	0	2	0	1	5	0	42	65	135
469991	42	0	3	18	24	15	7	1	104	0	2	616	11	0	0	1	0	0	0	1	5	316	5301
351986	1	0	0	70	45	49	0	0	97	0	0	48	1	0	0	0	0	0	0	0	1	71	5
175537	10	2	0	15	1	1	1	1	350	15	2	1311	1	36	1	2	3	1	0	0	78	8735	1349
187470	1	0	0	1	1	1	0	0	2	0	0	94	0	0	0	0	0	0	0	0	0	0	9
178513	0	0	0	4	3	4	0	0	4	0	0	0	0	0	0	0	0	0	0	0	1	35	163
183228	15	0	0	0	0	2	0	0	17	0	0	184	1	0	0	0	0	0	0	0	3	137	1770
288134	25	2	2	12	4	7	0	1	3438	56	1	4356	7	32	0	3	2	2	0	3	93	10136	2437
184577	0	0	1	19	12	12	0	0	23	0	1	9	0	0	0	0	0	0	0	0	1	123	15
189679	1	0	0	65	36	74	0	0	3	0	0	2	0	0	0	0	0	0	0	0	0	74	35
190464	5	4	6	14	2	7	11	3	2558	134	3	7412	25	22	2	3	5	2	1	3	119	10718	116
199455	1	0	0	1	1	2	0	0	0	0	0	0	0	0	0	0	0	0	0	0	0	2	186
182927	1	0	0	0	0	1	0	0	3	0	0	8	0	0	0	0	0	0	0	0	0	29	95
183879	0	0	0	2	1	0	0	1	102	0	0	265	5	0	0	0	1	0	0	0	4	340	68
364896	2	0	0	5	4	2	0	0	26	2	1	77	0	2	0	1	0	0	0	0	2	584	80
193452	0	0	0	0	1	0	0	0	41	1	0	52	0	0	0	0	0	0	0	0	2	92	35
181828	0	0	0	0	0	0	0	0	39	1	0	54	0	1	0	0	0	0	0	0	2	100	22
290281	5	0	0	1	2	1	0	5	463	7	1	570	3	4	0	1	0	0	0	0	19	1351	382
178915	2	0	0	3	1	1	0	3	21	0	1	4694	1	3	0	2	0	0	0	0	8	756	41
186672	0	0	0	0	0	0	0	0	2	0	0	111	0	0	0	0	0	0	0	0	1	58	1
363692	29	0	0	4	1	0	0	1	20	0	1	13	5	2	1	1	0	0	0	0	2	169	4204
342397	16	0	0	0	0	1	0	0	9	0	0	4	4	0	0	1	0	0	0	0	1	72	1677
366612	51	2	1	3	1	3	0	0	5	1	0	218	0	2	0	2	0	1	0	0	24	1706	7452
215433	0	0	0	30	14	19	0	0	0	0	1	1235	0	3	0	0	0	0	0	0	0	9	2
360796	15	2	1	1087	857	1037	0	0	10	1	3	117	0	2	0	0	1	0	8	0	16	484	907
261912	90	3	4	9861	7673	9052	0	8	98	13	1	1041	2	16	1	7	3	2	18	2	87	3966	7464
325181	0	0	0	21	22	22	0	0	19	0	0	0	0	2	0	0	1	0	0	0	1	12	16
177359	20	0	1	5639	3733	4139	0	2	17	0	3	315	3	2	2	3	1	4	7	0	42	20	1246
216607	2	2	1	405	356	392	0	0	9	0	1	15	0	0	0	0	0	0	0	0	6	16	78
130103	0	0	0	0	0	1	0	0	0	0	0	223	0	1	0	0	0	0	0	0	6	333	5
179319	1	0	0	0	2	1	0	0	1	0	0	12	0	0	0	0	0	0	0	0	0	90	79
564188	0	0	0	31	36	43	0	0	0	0	0	21	0	0	0	0	0	0	0	0	0	5	5
195336	14	0	0	2	2	0	0	0	0	0	1	5	0	1	0	0	0	0	0	0	1	35	2239
293078	0	0	0	102	79	101	0	0	0	0	0	2	0	0	0	0	0	0	0	0	1	0	3
185281	34	1	0	1	1	1	0	0	160	2	1	198	1	1	0	0	1	0	0	0	4	250	5370
212474	8	0	0	0	0	0	0	0	12	0	0	41	0	0	0	0	0	0	0	0	1	49	1388
191687	10	1	0	8	5	2	0	2	523	13	2	0	6	7	0	2	0	0	0	2	66	4795	1504
185692	0	0	0	3	4	7	0	0	1	0	0	12	0	0	0	0	0	0	0	0	0	26	55
197765	0	0	0	0	2	0	0	0	2	0	0	14	0	0	0	0	0	0	0	0	2	46	56
340272	1	0	0	63	33	60	0	0	2	0	1	234	0	0	0	0	0	0	0	0	0	10	8
190045	2	0	1	15	10	8	0	0	56	0	0	0	0	0	0	0	0	0	0	0	2	88	525
351734	1	0	0	119	85	106	0	0	1	0	0	4	0	1	0	0	0	0	2	0	1	9	20
333775	1	0	0	46	23	24	0	0	0	0	0	13	0	0	0	0	0	0	0	0	0	1	1
563572	1	0	0	101	92	105	0	0	34	0	0	120	0	1	0	0	0	0	0	0	1	1	22
192304	1	0	0	0	0	0	0	0	41	0	0	2	0	0	0	0	0	0	0	0	0	4	191
193876	54	11	6	17015	11628	18998	2	5	6	0	6	6	5	12	2	6	11	1	56	6	120	45	13
174136	9	0	0	3948	2744	4590	0	0	3	0	0	1	1	3	0	1	0	0	0	2	32	5	3
297182	0	0	0	61	41	59	0	0	1	0	0	0	0	0	0	0	0	0	0	0	3	7	1
295018	0	0	0	88	71	99	0	0	3	0	0	5	0	0	0	0	0	0	0	0	2	1	3
295366	3	0	0	278	183	349	0	0	0	0	1	3	1	0	0	0	0	0	2	0	1	1	2
294022	24	2	1	10681	8634	11411	0	4	628	8	1	1419	0	7	0	4	3	0	18	3	81	160	1375
187812	0	0	0	57	36	45	0	0	2	0	0	5	0	0	0	0	0	0	1	0	0	1	8
114982	0	0	0	65	51	56	0	0	4	1	0	3	0	0	0	0	1	0	1	0	0	1	14
167187	0	0	0	74	58	78	0	1	4	1	0	5	0	0	0	0	0	0	1	0	0	1	8
511008	100	7	9	21319	16656	21854	1	12	1105	28	9	1893	1	12	0	8	12	5	76	6	174	301	2867
290548	1	0	0	3	2	0	0	0	36	0	0	27	0	0	0	0	0	0	0	0	0	71	47
302224	2	0	0	151	118	174	0	0	5	0	0	3	0	0	0	0	0	0	0	0	0	2	4
297602	0	0	1	224	171	251	0	0	6	0	0	18	0	2	0	0	0	0	2	0	3	4	29
342110	1	0	0	465	321	466	0	0	1	0	0	0	0	0	0	0	0	0	0	0	2	0	1
293681	0	0	0	48	49	53	0	0	1	0	0	146	0	0	0	0	0	0	0	0	1	2	3
297917	1	0	0	189	157	214	0	0	3	0	1	20	0	2	0	0	1	0	0	0	1	5	2
168711	1	0	0	6	3	17	0	0	40	0	0	150	0	0	0	0	0	0	0	0	1	48	12
470973	208	17	9	36487	24784	45377	1	22	439	24	9	1371	45	68	2	18	16	5	131	3	418	17736	9733
193297	1	0	0	2	2	1	0	0	2	0	0	18	0	0	0	0	0	0	0	0	1	32	147
198997	3	0	0	551	352	518	0	0	5	0	0	117	0	1	0	0	1	0	2	0	2	0	20
136507	0	0	0	2	0	0	0	0	3	0	0	33	0	0	0	0	0	0	0	0	0	53	23
234421	3	1	1	286	212	340	0	2	7	0	0	336	0	1	0	0	0	0	1	1	6	161	325
358748	0	0	0	0	1	1	0	0	0	0	0	64	0	0	0	0	0	0	0	0	0	9	43
360838	0	0	0	6	0	0	0	0	0	0	0	158	0	1	0	0	0	0	0	0	0	6	6
361809	1	0	1	483	351	502	0	0	73	6	1	583	2	2	0	0	1	0	0	0	12	1066	264
71685	1	1	0	75	52	62	0	0	19	1	0	132	0	2	0	1	0	0	0	0	1	187	189
162162	7	1	0	63	36	43	7	0	343	29	3	2507	10	12	0	0	1	0	1	0	42	4857	1296
126315	4	1	0	3	2	5	0	0	103	5	0	817	5	6	0	1	0	1	0	0	22	1590	392
177911	0	0	0	7	7	6	0	0	3	0	0	21	0	1	0	0	0	0	0	0	1	128	32
181028	1	1	1	4	2	2	0	1	5	0	0	5402	1	2	0	0	0	0	0	0	0	8	3
49088	0	0	0	2	0	0	0	0	0	0	0	458	0	0	0	0	0	0	0	0	0	2	1
43159	0	0	0	89	75	130	0	0	3	0	1	19	0	0	0	1	0	0	0	0	5	179	39
511234	0	0	0	0	0	0	0	0	3	0	0	15	0	0	0	0	0	0	0	0	1	88	32
541415	0	1	0	7	5	10	0	0	4	0	1	13	0	1	0	0	0	0	0	0	1	152	111
165397	1	0	0	0	0	0	0	0	44	0	0	0	0	0	0	0	0	0	0	0	0	1	228
365602	0	0	0	0	0	0	0	0	3	0	0	319	0	0	0	0	0	0	0	0	0	3	1
319199	0	0	0	1	0	0	0	0	266	18	2	4	0	2	0	0	0	0	0	0	9	973	101
203843	0	0	0	0	0	0	0	0	0	0	0	573	3	1	0	0	0	0	0	0	0	0	0
17494	4	35	24	1	0	1	0	0	28	0	0	0	0	0	0	0	0	0	0	0	0	30	0
206865	3	0	1	0	0	0	0	0	146	0	0	20	0	0	0	0	0	0	0	0	0	9	656
204044	7	0	1	0	0	2	0	3	757	1	1	3148	2	5	0	0	1	0	0	0	7	530	812
42492	0	0	0	0	0	1	0	0	0	0	0	4	0	6	0	0	0	0	0	0	0	59	77
319938	0	0	0	192	157	165	0	0	1	0	0	1	0	0	0	0	0	0	0	0	3	1	1
470172	3	2	1	10	4	7	0	8	23	93	1	31268	13	17	0	4	3	4	0	1	4	31	9
469946	1	1	0	0	0	2	1	4	4269	53	1	2	1	1	0	1	3	2	0	0	1	0	0
328422	1	3	0	2	1	3	0	2	392	0	1	12518	9	4	2	3	0	0	0	1	1	21	5
322137	2	1	0	154	114	152	0	1	17	0	0	10	0	0	0	0	0	0	1	0	5	29	30
172603	0	0	0	0	0	0	0	0	0	0	0	628	2	1	0	0	0	0	0	0	0	15	0
17859	0	0	0	0	0	0	0	0	28	1	0	128	0	1	0	1	0	0	0	0	1	350	4
179320	0	0	0	3	0	0	0	0	83	5	0	393	0	1	1	0	1	0	0	0	21	1521	22
178146	0	0	0	1	0	0	0	0	12	0	0	80	0	0	0	0	1	0	0	0	0	262	10
190307	0	0	0	0	0	0	0	0	8	0	0	48	0	0	0	0	1	0	0	0	0	184	2
16512	0	0	0	0	0	0	0	0	12	0	0	39	0	1	0	0	0	0	0	0	0	62	14
189485	13	0	0	0	0	0	0	0	0	0	1	0	0	1	0	0	0	0	0	0	1	14	2075
246937	9	0	0	2	1	1	0	0	4	1	2	13	0	2	0	0	1	1	0	0	2	52	1314
189099	0	0	0	1	0	0	0	0	135	0	0	858	0	0	0	0	0	0	0	0	4	160	0
21698	1	1	0	1	2	0	0	0	989	7	4	3329	1	2	1	2	0	0	0	1	5	612	9
182512	2	2	1	0	0	1	0	0	11	0	0	1353	0	0	0	0	0	0	0	0	1	205	10
182054	0	0	0	0	0	0	0	0	48	0	0	153	0	0	0	0	1	0	0	0	3	280	4
279893	0	0	0	60	28	74	0	0	33	0	0	194	0	0	0	0	1	0	1	0	0	302	11
539014	0	0	0	0	0	0	0	0	159	3	0	0	0	0	0	0	0	0	0	0	0	0	1
213747	0	1	1	3	3	2	0	0	200	6	0	4320	0	8	0	2	0	2	0	0	11	1324	17
179065	0	0	0	0	0	1	0	1	326	0	0	1	0	0	0	0	0	0	0	0	0	1	0
268933	0	0	0	8	3	9	0	0	12	0	0	40	0	0	0	0	0	0	0	0	2	37	11
276643	2	0	0	6	4	5	0	0	22	1	0	0	0	1	0	0	0	0	0	0	2	53	8
536831	0	0	1	20	13	19	0	0	57	0	0	6	0	0	0	0	0	0	0	1	2	105	9
318445	0	0	0	44	16	26	0	1	97	0	0	18	0	1	0	0	0	0	0	0	4	192	27
181344	0	0	0	34	22	29	0	0	79	0	0	13	0	0	0	0	0	0	0	0	2	161	20
262724	15	2	2	1702	1331	1359	1	6	177	2	4	6875	5	14	0	0	3	0	8	1	17	317	663
536281	0	0	0	1	0	0	0	0	2	0	0	78	0	0	0	0	0	0	0	0	0	2	18
287580	1	0	0	0	0	0	0	0	12	0	0	6	0	1	0	0	0	0	0	0	2	116	99
184403	9	1	2	4422	3444	3573	0	1	77	0	0	62	0	5	0	1	0	1	5	0	35	84	13
182125	5	0	0	1084	864	1206	0	1	65	2	0	120	1	0	0	1	1	0	3	0	6	18	158
583958	0	0	0	0	1	0	0	0	1	0	0	635	1	0	0	0	0	0	0	0	0	2	0
184211	0	0	0	0	0	0	0	0	58	0	0	16	0	0	0	0	0	0	0	0	1	8	18
469824	10	1	1	3742	2573	3108	0	2	2	0	2	1	7	2	0	5	1	1	5	1	26	7	1
592015	0	0	0	0	0	0	0	2	2647	9	1	151	1	0	0	0	2	0	0	0	0	0	0
82283	0	1	0	3	2	3	0	4	5841	12	2	69	5	5	0	0	1	1	0	3	21	2103	31
323020	1	0	0	153	94	132	0	0	0	4	0	2	0	0	0	0	0	0	1	0	1	0	0
42680	2	3	1	0	2	0	0	5	12006	0	3	1008	0	2	1	1	0	3	0	1	0	1	3
316732	16	15	7	23	13	16	0	19	12767	41	15	82298	28	56	0	20	11	7	1	5	71	5872	103
203620	1	0	0	2	1	0	0	5	262	0	0	1532	0	5	0	1	2	0	0	1	4	153	8
293896	26	3	1	11	2	5	1	0	580	59	2	7677	4	18	1	5	2	0	1	0	59	4655	2554
188127	1	0	0	0	0	0	0	0	2	0	0	140	0	0	0	0	0	0	0	0	2	184	154
182555	0	0	0	0	0	0	0	0	0	0	0	148	0	0	0	0	0	0	0	0	1	4	2
192187	0	0	0	1	0	1	0	0	15	1	0	67	1	1	0	1	0	0	0	0	1	179	33
267399	0	0	0	0	0	0	0	0	30	0	0	20	0	0	0	0	0	0	0	0	1	160	15
196731	344	5	6	34	13	25	1	9	354	39	13	5119	20	45	1	8	5	5	3	4	142	14404	53514
303927	0	0	0	6	9	13	0	0	36	0	0	9	0	1	0	0	0	0	0	0	1	63	7
188238	0	0	0	0	0	0	0	0	121	0	0	50	0	0	0	1	0	0	0	0	0	0	5
291644	0	0	0	0	0	0	0	0	1	0	0	1	0	0	0	0	0	0	0	0	2	197	6
207570	0	0	0	0	1	0	0	0	0	0	0	462	0	0	0	0	0	1	0	0	0	1	14
49274	0	0	0	0	0	0	0	0	1	0	0	11	0	0	0	0	0	0	0	0	7	442	4
213176	0	0	0	1	0	0	0	0	2	0	0	0	0	1	0	0	0	0	0	0	5	376	5
365160	0	0	0	0	1	0	2	1	253	0	0	53	0	0	0	0	0	1	0	0	0	2	485
358594	0	0	0	0	0	0	0	0	33	0	0	91	0	0	0	0	0	0	0	0	0	25	28
204620	0	0	0	0	1	0	0	1	51	0	0	122	0	0	0	0	0	0	0	0	0	56	32
31573	0	0	0	0	0	1	0	0	62	0	1	51	0	0	0	0	0	0	0	0	1	98	0
204121	0	0	0	0	0	0	0	0	0	0	0	0	0	4	0	0	0	0	0	0	13	999	17
92430	0	0	0	0	0	0	17	0	0	36	0	0	70	1	0	0	0	0	0	0	0	0	0
591118	3	0	0	0	1	0	0	0	1	0	0	5	0	0	0	0	0	0	0	0	0	14	178
329703	1	0	0	0	0	0	0	0	2	0	0	87	0	0	0	0	0	0	0	0	1	47	56
48583	1	0	0	0	0	0	19	0	0	0	6	0	93	120	0	0	0	0	0	0	0	0	0
542686	0	0	0	0	0	1	0	0	0	0	3	0	16	149	0	0	0	0	0	0	0	1	0
13948	1	0	0	0	0	1	19	10	0	6	12	0	9	178	0	1	0	0	0	0	0	1	0
588409	0	0	0	35	19	29	0	0	4	0	0	27	0	0	0	0	0	0	0	0	0	27	17
312126	0	0	0	4	3	2	1	0	1	1	2	3	0	81	0	0	0	0	0	0	2	4	3
184136	0	0	0	0	0	0	0	0	1	1	0	61	1	0	0	0	0	0	0	2	1	38	287
210095	1	0	0	0	0	0	0	0	4	0	0	14	0	0	0	0	0	0	0	0	0	20	76
163601	0	0	0	0	0	0	0	0	193	0	0	7	0	0	0	0	0	0	0	0	0	1	392
169961	0	1	1	1	1	0	0	0	14	0	0	49	0	0	0	0	0	0	0	0	2	411	260
167602	35	0	0	1	2	2	0	1	68	0	2	428	0	5	1	0	0	1	0	0	9	1471	4008
203788	4	0	1	1	0	0	0	0	59	0	0	0	1	2	0	0	0	0	0	0	7	368	491
215843	0	0	0	1	0	0	0	0	6	0	0	8	0	0	0	0	0	0	0	0	0	78	24
470114	43	0	0	3	0	2	0	1	33	0	2	44	0	10	2	0	1	1	0	1	23	2900	5429
170206	1	0	0	3	1	0	4	2	8250	54	0	40	0	1	0	0	1	0	0	0	0	228	50
365676	26	7	1	31	6	17	1	10	3806	43	6	3237	6	76	2	2	3	7	0	0	160	16047	3449
223059	64	5	6	17	2	9	2	4	912	51	3	6552	3	53	0	4	3	3	0	1	272	31219	6190
144304	1	0	0	0	0	0	0	0	11	0	0	34	0	2	0	0	1	0	0	0	4	110	20
74461	0	0	0	0	0	0	0	0	2	0	0	3	0	0	0	0	0	0	0	0	0	35	120
364099	0	0	0	0	0	0	0	0	11	0	0	2	0	0	0	0	0	0	0	0	0	49	132
187524	238	9	1	14	11	6	0	4	2132	1	8	1392	9	11	0	2	3	2	1	1	14	725	32262
184450	5	0	0	0	1	0	0	0	38	1	1	0	0	1	0	0	0	0	0	0	8	866	175
136789	0	0	0	0	0	0	0	0	33	0	1	47	0	0	0	0	0	0	0	0	1	97	10
237133	0	0	0	0	0	0	0	0	5	0	0	73	0	0	0	0	0	0	0	0	1	85	13
392407	0	0	0	1	0	0	0	0	3	0	0	31	0	0	0	0	0	0	0	0	0	23	49
234170	0	0	0	0	0	2	0	0	33	0	0	10	1	0	0	0	0	0	0	0	0	128	20
167166	5	0	0	1	0	0	0	0	15	0	0	0	1	1	0	0	0	0	0	0	1	482	96
52759	1	0	1	1	0	0	0	3	3165	0	1	0	4	1	0	0	1	2	0	0	0	1	0
323253	0	0	0	2	3	0	0	1	187	0	0	279	1	2	0	1	0	0	0	0	9	599	40
166689	1	0	0	0	0	0	0	0	8	0	0	0	0	0	0	0	0	0	0	0	0	0	148
178967	4	0	0	0	1	0	0	0	29	0	0	0	0	0	0	0	0	0	0	0	1	280	346
191541	26	8	3	812	658	616	1	9	1108	83	3	7724	6	62	1	7	3	1	6	1	216	18077	2251
212619	14	8	1	88	42	67	2	3	636	66	7	4671	7	30	0	4	5	4	0	1	142	10680	1361
186456	1	0	0	37	20	22	0	0	6	1	0	40	1	0	0	0	0	0	0	0	0	79	10
369903	1	0	0	4	2	3	0	1	0	0	0	5	1	8	0	0	1	0	0	0	30	2724	47
354737	1	0	0	22	19	14	0	0	4	0	0	1134	1	0	0	0	1	0	0	0	0	39	5
291266	0	0	0	7	6	3	0	0	7	0	0	46	0	2	0	0	0	0	0	0	6	473	138
368137	2	0	0	10	4	6	1	0	89	10	0	676	0	13	0	1	0	1	0	0	22	1568	240
195608	0	0	1	15	13	9	0	0	1	1	0	13	0	1	0	0	0	0	0	0	1	43	6
194219	0	0	0	28	26	13	0	0	11	1	0	70	0	0	0	0	2	0	0	0	2	170	17
471106	72	15	8	16452	13919	13289	1	3	10	1	9	93	10	17	0	3	9	5	31	3	138	527	59
176861	2	0	0	0	0	1	0	0	11	0	0	23	0	0	0	0	0	0	0	1	1	64	409
178056	1	0	0	4	0	1	0	0	20	0	0	55	0	0	0	1	0	0	0	0	3	93	66
173135	2	0	0	6	1	2	0	1	35	0	1	131	0	3	0	0	1	0	0	0	4	179	113
179321	1	0	0	0	0	0	0	0	19	0	0	86	0	0	0	0	1	0	0	0	0	127	65
554436	0	0	0	0	0	0	0	0	27	0	0	84	0	0	0	0	0	0	0	0	2	113	60
175681	0	0	0	2	0	2	0	0	64	0	0	121	0	2	0	1	0	0	0	0	0	169	109
357470	8	13	2	32	14	12	2	10	441	37	3	29795	21	45	1	7	8	4	2	4	102	9120	175
367417	0	0	0	2	0	0	0	0	37	0	0	47	0	1	0	0	0	0	0	0	1	56	56
326792	38	2	0	8	6	1	1	4	5726	75	4	8	1	4	0	2	2	1	0	0	8	918	6001
308135	0	0	0	2	0	0	0	0	17	1	0	45	0	11	0	0	1	1	0	0	9	87	55
325407	162	27	12	105	25	28	18	7	18253	174	17	30779	28	97	1	12	7	3	2	4	403	33973	25854
531429	1	0	0	1	0	1	0	0	18	1	0	35	1	0	0	0	0	0	0	0	4	44	53
527741	0	0	0	1	0	0	0	0	16	1	0	42	0	0	0	0	0	0	0	0	0	56	31
215767	5	1	2	22	4	8	0	5	123	0	1	429	2	12	0	0	1	1	0	0	17	730	479
185390	1	0	0	0	0	0	0	0	12	0	0	53	0	0	0	0	0	0	0	0	1	36	36
368362	1	0	0	0	0	1	0	0	19	0	0	16	0	0	0	0	0	0	0	0	2	29	33
188646	33	1	1	4	0	1	0	0	197	1	1	361	0	8	0	1	1	1	0	0	20	1412	4897
180304	2	0	1	6	1	0	0	2	87	2	1	133	1	6	0	0	0	1	0	0	8	154	113
171551	383	31	20	172	26	51	11	25	13671	25	33	50756	31	190	6	11	29	15	2	6	1008	89061	59615
290260	129	23	11	141	36	36	1	19	4865	4	23	15724	27	164	2	13	20	8	0	4	411	28263	17934
367433	65	12	1	59	15	21	9	18	6298	52	8	10856	7	65	2	8	13	6	4	3	158	12102	8901
185734	1	0	0	4	2	0	0	0	34	0	1	121	1	3	1	0	0	0	0	0	5	209	137
176115	2	1	1	11	0	3	0	1	77	0	0	447	0	5	0	1	1	0	0	0	20	2107	130
310301	28	2	0	11	2	0	0	5	4396	0	0	135	2	4	0	0	0	0	0	1	8	201	4584
193761	122	19	9	106	33	26	3	24	5252	16	20	14490	16	155	6	17	11	5	1	6	338	24863	17257
179291	0	0	0	0	0	0	0	1	22	1	0	28	0	0	0	0	0	0	0	0	1	33	29
179287	1	0	0	0	0	0	0	0	29	0	0	62	0	1	0	0	0	0	0	1	2	52	46
188900	1	1	0	3	0	0	1	1	808	10	1	3	0	1	0	0	0	1	0	0	1	145	1024
327476	79	13	5	64	18	28	1	25	4763	33	19	7545	7	71	0	12	12	3	2	2	183	10831	9848
164241	0	0	0	0	0	0	0	0	35	1	0	32	0	0	0	0	0	0	0	1	0	19	25
189047	1835	35	20	211	90	106	13	43	9419	71	53	14353	24	173	4	33	29	26	3	10	505	33789	251215
180658	840	33	9	177	47	110	5	33	4427	41	66	6648	12	156	7	23	38	20	2	11	362	18972	120838
360297	0	0	0	0	0	1	0	0	2	0	0	7	0	0	0	0	1	0	0	0	0	22	124
157966	0	1	0	6	2	0	0	0	3	0	0	24	0	4	0	0	0	0	0	0	1	140	10
72147	0	0	0	61	46	50	0	0	4	0	0	18	0	0	0	0	0	0	0	0	1	39	4
178512	0	0	0	0	0	0	0	0	41	0	0	32	0	2	0	0	0	0	0	0	0	63	0
258099	0	0	0	0	1	0	0	0	2	0	0	17	1	1	0	0	0	0	0	0	0	43	96
171788	0	0	0	0	0	0	0	1	124	0	0	0	0	0	0	0	0	0	0	0	0	70	39
315223	0	0	0	22	14	15	0	0	123	0	0	0	0	0	0	0	0	0	0	0	3	160	2
261022	12	1	0	5205	3615	3994	0	2	1	0	1	18	1	7	0	4	2	0	6	0	46	149	25
288588	3	0	1	0	0	0	0	0	272	0	0	327	0	1	0	0	0	0	0	0	1	209	535
173810	0	0	1	1	0	0	0	1	3664	1	0	2	0	1	0	1	1	0	0	0	1	0	0
274928	0	0	0	0	0	0	0	0	88	0	0	2	0	0	0	0	0	0	0	0	0	10	0
269833	6	3	3	15	6	8	1	4	1435	13	4	9768	1	34	1	0	2	0	0	0	99	10415	152
367055	0	1	0	7	3	0	0	2	4	0	3	9	0	16	0	0	0	0	0	0	70	9141	86
203708	23	2	0	8	1	3	1	1	2264	11	4	1155	0	10	0	1	1	0	0	1	52	5811	3959
232828	0	0	0	7	2	5	0	0	0	0	0	91	0	0	0	0	0	0	0	0	0	25	1
470117	33	2	0	8296	5643	6478	0	2	1	0	1	5	1	7	1	5	3	0	22	4	65	60	163
175074	4	0	0	0	0	0	0	0	97	0	0	56	0	0	0	0	0	0	0	0	1	119	133
209845	0	0	0	0	0	0	0	0	11	0	0	18	0	0	0	0	0	0	0	0	1	54	19
375225	0	0	0	1	0	0	0	0	18	0	0	198	0	0	0	0	0	0	0	0	0	114	7
579366	1	0	0	0	0	0	0	0	0	0	0	13	0	0	0	0	0	0	0	0	0	17	98
394980	0	0	0	1	0	0	0	0	320	0	0	27	0	0	0	0	0	0	0	0	0	11	238
130337	2	0	0	0	0	0	0	0	83	0	0	29	0	0	0	0	0	0	0	0	0	9	114
194651	0	0	0	1	0	0	0	1	230	0	0	0	38	4	0	1	0	0	0	0	10	1403	24
170185	0	0	0	0	0	0	0	0	0	0	0	1	0	1	0	0	0	0	0	0	3	309	5
210552	0	0	0	0	0	0	0	0	285	3	0	651	0	0	0	0	0	0	0	0	0	5	99
210793	0	0	0	0	0	0	0	0	16	0	0	75	0	0	0	0	0	0	0	0	4	111	47
113822	0	0	0	0	0	0	0	0	2	0	0	135	0	2	0	0	0	0	0	0	0	41	3
207624	0	0	0	0	0	0	0	0	24	0	0	0	0	0	0	0	0	0	0	0	1	102	23
212532	0	0	1	0	0	0	0	1	432	0	0	108	1	0	0	0	0	0	0	0	0	8	1
181174	0	0	0	0	0	0	1	0	605	0	0	65	1	0	0	0	0	0	0	0	0	36	6
208386	5	8	6	5	9	5	3	11	1098	11	7	6	59	9	3	7	1	7	0	4	5	5	3
100124	61	240	215	2	0	0	0	0	0	0	0	0	0	0	2	0	0	1	0	0	0	0	0
109546	8	0	2	2	3	1	0	2	2	0	4	1	0	18	0	0	0	0	0	0	49	6087	1331
207466	0	0	0	0	0	0	0	0	554	15	0	0	0	1	0	0	0	0	0	0	1	8	0
204593	0	0	0	0	1	0	0	0	3	0	2	3065	10	0	0	0	0	0	0	0	0	3	0
181892	31	1	0	0	0	2	0	2	2	11	0	566	0	4	0	0	1	0	0	0	18	1908	3279
204889	0	1	0	1	2	2	0	1	522	0	1	6217	2	4	0	0	0	0	0	2	1	1	3
187181	0	0	0	0	0	0	0	0	138	1	0	0	0	0	0	0	0	0	0	0	0	167	7
586517	0	0	0	0	0	0	0	0	65	0	1	386	0	0	0	0	0	0	0	0	0	1	0
291263	0	0	0	0	0	0	0	0	24	0	0	879	0	0	0	0	0	0	0	0	0	1	1
528722	0	0	0	0	0	0	0	0	2	5	0	40	0	0	0	0	0	0	0	0	0	98	1
358346	14	2	0	1	0	0	0	0	73	4	1	1	0	1	0	0	1	0	0	0	10	991	2134
174012	1	0	0	4	1	0	0	4	607	2	0	863	4	2	0	0	1	0	0	0	15	1660	83
274948	0	0	0	0	0	0	0	0	0	0	0	0	1	1	0	10	347	0	1	0	0	0	0
137638	0	0	0	0	0	0	4	0	0	88	0	0	58	1	0	0	0	0	0	9	4	0	0
561398	0	2	4	0	0	0	48	0	0	27	0	0	18	0	0	0	2	0	0	33	30	0	0
137597	0	2	0	0	0	0	40	0	0	34	0	0	15	1	0	0	3	0	0	24	17	0	0
273830	2	0	0	0	0	0	11	1	1	10	0	0	119	0	0	0	0	0	0	5	5	1	0
532740	1	4	1	0	0	0	51	1	0	24	0	0	63	0	0	0	0	0	0	6	8	0	0
14628	0	1	2	1	1	0	89	1	0	71	0	0	31	1	0	3	6	0	0	43	40	0	0
24211	0	0	0	0	0	0	34	0	0	43	0	0	59	1	0	0	0	0	0	0	1	0	0
130998	0	2	3	0	0	0	69	0	0	62	0	0	23	0	0	1	2	0	1	41	41	0	0
591504	0	0	0	0	0	0	81	1	0	35	0	0	39	0	0	0	0	0	1	9	5	0	0
107258	0	0	0	0	0	0	10	2	0	9	3	1	187	22	0	1	0	0	0	0	0	0	0
154106	3	1	0	0	0	0	13	1	0	4	4	1	197	26	0	0	1	0	0	0	0	0	0
470462	11	5	4	2	4	1	867	42	6	880	230	5	15151	1432	2	5	8	5	1	0	2	1	3
272578	0	9	5	0	0	0	1	0	14	2	0	4	63	0	0	0	1	0	0	24	18	1	1
301364	0	2	0	0	1	0	15	0	597	14	0	114	9	2	0	0	0	0	0	70	150	430	26
41248	0	0	0	0	0	0	17	0	0	85	0	0	45	0	0	1	0	0	0	0	0	0	0
28186	0	1	0	0	0	0	8	0	0	7	4	2	246	1000	0	0	2	0	0	0	1	0	0
557059	0	0	0	0	0	0	3	0	0	5	1	0	47	151	0	0	1	0	0	0	0	0	0
512239	0	1	0	0	0	0	3	0	0	4	2	0	110	358	0	0	1	0	0	0	0	0	0
334656	0	1	0	0	1	0	5	0	0	3	5	0	143	530	0	0	0	0	0	0	0	0	0
140940	3	1	1	0	0	0	14	2	2	22	5	0	123	137	0	0	1	0	0	0	0	1	0
15054	1	1	0	3	0	3	10	0	1	142	1	1	6322	8	0	0	1	0	0	0	1	0	2
470477	5	4	5	5	2	3	661	55	4	146	171	6	5216	9306	0	4	21	5	0	2	0	2	3
15059	4	6	16	2	2	0	237	35	3	65	76	0	2368	4009	1	1	9	3	3	3	1	4	0
469920	0	0	0	1	0	0	18	0	2	118	0	0	2533	9	0	0	0	0	1	1	1	0	31
129773	0	0	0	0	0	0	26	0	0	2	0	0	79	0	0	0	0	0	0	0	0	0	0
517319	0	0	0	0	0	0	4	0	0	23	0	0	92	0	0	0	0	0	0	0	0	0	0
15053	0	0	0	0	0	0	20	1	0	85	0	0	50	0	0	0	0	3	0	0	0	1	0
363305	0	0	0	0	0	0	0	0	6	69	0	0	10	0	0	0	0	0	0	0	0	0	18
168242	0	0	0	0	0	0	0	0	5	48	0	0	103	1	1	0	1	0	0	0	0	0	24
246692	1	0	0	0	0	0	9	0	5	70	0	0	14	0	0	0	0	0	0	1	0	1	20
345575	4	1	3	5	4	3	80	6	13	3603	3	69	463	3	1	0	1	1	0	0	3	111	367
303161	2	0	0	68	56	55	0	0	0	0	0	2	3	1	0	0	0	0	0	0	0	0	1
301608	0	0	0	103	83	105	0	0	0	0	0	0	2	0	0	0	0	0	0	0	0	0	0
302919	0	0	0	30	21	46	1	0	0	0	0	1	0	2	0	0	0	0	0	0	0	0	1
294794	1	0	0	116	74	139	5	0	1	0	3	0	15	7	0	1	0	0	0	0	2	1	4
306758	0	0	0	37	29	39	0	0	0	0	0	0	0	0	0	0	0	0	0	0	0	0	1
316587	148	16	7	36597	28786	39625	2	15	7	16	14	11	425	21	1	13	14	6	116	5	283	50	40
98605	67	54	43	46	35	38	13125	425	67	6431	1875	62	160536	20451	10	36	68	18	14	34	13	25	28
18951	0	0	0	0	0	0	3	0	0	23	1	0	133	6	0	0	0	0	0	0	0	0	0
511532	0	0	0	0	1	0	24	1	0	8	2	1	280	56	0	2	0	0	0	0	0	0	1
506496	1	1	0	0	0	0	18	2	0	10	2	0	209	34	0	0	0	0	0	0	0	0	0
332405	13	9	4	6	8	3	2620	108	9	2011	567	11	41672	6777	2	10	23	1	3	6	5	9	3
526804	54	23	23	26	37	4	2684	537	72	1091	957	140	10168	24545	16	35	59	14	4	20	10	77	31
534193	3	2	0	1	2	2	2117	6	3	97	12	8	1764	146	0	2	1	1	3	1	3	4	2
50448	1	0	0	0	2	0	643	3	0	16	0	2	1292	59	0	1	0	0	1	0	0	1	0
108747	88	35	45	44	61	36	2143	685	233	1075	977	931	8805	11871	16	36	55	7	16	16	7	205	1273
144643	1	1	1	0	0	0	8	3	0	2	2	1	87	54	0	0	0	1	0	0	0	1	0
370433	6	6	0	1	0	1	4807	3	0	75	5	0	16	4	0	1	1	5	3	0	0	1	2
416992	1	1	0	4	2	5	10	6	2	14	5	3	93	77	0	1	1	0	0	0	0	1	6
15382	2	0	0	5	3	6	2	4	1	4	1	1	44	36	0	0	0	0	0	2	0	0	0
72003	0	0	0	25	16	30	1	2	2	4	2	3	30	45	0	0	0	0	0	1	0	0	2
44359	0	0	0	0	0	0	50	0	0	1	0	0	141	0	0	0	0	0	0	0	0	0	0
15357	1	0	0	26	17	25	16	1	2	4	2	1	179	39	0	0	0	0	0	0	0	0	0
328458	1	0	0	64	46	65	0	1	0	0	0	0	5	3	0	0	0	0	0	0	0	1	0
242407	0	0	0	0	0	0	7	0	0	0	1	0	88	9	0	0	0	0	0	0	0	0	0
518033	0	1	1	0	0	0	161	0	3	28	0	0	1	0	0	0	0	0	0	0	0	0	0
470603	0	0	0	0	0	0	15	0	0	64	0	0	38	0	0	0	0	0	0	0	0	1	0
252321	0	0	0	0	0	0	644	1	2	111	1	27	523	3	1	1	7	0	0	0	0	39	2
514694	1	0	0	0	1	0	2	0	0	6	0	4	135	0	0	0	5	0	0	0	0	1	54
470599	0	0	0	0	0	0	5	0	1	154	0	0	0	0	0	0	0	0	0	0	0	0	0
269541	2	5	2	4	0	0	1631	6	1	4640	7	4	4526	6	0	0	1	3	0	0	0	1	0
378462	10	8	5	4	3	5	4055	17	7	11999	9	6	10612	34	0	10	10	5	4	2	4	1	5
158047	0	0	0	0	0	0	57	0	0	73	0	0	21	0	0	0	0	0	0	0	0	0	0
428705	0	2	0	0	0	0	25	0	0	63	0	0	90	1	0	0	0	0	0	1	0	0	0
326116	0	0	0	0	0	0	127	0	0	216	0	0	173	0	0	0	1	0	0	2	1	0	0
192272	1	0	0	0	0	0	84	0	1	270	0	0	309	1	0	1	0	0	0	0	0	0	0
184742	0	0	0	0	0	0	0	0	0	9	0	0	13	1	0	3	465	0	0	2	0	0	0
526718	0	0	0	0	0	0	312	2	0	107	0	0	61	0	0	0	0	0	1	3	1	0	0
578911	3	3	3	0	0	0	16	0	0	23	0	0	106	0	0	0	0	1	0	2	2	1	0
589024	17	1	3	5	3	5	0	7	10	1	1	13356	1	21	0	4	6	1	0	1	35	4601	1420
469482	2	0	0	1	1	0	1	5	8578	43	0	1729	0	4	0	1	0	0	0	0	1	0	2
13850	9	11	23	0	0	0	0	0	0	0	0	0	0	0	0	0	0	0	0	1	74	0	0
470993	0	0	0	0	0	0	337	0	0	4	14	0	1186	33	1	1	1	0	0	0	0	0	0
120969	0	0	0	0	0	0	400	0	0	9	3	0	263	9	0	0	0	0	1	0	0	0	0
247733	0	0	0	0	0	0	340	1	0	3	0	0	170	5	0	0	0	0	0	0	0	0	0
550364	1	0	0	0	0	0	1218	2	0	26	4	0	635	21	0	0	0	0	0	0	2	0	0
33071	0	0	0	0	0	0	52	0	0	4	1	0	361	6	0	1	0	0	0	0	0	0	0
92034	0	0	0	1	1	0	48	3	0	1	118	0	53	309	1	1	1	0	0	0	0	0	1
360574	0	0	0	0	0	0	66	0	0	0	0	0	139	10	0	0	0	0	0	0	0	0	0
149091	0	0	0	1	2	0	0	0	0	14	4	0	89	12	0	0	0	0	0	0	0	0	0
149335	0	0	0	94	77	66	0	0	0	0	0	0	2	0	0	0	0	0	0	0	0	0	0
470691	20	6	2	7311	5806	6021	0	0	2	0	1	1	2	3	0	3	3	2	17	1	48	7	2
161464	160	47	39	1	0	0	0	0	0	0	1	0	0	0	0	0	1	0	0	0	0	0	0
535825	3	1	0	0	0	2	48	5	2	3	165	0	110	1277	1	0	2	0	1	0	0	1	0
13825	1	0	0	0	0	0	5	0	0	0	0	75	210	5	0	0	0	0	0	0	0	0	0
358364	1	0	0	0	0	0	101	0	2916	31	1	0	132	8	0	0	0	0	0	1	4	595	10
400559	0	2	0	0	0	0	19	0	51	13	0	1493	8	1	0	0	0	0	0	0	0	4	0
128382	0	0	0	0	0	0	20	0	6	76	1	160	60	0	0	0	0	0	0	0	1	6	1
155948	0	0	1	0	0	1	5	0	0	21	1	0	2470	6	0	0	0	0	0	0	0	0	1
585419	0	0	0	1	1	0	1	1	0	4	22	0	13	61	0	0	1	0	0	0	0	0	0
516119	1	0	0	0	0	0	79	0	0	25	47	9	1285	82	0	1	0	0	0	0	0	0	1
114821	62	46	28	46	31	16	2822	314	33	471	18746	109	13635	29890	20	24	74	14	17	13	15	32	16
145149	72	44	56	52	54	18	7831	734	29	339	6228	77	9278	73613	15	38	172	26	25	18	20	15	17
573384	0	0	1	3	0	0	8	1	1	1	36	0	34	80	0	0	1	0	0	0	0	0	0
471370	26	4	1	8414	7078	7436	0	3	2	0	0	2	0	8	0	5	5	2	20	3	68	10	1
250833	14	37	58	0	0	0	0	0	0	0	0	0	0	0	0	0	0	1	0	3	4	0	0
110317	0	0	0	0	0	0	0	2	243	0	0	395	0	0	0	0	0	0	0	0	0	0	0
68340	0	1	0	0	0	1	180	1	0	4	7	0	128	119	0	0	1	0	0	0	0	0	0
13893	0	0	0	0	0	0	3	0	2	7	0	89	0	0	0	0	1	0	0	0	0	0	0
246195	0	0	0	0	0	0	0	0	0	12	3	0	72	14	0	0	0	0	0	0	0	0	0
92501	0	0	0	0	0	0	75	1	0	1	1	0	129	4	0	0	0	0	0	0	0	0	0
535321	3	0	0	0	0	0	0	169	0	0	0	0	0	0	0	0	1	7	0	0	0	0	0
200359	0	1	2	1	0	0	5	5	0	85	279	0	272	15	0	0	1	3	0	0	0	0	0
