tax_id	assoc	stat	p.value	p.adjusted	label
549322	Freshwater	0.774596669241483	0.0092	0.0322553264604811	Crenarchaeota (549322)
315545	Saline	0.912245460839306	4e-04	0.0138338983050847	Nitrosopumilus (315545)
348549	Saline	0.912870929175277	6e-04	0.0151148148148148	Nitrosopumilus (348549)
515691	Freshwater	0.774596669241483	0.0092	0.0322553264604811	Crenarchaeota (515691)
525464	Freshwater	0.774596669241483	0.0092	0.0322553264604811	Crenarchaeota (525464)
246371	Freshwater	0.885196529182761	0.0073	0.0322553264604811	Crenarchaeota (246371)
245697	Freshwater	0.994961459339763	4e-04	0.0138338983050847	Crenarchaeota (245697)
45742	Freshwater	0.774596669241483	0.0092	0.0322553264604811	Crenarchaeota (45742)
570593	Freshwater	0.774596669241483	0.0092	0.0322553264604811	Crenarchaeota (570593)
62881	Freshwater	0.774596669241483	0.0092	0.0322553264604811	WCHD3-02 (62881)
329648	Freshwater	0.774596669241483	0.0092	0.0322553264604811	WCHD3-02 (329648)
547371	Freshwater	0.760934280356049	0.0126	0.0397377125193199	WCHD3-02 (547371)
140729	Freshwater	0.774596669241483	0.0092	0.0322553264604811	WCHD3-02 (140729)
319002	Freshwater	0.993847609867258	4e-04	0.0138338983050847	pMC2A33 (319002)
219191	Freshwater	0.774596669241483	0.0092	0.0322553264604811	pMC2A33 (219191)
412056	Freshwater	0.774596669241483	0.0092	0.0322553264604811	pMC2A33 (412056)
250392	Saline	0.909526938070659	0.0139	0.04303937784522	MarinegroupII (250392)
308755	Saline	0.816496580927726	0.0046	0.0322553264604811	MarinegroupII (308755)
255494	Saline	0.812309391374111	0.0142	0.0435715789473684	MarinegroupII (255494)
146866	Saline	0.816496580927726	0.0046	0.0322553264604811	MarinegroupII (146866)
155847	Saline	0.811922334398415	0.0078	0.0322553264604811	MarinegroupII (155847)
79	Freshwater	0.774596669241483	0.0092	0.0322553264604811	Methanobacterium (79)
77878	Freshwater	0.99046854602718	6e-04	0.0151148148148148	Methanobacterium (77878)
101553	Freshwater	0.774596669241483	0.0092	0.0322553264604811	Methanobacterium (101553)
134	Freshwater	0.774596669241483	0.0092	0.0322553264604811	Methanobacterium (134)
228569	Freshwater	0.774596669241483	0.0092	0.0322553264604811	Methanobrevibacter (228569)
246686	Freshwater	0.774596669241483	0.0092	0.0322553264604811	Methanobacteriaceae (246686)
67031	Freshwater	0.774596669241483	0.0092	0.0322553264604811	Actinobacteria (67031)
512499	Freshwater	0.774596669241483	0.0092	0.0322553264604811	Actinobacteria (512499)
160075	Freshwater	0.774596669241483	0.0092	0.0322553264604811	Microthrixaceae (160075)
543676	Freshwater	0.774596669241483	0.0092	0.0322553264604811	Microthrixaceae (543676)
215846	Freshwater	0.894427190999916	9e-04	0.0162517699115044	Microthrixaceae (215846)
145898	Freshwater	0.774596669241483	0.0092	0.0322553264604811	Microthrixaceae (145898)
228452	Saline	0.912870929175277	8e-04	0.0162517699115044	wb1_P06 (228452)
317641	Freshwater	0.967628922926592	1e-04	0.00784807692307692	Actinobacteria (317641)
223441	Freshwater	0.732236445942127	0.0126	0.0397377125193199	Actinobacteria (223441)
125157	Freshwater	0.774596669241483	0.0092	0.0322553264604811	CL500-29 (125157)
575662	Freshwater	0.774596669241483	0.0092	0.0322553264604811	CL500-29 (575662)
276603	Saline	0.912870929175277	6e-04	0.0151148148148148	CL500-29 (276603)
581081	Freshwater	0.774596669241483	0.0092	0.0322553264604811	CL500-29 (581081)
354357	Freshwater	0.741048272633356	0.0117	0.0386621052631579	CL500-29 (354357)
113190	Freshwater	0.774596669241483	0.0092	0.0322553264604811	CL500-29 (113190)
84258	Freshwater	0.774596669241483	0.0092	0.0322553264604811	EB1017 (84258)
223447	Freshwater	0.774596669241483	0.0092	0.0322553264604811	EB1017 (223447)
581739	Freshwater	0.774596669241483	0.0092	0.0322553264604811	Actinobacteria (581739)
104294	Freshwater	0.885328000244087	0.006	0.0322553264604811	Actinobacteria (104294)
11431	Freshwater	0.889595026034222	0.0011	0.0187828451882845	Actinobacteria (11431)
152323	Freshwater	0.888279852237126	0.0027	0.0320311046511628	Actinobacteria (152323)
270517	Freshwater+Saline	0.840566895941487	0.0146	0.0444978342046303	Actinobacteria (270517)
331234	Freshwater	0.791256568074944	0.0115	0.0385949835526316	Actinobacteria (331234)
193229	Freshwater	0.77225153316234	0.0126	0.0397377125193199	Actinobacteria (193229)
110305	Freshwater	0.757265691441008	0.0168	0.0491827833572453	Actinobacteria (110305)
235395	Freshwater	0.986256533494569	5e-04	0.014786231884058	ACK-M1 (235395)
105395	Freshwater	0.992874521669981	0.0105	0.0357683639398998	ACK-M1 (105395)
355132	Freshwater	0.980037911664847	0.0021	0.0288555555555556	ACK-M1 (355132)
350893	Freshwater	0.853516209642043	0.0052	0.0322553264604811	ACK-M1 (350893)
351161	Freshwater	0.960996504596394	0.0034	0.0322553264604811	ACK-M1 (351161)
331093	Freshwater	0.974485069693703	0.0112	0.0378057899090157	ACK-M1 (331093)
581541	Freshwater	0.95790522369513	5e-04	0.014786231884058	ACK-M1 (581541)
11451	Freshwater	0.774596669241483	0.0092	0.0322553264604811	Sporichthya (11451)
83082	Freshwater	0.757265691441008	0.0082	0.0322553264604811	Actinobacteria (83082)
153548	Freshwater	0.745575182621563	0.0082	0.0322553264604811	Actinobacteria (153548)
190663	Freshwater	0.906826899347781	0.0022	0.0297291390728477	Kineosporiaceae (190663)
226363	Freshwater	0.89085409194391	0.0059	0.0322553264604811	Microbacteriaceae (226363)
249637	Saline	0.77151674981046	0.014	0.0432505677517033	Demequina (249637)
23235	Human	0.941409175863293	6e-04	0.0151148148148148	Actinomyces (23235)
247201	Freshwater	0.75111856885422	0.0136	0.0424648814078041	Mycobacterium (247201)
579213	Freshwater	0.996502262805527	1e-04	0.00784807692307692	Mycobacterium (579213)
309862	Freshwater	0.876783895837509	0.0023	0.0297702127659574	Mycobacterium (309862)
300187	Freshwater	0.949716159867634	3e-04	0.01166	Mycobacterium (300187)
542335	Freshwater	0.774596669241483	0.0092	0.0322553264604811	SHA-116 (542335)
335847	Freshwater	0.774596669241483	0.0092	0.0322553264604811	W22 (335847)
227609	Freshwater	0.774596669241483	0.0092	0.0322553264604811	Zplanct13 (227609)
251512	Freshwater	0.774596669241483	0.0092	0.0322553264604811	Treponema (251512)
519715	Freshwater	0.774596669241483	0.0092	0.0322553264604811	SA-8 (519715)
63216	Freshwater	0.774596669241483	0.0092	0.0322553264604811	TM3 (63216)
149144	Freshwater	0.890996310726039	0.0024	0.0297702127659574	TM3 (149144)
221514	Freshwater	0.774596669241483	0.0092	0.0322553264604811	TM3 (221514)
550451	Freshwater	0.747970226318842	0.0117	0.0386621052631579	SJA-88 (550451)
143845	Freshwater	0.774596669241483	0.0092	0.0322553264604811	SJA-88 (143845)
88155	Freshwater	0.894427190999916	9e-04	0.0162517699115044	Leptospiraceae (88155)
245878	Freshwater	0.774596669241483	0.0092	0.0322553264604811	Desulfovibrio (245878)
190872	Human	0.816496580927726	0.0133	0.0415918007662835	Clostridium (190872)
303568	Saline	0.813719373626609	0.0142	0.0435715789473684	Cyanobacteria (303568)
200033	Freshwater	0.75252384336409	0.0117	0.0386621052631579	Trebouxiophyceae (200033)
38828	Freshwater	0.889242062144333	0.0022	0.0297291390728477	Trebouxiophyceae (38828)
233592	Freshwater	0.892550899462189	0.0035	0.0322553264604811	Cyanobacteria (233592)
25107	Saline	0.816496580927726	0.0046	0.0322553264604811	Cyanobacteria (25107)
137756	Freshwater	0.774596669241483	0.0092	0.0322553264604811	Cyanobacteria (137756)
210139	Freshwater	0.878019763194699	0.0055	0.0322553264604811	Cyanobacteria (210139)
83959	Freshwater	0.892651475150774	0.003	0.0322553264604811	Cyanobacteria (83959)
354695	Saline	0.812636055372001	0.0086	0.0322553264604811	Cyanobacteria (354695)
592858	Freshwater	0.774596669241483	0.0092	0.0322553264604811	Cyanobacteria (592858)
558119	Saline	0.993064427813379	0.0013	0.0211366533864542	Cyanobacteria (558119)
308887	Freshwater+Saline	0.998361997262387	1e-04	0.00784807692307692	Cyanobacteria (308887)
313351	Freshwater+Saline	0.846741645282235	0.0108	0.0366374064837905	Cyanobacteria (313351)
278521	Freshwater+Saline	0.997089511934743	2e-04	0.00896923076923077	Cyanobacteria (278521)
561077	Freshwater+Saline	0.998426659971007	0.0014	0.0221449612403101	Cyanobacteria (561077)
542011	Freshwater	0.937701903366025	0.0061	0.0322553264604811	Cyanobacteria (542011)
139214	Freshwater+Saline	0.949054509282829	0.001	0.0177434782608696	Cyanobacteria (139214)
323726	Freshwater	0.98760794758248	0.0027	0.0320311046511628	Cyanobacteria (323726)
549748	Freshwater+Saline	0.797724035217466	0.01	0.0345847457627119	Cyanobacteria (549748)
332808	Freshwater+Saline	0.992630702823542	0.0077	0.0322553264604811	Cyanobacteria (332808)
91725	Freshwater+Saline	0.951539896042286	0.0027	0.0320311046511628	Cyanobacteria (91725)
305627	Saline	0.990882528263811	0.0026	0.0315791666666667	Cyanobacteria (305627)
347310	Saline	0.816496580927726	0.0046	0.0322553264604811	Cyanobacteria (347310)
327536	Freshwater+Saline	0.997502253674324	0.0055	0.0322553264604811	Cyanobacteria (327536)
318540	Freshwater+Saline	0.950609612804444	9e-04	0.0162517699115044	Cyanobacteria (318540)
306869	Freshwater+Saline	0.902998060416362	0.0038	0.0322553264604811	Cyanobacteria (306869)
340216	Freshwater+Saline	0.99737364330407	0.0069	0.0322553264604811	Cyanobacteria (340216)
106374	Saline	0.811423373904329	0.0147	0.0447024590163934	Cyanobacteria (106374)
338106	Saline	0.809732376731918	0.0148	0.0448394951744618	Cyanobacteria (338106)
131943	Saline	0.810884854079383	0.0142	0.0435715789473684	Cyanobacteria (131943)
351106	Saline	0.813733471206735	0.0139	0.04303937784522	Cyanobacteria (351106)
48463	Saline	0.815111513635415	0.0067	0.0322553264604811	Cyanobacteria (48463)
228407	Saline	0.908314682187659	0.0091	0.0322553264604811	Cyanobacteria (228407)
210194	Freshwater	0.774596669241483	0.0092	0.0322553264604811	Cyanobacterium (210194)
221509	Freshwater	0.774596669241483	0.0092	0.0322553264604811	Cyanobacterium (221509)
107995	Freshwater	0.894427190999916	0.0014	0.0221449612403101	Aphanizomenon (107995)
279083	Freshwater	0.774596669241483	0.0092	0.0322553264604811	Leptolyngbya (279083)
225695	Freshwater	0.893265747592192	0.0041	0.0322553264604811	Prochlorococcus (225695)
152259	Freshwater	0.877862290928858	0.0048	0.0322553264604811	Prochlorococcus (152259)
3343	Freshwater	1	1e-04	0.00784807692307692	Prochlorococcus (3343)
550108	Freshwater	0.997493999569021	2e-04	0.00896923076923077	Prochlorococcus (550108)
142703	Freshwater	0.997958764966882	3e-04	0.01166	Prochlorococcus (142703)
202572	Freshwater	0.992067144255112	9e-04	0.0162517699115044	Prochlorococcus (202572)
558480	Freshwater	0.813676204344972	0.0081	0.0322553264604811	Prochlorococcus (558480)
190926	Freshwater	0.93496422389552	0.0036	0.0322553264604811	Pseudanabaena (190926)
180764	Freshwater	0.741048272633356	0.0145	0.0442922904191617	Pseudanabaena (180764)
142290	Saline	0.816496580927726	0.0039	0.0322553264604811	Sulfurimonas (142290)
558915	Freshwater	0.874415101603068	0.0019	0.0269232638888889	Burkholderiaceae (558915)
546434	Freshwater	0.894427190999916	9e-04	0.0162517699115044	Burkholderiaceae (546434)
310487	Freshwater	1	1e-04	0.00784807692307692	Burkholderiaceae (310487)
170130	Freshwater	0.894427190999916	9e-04	0.0162517699115044	Burkholderiaceae (170130)
324381	Saline	0.868366469197185	0.01	0.0345847457627119	Burkholderiaceae (324381)
250119	Freshwater	0.774596669241483	0.0092	0.0322553264604811	Alcaligenaceae (250119)
511916	Freshwater	0.882765320682096	0.0119	0.0391960451977401	Alcaligenaceae (511916)
581579	Freshwater	0.774596669241483	0.0092	0.0322553264604811	Alcaligenaceae (581579)
207344	Freshwater	0.751469149302179	0.013	0.0407786318216756	Sutterella (207344)
95883	Freshwater	0.853202139290516	0.0059	0.0322553264604811	Alcaligenaceae (95883)
228077	Freshwater	0.943606731980567	5e-04	0.014786231884058	Proteobacteria (228077)
536916	Freshwater	0.863252847925829	0.0064	0.0322553264604811	Proteobacteria (536916)
589010	Freshwater	0.894427190999916	9e-04	0.0162517699115044	Vogesella (589010)
6370	Freshwater	1	1e-04	0.00784807692307692	Vogesella (6370)
519627	Freshwater	0.774596669241483	0.0092	0.0322553264604811	Laribacter (519627)
240452	Freshwater	0.774596669241483	0.0092	0.0322553264604811	Proteobacteria (240452)
41200	Freshwater	0.948683298050514	3e-04	0.01166	Proteobacteria (41200)
224900	Freshwater	0.884840341928206	0.0023	0.0297702127659574	Proteobacteria (224900)
234053	Freshwater	0.894427190999916	9e-04	0.0162517699115044	Proteobacteria (234053)
150739	Freshwater	0.894427190999916	9e-04	0.0162517699115044	Proteobacteria (150739)
224259	Freshwater	0.894427190999916	9e-04	0.0162517699115044	Proteobacteria (224259)
250010	Freshwater	0.948683298050514	3e-04	0.01166	Proteobacteria (250010)
583255	Freshwater	0.876572556403813	8e-04	0.0162517699115044	Proteobacteria (583255)
277681	Freshwater	0.826566197489419	0.0034	0.0322553264604811	Proteobacteria (277681)
551424	Freshwater	0.950075778252997	0.0027	0.0320311046511628	Proteobacteria (551424)
222729	Freshwater	0.931891116296093	6e-04	0.0151148148148148	Proteobacteria (222729)
285572	Freshwater	0.759670478984949	0.0092	0.0322553264604811	Proteobacteria (285572)
541147	Freshwater	0.774596669241483	0.0092	0.0322553264604811	Proteobacteria (541147)
593905	Freshwater	0.769137850913518	0.0092	0.0322553264604811	Proteobacteria (593905)
219174	Freshwater	0.863995540679685	0.0094	0.0328155688622754	Proteobacteria (219174)
281246	Freshwater	0.718143674398551	0.0157	0.0469046120058565	Proteobacteria (281246)
279993	Freshwater	0.991509440488737	5e-04	0.014786231884058	Proteobacteria (279993)
563745	Freshwater	0.76852130744697	0.0092	0.0322553264604811	Proteobacteria (563745)
168042	Freshwater	0.886834788888457	0.0062	0.0322553264604811	Proteobacteria (168042)
165384	Freshwater	0.99313600499829	0.0019	0.0269232638888889	Proteobacteria (165384)
235519	Freshwater	0.751742162626101	0.0102	0.0348628140703518	Proteobacteria (235519)
352281	Freshwater	0.774596669241483	0.0092	0.0322553264604811	Proteobacteria (352281)
221665	Freshwater	0.774596669241483	0.0092	0.0322553264604811	Proteobacteria (221665)
142009	Freshwater	0.774596669241483	0.0092	0.0322553264604811	Proteobacteria (142009)
157311	Freshwater	0.746337763553869	0.0162	0.0479073913043478	Proteobacteria (157311)
264040	Freshwater	0.913475279409747	5e-04	0.014786231884058	Methylophilaceae (264040)
104555	Freshwater	0.882036844183534	0.004	0.0322553264604811	Methylotenera (104555)
537948	Freshwater	0.813676204344972	0.0052	0.0322553264604811	Methylotenera (537948)
105727	Freshwater	0.852411581682907	0.0053	0.0322553264604811	Methylotenera (105727)
202563	Freshwater	0.774596669241483	0.0092	0.0322553264604811	Methylotenera (202563)
306546	Freshwater	0.791256568074944	0.0107	0.0363889166666667	Methylotenera (306546)
99150	Freshwater	0.898717034272917	0.003	0.0322553264604811	Methylophilaceae (99150)
354554	Freshwater+Saline	0.900608086237875	0.0155	0.0465113970588235	Methylophilaceae (354554)
107387	Saline	0.991545109065642	0.0075	0.0322553264604811	Methylophilaceae (107387)
306270	Freshwater	0.963134694441721	0.0026	0.0315791666666667	Methylophilaceae (306270)
137279	Freshwater	0.767959043276509	0.0126	0.0397377125193199	Methylophilaceae (137279)
168285	Freshwater+Saline	0.901281473636486	0.0037	0.0322553264604811	Proteobacteria (168285)
551992	Freshwater	0.864899964187737	0.0056	0.0322553264604811	Proteobacteria (551992)
592669	Freshwater	0.758028372358903	0.0149	0.0450755374351371	Proteobacteria (592669)
137480	Freshwater	0.992082219041113	3e-04	0.01166	Gallionellaceae (137480)
528137	Freshwater	0.774596669241483	0.0092	0.0322553264604811	Gallionella (528137)
141618	Freshwater	0.884651736929383	0.0138	0.0429578947368421	Gallionellaceae (141618)
336177	Freshwater	0.774596669241483	0.0092	0.0322553264604811	Gallionellaceae (336177)
553899	Freshwater	0.774596669241483	0.0092	0.0322553264604811	Gallionellaceae (553899)
245670	Freshwater	0.991189255566704	3e-04	0.01166	Gallionellaceae (245670)
234236	Freshwater	0.774596669241483	0.0092	0.0322553264604811	Gallionellaceae (234236)
556474	Freshwater	0.80903983495589	0.0042	0.0322553264604811	Proteobacteria (556474)
245525	Freshwater	0.774596669241483	0.0092	0.0322553264604811	Methyloversatilis (245525)
137170	Freshwater	0.971504104324373	1e-04	0.00784807692307692	Methyloversatilis (137170)
43046	Freshwater	0.774596669241483	0.0092	0.0322553264604811	Methyloversatilis (43046)
323221	Freshwater	0.982546652264122	1e-04	0.00784807692307692	Methyloversatilis (323221)
6749	Freshwater	0.774596669241483	0.0092	0.0322553264604811	Methyloversatilis (6749)
567753	Freshwater	0.894427190999916	9e-04	0.0162517699115044	Methyloversatilis (567753)
147910	Freshwater	0.774596669241483	0.0092	0.0322553264604811	Rhodocyclaceae (147910)
356823	Freshwater	0.971983220645022	1e-04	0.00784807692307692	Rhodocyclaceae (356823)
149145	Freshwater	0.745575182621563	0.0148	0.0448394951744618	Rhodocyclaceae (149145)
6783	Freshwater	0.75855773416766	0.0102	0.0348628140703518	Rhodocyclaceae (6783)
586984	Freshwater	0.968486066263168	2e-04	0.00896923076923077	Thauera (586984)
265716	Freshwater	0.970494958830946	1e-04	0.00784807692307692	Thauera (265716)
234901	Freshwater	0.875189948987367	0.0015	0.0230131578947368	Thauera (234901)
80896	Freshwater	0.838116354923494	0.0034	0.0322553264604811	Rhodocyclaceae (80896)
107623	Freshwater	0.972021362613331	0.001	0.0177434782608696	Rhodocyclaceae (107623)
140458	Freshwater	0.989365170938847	1e-04	0.00784807692307692	Rhodocyclaceae (140458)
576674	Freshwater	0.845513818350284	0.004	0.0322553264604811	Rhodocyclaceae (576674)
30390	Freshwater	0.774596669241483	0.0092	0.0322553264604811	Dechloromonas (30390)
144181	Freshwater	0.774596669241483	0.0092	0.0322553264604811	Dechloromonas (144181)
551430	Freshwater	0.774596669241483	0.0092	0.0322553264604811	Dechloromonas (551430)
230074	Freshwater	0.774596669241483	0.0092	0.0322553264604811	Rhodocyclus (230074)
6713	Freshwater	0.774596669241483	0.0092	0.0322553264604811	Rhodocyclus (6713)
278532	Freshwater	0.832495122113184	0.004	0.0322553264604811	Proteobacteria (278532)
204943	Freshwater	0.89117590001106	0.0024	0.0297702127659574	Proteobacteria (204943)
148449	Freshwater	0.774596669241483	0.0092	0.0322553264604811	Proteobacteria (148449)
214210	Freshwater	0.887436640757246	0.0072	0.0322553264604811	Proteobacteria (214210)
325942	Freshwater	0.774596669241483	0.0092	0.0322553264604811	Proteobacteria (325942)
573582	Freshwater	0.884616644930839	0.0067	0.0322553264604811	Proteobacteria (573582)
233959	Freshwater	0.774596669241483	0.0092	0.0322553264604811	Proteobacteria (233959)
242598	Freshwater	0.750903070766625	0.0123	0.0397377125193199	Proteobacteria (242598)
562528	Freshwater	0.774596669241483	0.0092	0.0322553264604811	Thiobacillus (562528)
245116	Freshwater	0.848528137423857	0.0028	0.0322553264604811	Hydrogenophilaceae (245116)
539260	Freshwater	0.774596669241483	0.0092	0.0322553264604811	Hydrogenophilaceae (539260)
509637	Freshwater	0.774596669241483	0.0092	0.0322553264604811	Hydrogenophilaceae (509637)
224948	Freshwater	0.774596669241483	0.0092	0.0322553264604811	Oxalobacter (224948)
181996	Freshwater	0.872273498824461	0.0035	0.0322553264604811	Herbaspirillum (181996)
251263	Freshwater	0.927899534979696	0.0016	0.0240058823529412	Oxalobacteraceae (251263)
587586	Freshwater	0.774596669241483	0.0092	0.0322553264604811	Oxalobacteraceae (587586)
202769	Freshwater	0.8838167657788	0.0021	0.0288555555555556	Oxalobacteraceae (202769)
563357	Freshwater	0.838116354923494	0.0019	0.0269232638888889	Collimonas (563357)
133568	Freshwater	0.791256568074944	0.0064	0.0322553264604811	Oxalobacteraceae (133568)
67839	Freshwater	0.980730371238039	1e-04	0.00784807692307692	Oxalobacteraceae (67839)
242288	Freshwater	0.982262756122048	0.0016	0.0240058823529412	Polynucleobacter (242288)
324539	Freshwater	0.975653122650199	0.0012	0.0200704918032787	Polynucleobacter (324539)
73191	Freshwater	0.953257741764606	8e-04	0.0162517699115044	Cupriavidus (73191)
33253	Freshwater	0.846303944509387	0.0099	0.0343261682242991	Cupriavidus (33253)
320002	Freshwater	0.969411695898383	1e-04	0.00784807692307692	Proteobacteria (320002)
576928	Freshwater	0.774596669241483	0.0092	0.0322553264604811	Proteobacteria (576928)
306159	Freshwater	0.964026880375727	1e-04	0.00784807692307692	Proteobacteria (306159)
574956	Freshwater	0.98449518497084	1e-04	0.00784807692307692	Comamonadaceae (574956)
107152	Freshwater	0.74456203473864	0.0158	0.047099926953981	Comamonadaceae (107152)
119723	Freshwater	0.970494958830946	1e-04	0.00784807692307692	Simplicispira (119723)
422910	Freshwater	0.848528137423857	0.003	0.0322553264604811	Simplicispira (422910)
328795	Freshwater	1	1e-04	0.00784807692307692	Acidovorax (328795)
327583	Freshwater	0.927662529654132	2e-04	0.00896923076923077	Acidovorax (327583)
74685	Freshwater	0.886009190139857	0.003	0.0322553264604811	Acidovorax (74685)
64550	Freshwater	0.890840784948721	0.0108	0.0366374064837905	Acidovorax (64550)
141024	Freshwater	0.835507832085788	0.015	0.0453108808290155	Comamonadaceae (141024)
580578	Freshwater	1	1e-04	0.00784807692307692	Comamonadaceae (580578)
194785	Freshwater	0.928985305927998	1e-04	0.00784807692307692	Comamonadaceae (194785)
113128	Freshwater	0.791256568074944	0.0046	0.0322553264604811	Ramlibacter (113128)
124653	Freshwater	0.969963093301422	1e-04	0.00784807692307692	Limnohabitans (124653)
243487	Freshwater	0.821583836257749	0.0048	0.0322553264604811	Limnohabitans (243487)
332569	Freshwater	0.931891116296093	3e-04	0.01166	Limnohabitans (332569)
143875	Freshwater	0.884651736929383	9e-04	0.0162517699115044	Limnohabitans (143875)
72406	Freshwater	0.954313515420528	1e-04	0.00784807692307692	Limnohabitans (72406)
324241	Freshwater	0.996681354332954	8e-04	0.0162517699115044	Limnohabitans (324241)
328912	Freshwater	0.855688839374751	0.0014	0.0221449612403101	Limnohabitans (328912)
229790	Freshwater+Saline	0.994435513598251	0.0074	0.0322553264604811	Comamonadaceae (229790)
62986	Freshwater	0.894427190999916	9e-04	0.0162517699115044	Aquamonas (62986)
368509	Freshwater	0.986558528576524	2e-04	0.00896923076923077	Aquamonas (368509)
228981	Freshwater	0.985314914659046	1e-04	0.00784807692307692	Rhodoferax (228981)
322506	Freshwater	1	1e-04	0.00784807692307692	Rhodoferax (322506)
142773	Freshwater	0.992673894012537	5e-04	0.014786231884058	Polaromonas (142773)
544356	Freshwater	0.99184780668095	0.0051	0.0322553264604811	Comamonadaceae (544356)
315609	Freshwater	0.960395881106955	1e-04	0.00784807692307692	Comamonadaceae (315609)
337173	Freshwater	0.945313186873322	1e-04	0.00784807692307692	Comamonadaceae (337173)
141075	Freshwater	0.774596669241483	0.0101	0.0348420118343195	Comamonadaceae (141075)
235390	Freshwater	0.749025340718831	0.0122	0.0397377125193199	Comamonadaceae (235390)
584580	Freshwater	0.932412886035128	0.0043	0.0322553264604811	Hydrogenophaga (584580)
552978	Freshwater	0.936386516800933	0.0013	0.0211366533864542	Comamonadaceae (552978)
105792	Freshwater	0.956689206214921	1e-04	0.00784807692307692	Tepidimonas (105792)
347702	Freshwater	0.774596669241483	0.0092	0.0322553264604811	Proteobacteria (347702)
511659	Freshwater	0.894427190999916	9e-04	0.0162517699115044	Aquabacterium (511659)
37911	Freshwater	0.774596669241483	0.0092	0.0322553264604811	Mitsuaria (37911)
263929	Freshwater	0.90157319425487	0.0012	0.0200704918032787	Roseateles (263929)
110215	Freshwater	0.894427190999916	9e-04	0.0162517699115044	Paucibacter (110215)
261931	Freshwater	0.954204294989221	0.0011	0.0187828451882845	Proteobacteria (261931)
7173	Freshwater	0.937042571331636	2e-04	0.00896923076923077	Leptothrix (7173)
277679	Freshwater	0.790112306351065	0.0146	0.0444978342046303	Sphaerotilus (277679)
260565	Freshwater	0.774596669241483	0.0092	0.0322553264604811	Azohydromonas (260565)
107880	Freshwater	0.962003051692299	1e-04	0.00784807692307692	Azohydromonas (107880)
327001	Freshwater	0.774596669241483	0.0092	0.0322553264604811	Rubrivivax (327001)
587796	Freshwater	0.835903210434791	0.0042	0.0322553264604811	Rubrivivax (587796)
221331	Freshwater	0.855688839374751	0.0015	0.0230131578947368	Methylibium (221331)
217417	Freshwater	0.906826899347781	5e-04	0.014786231884058	Methylibium (217417)
225864	Freshwater	0.871664496796144	0.0016	0.0240058823529412	Methylibium (225864)
230801	Freshwater	0.991971259045795	3e-04	0.01166	Methylibium (230801)
342757	Freshwater	0.989806053901859	5e-04	0.014786231884058	Methylibium (342757)
214611	Freshwater	0.762912791964922	0.0082	0.0322553264604811	Methylibium (214611)
576053	Freshwater	0.964653075232519	1e-04	0.00784807692307692	Methylibium (576053)
107290	Freshwater	0.774596669241483	0.0092	0.0322553264604811	Proteobacteria (107290)
323551	Freshwater	0.879739375086836	0.0032	0.0322553264604811	Proteobacteria (323551)
166838	Freshwater	0.8838167657788	8e-04	0.0162517699115044	Proteobacteria (166838)
17679	Freshwater	0.879995343952297	0.0042	0.0322553264604811	Proteobacteria (17679)
8882	Saline	0.98675819518944	0.0054	0.0322553264604811	Alteromonas (8882)
357417	Saline	0.90639867209326	0.008	0.0322553264604811	Salinimonas (357417)
140761	Saline	0.886405260427918	0.0016	0.0240058823529412	Pseudoalteromonas (140761)
259542	Saline	0.969689902733181	2e-04	0.00896923076923077	Pseudoalteromonas (259542)
140774	Saline	0.880830329272055	9e-04	0.0162517699115044	Pseudoalteromonas (140774)
161179	Saline	0.784464540552736	0.0091	0.0322553264604811	Pseudoalteromonas (161179)
140805	Saline	0.912870929175277	5e-04	0.014786231884058	Pseudoalteromonas (140805)
160023	Freshwater+Saline	0.900519215718941	0.0022	0.0297291390728477	Psychromonas (160023)
39185	Saline	0.912870929175277	8e-04	0.0162517699115044	Psychromonas (39185)
46271	Saline	0.816496580927726	0.0037	0.0322553264604811	Vibrio (46271)
362563	Saline	0.845154254728517	0.0032	0.0322553264604811	Vibrio (362563)
586740	Saline	0.836660026534076	0.0032	0.0322553264604811	Vibrio (586740)
169940	Saline	0.912870929175277	6e-04	0.0151148148148148	Vibrio (169940)
84937	Saline	0.769800358919501	0.0102	0.0348628140703518	Vibrio (84937)
549366	Saline	0.906183139995265	0.0022	0.0297291390728477	Vibrio (549366)
160550	Saline	0.816496580927726	0.0043	0.0322553264604811	Photobacterium (160550)
8249	Saline	0.812464474403335	0.0074	0.0322553264604811	Moraxella (8249)
107242	Saline	0.994693063566618	2e-04	0.00896923076923077	SUP05 (107242)
233692	Saline	0.910502907211971	7e-04	0.0162517699115044	SUP05 (233692)
388347	Freshwater+Saline	0.951281248961225	7e-04	0.0162517699115044	SUP05 (388347)
67478	Freshwater	0.877453595371331	0.0046	0.0322553264604811	SUP05 (67478)
104276	Saline	0.996055211447623	2e-04	0.00896923076923077	SUP05 (104276)
320243	Saline	0.790569415042095	0.0104	0.0354869565217391	CandidatusPortiera (320243)
593801	Freshwater+Saline	0.995864546769285	0.0081	0.0322553264604811	CandidatusPortiera (593801)
331005	Saline	0.910335171695914	0.0013	0.0211366533864542	CandidatusPortiera (331005)
232511	Saline	0.904929082592148	0.0078	0.0322553264604811	CandidatusPortiera (232511)
264258	Saline	0.912870929175277	5e-04	0.014786231884058	OM60 (264258)
338117	Saline	0.999498972862983	1e-04	0.00784807692307692	OM60 (338117)
578438	Saline	0.912870929175277	5e-04	0.014786231884058	OM60 (578438)
97734	Saline	0.988728506606258	4e-04	0.0138338983050847	OM60 (97734)
139864	Saline	0.998460598391911	1e-04	0.00784807692307692	OM60 (139864)
545003	Saline	0.982299486257503	4e-04	0.0138338983050847	Congregibacter (545003)
336455	Saline	0.912870929175277	5e-04	0.014786231884058	Congregibacter (336455)
350845	Saline	0.998309381715719	2e-04	0.00896923076923077	Congregibacter (350845)
245864	Saline	0.816496580927726	0.0039	0.0322553264604811	OM60 (245864)
185581	Saline	0.906311507835465	0.0059	0.0322553264604811	OM60 (185581)
546020	Saline	0.901621026877885	0.014	0.0432505677517033	OM60 (546020)
236604	Saline	0.992629715286064	8e-04	0.0162517699115044	OM60 (236604)
593222	Saline	0.99708595786496	2e-04	0.00896923076923077	OM60 (593222)
279539	Saline	0.99732829948499	2e-04	0.00896923076923077	OM60 (279539)
149014	Saline	1	2e-04	0.00896923076923077	OM60 (149014)
576242	Saline	0.816496580927726	0.0038	0.0322553264604811	OM60 (576242)
103055	Freshwater+Saline	0.904534033733291	0.0029	0.0322553264604811	OM60 (103055)
335051	Saline	0.898224990965149	9e-04	0.0162517699115044	OM60 (335051)
572372	Saline	0.912870929175277	6e-04	0.0151148148148148	OM60 (572372)
269778	Saline	0.816496580927726	0.0046	0.0322553264604811	Spongiibacter (269778)
310378	Saline	0.912870929175277	5e-04	0.014786231884058	Spongiibacter (310378)
541691	Saline	0.816496580927726	0.0038	0.0322553264604811	Spongiibacter (541691)
312030	Saline	0.806050565488477	0.0114	0.0383539983511954	HTCC2207 (312030)
270409	Saline	0.991916177433709	0.003	0.0322553264604811	HTCC2207 (270409)
96014	Saline	0.908530681762344	0.011	0.0372539419087137	HTCC2207 (96014)
328475	Saline	1	2e-04	0.00896923076923077	ZD0117 (328475)
255044	Saline	1	2e-04	0.00896923076923077	ZD0117 (255044)
216695	Saline	0.902122993899888	0.012	0.0394299516908213	HTCC2089 (216695)
306969	Saline	0.908002249505134	0.0011	0.0187828451882845	HTCC2089 (306969)
98593	Saline	0.995233204045556	4e-04	0.0138338983050847	HTCC2089 (98593)
228537	Saline	0.922291931353085	0.0032	0.0322553264604811	HTCC2089 (228537)
544395	Saline	0.816496580927726	0.0046	0.0322553264604811	ZA3412c (544395)
313341	Saline	0.812523337976997	0.0072	0.0322553264604811	ZA3412c (313341)
104318	Saline	0.816496580927726	0.0039	0.0322553264604811	211ds20 (104318)
314090	Saline	0.998731232307847	2e-04	0.00896923076923077	HTCC2188 (314090)
333266	Saline	0.908485615123349	8e-04	0.0162517699115044	HTCC (333266)
532913	Saline	0.991652536738905	0.0015	0.0230131578947368	HTCC (532913)
317708	Saline	0.993946516292534	2e-04	0.00896923076923077	HTCC (317708)
230216	Saline	0.99708878567138	1e-04	0.00784807692307692	HTCC (230216)
262549	Saline	0.816496580927726	0.0038	0.0322553264604811	HTCC (262549)
315848	Saline	0.81411958438206	0.0068	0.0322553264604811	HTCC (315848)
8173	Saline	1	2e-04	0.00896923076923077	Oceanospirillaceae (8173)
145318	Saline	0.912870929175277	5e-04	0.014786231884058	Marinomonas (145318)
103719	Saline	0.816496580927726	0.0046	0.0322553264604811	Marinomonas (103719)
243296	Saline	0.816496580927726	0.0038	0.0322553264604811	Amphritea (243296)
161773	Saline	0.868198620259849	0.0042	0.0322553264604811	Oceanospirillaceae (161773)
152723	Saline	0.979795897113271	2e-04	0.00896923076923077	Reinekea (152723)
165647	Saline	0.97182531580755	1e-04	0.00784807692307692	Reinekea (165647)
66020	Saline	0.912870929175277	6e-04	0.0151148148148148	Methylophaga (66020)
158847	Saline	0.816496580927726	0.0035	0.0322553264604811	Methylophaga (158847)
221119	Saline	0.996840434440245	1e-04	0.00784807692307692	Methylophaga (221119)
117364	Saline	0.989454889836307	2e-04	0.00896923076923077	Piscirickettsiaceae (117364)
205808	Freshwater	0.88603808056376	0.0056	0.0322553264604811	Methylocaldum (205808)
309790	Saline	0.996212107599096	2e-04	0.00896923076923077	Methylococcaceae (309790)
141872	Freshwater+Saline	0.997328341472544	3e-04	0.01166	Crenothrix (141872)
8098	Freshwater	0.99585169988255	4e-04	0.0138338983050847	Crenothrix (8098)
141423	Freshwater	0.774596669241483	0.0092	0.0322553264604811	Crenothrix (141423)
150338	Freshwater	0.767428306008887	0.016	0.0474190268700073	Crenothrix (150338)
48494	Freshwater	0.774596669241483	0.0092	0.0322553264604811	Crenothrix (48494)
548160	Freshwater	0.883185018565274	0.0132	0.041310736196319	Crenothrix (548160)
530612	Saline	0.987640382938831	0.003	0.0322553264604811	Crenothrix (530612)
94840	Freshwater	0.880229032471833	0.0084	0.0322553264604811	Crenothrix (94840)
131019	Freshwater	0.886568778347387	0.0027	0.0320311046511628	Crenothrix (131019)
534688	Freshwater	0.995189967301356	7e-04	0.0162517699115044	Crenothrix (534688)
224998	Freshwater	0.880787673017435	0.0123	0.0397377125193199	Proteobacteria (224998)
218525	Freshwater	0.759670478984949	0.0092	0.0322553264604811	Proteobacteria (218525)
294790	Saline	0.912870929175277	0.0012	0.0200704918032787	Proteobacteria (294790)
8057	Freshwater+Saline	0.904534033733291	0.0018	0.026235	Methylomonas (8057)
8084	Freshwater	0.774596669241483	0.0092	0.0322553264604811	Methylomonas (8084)
45263	Freshwater	0.774596669241483	0.0092	0.0322553264604811	Methylomonas (45263)
574649	Saline	0.816496580927726	0.0046	0.0322553264604811	Cycloclasticus (574649)
305646	Saline	0.912066566582589	0.0011	0.0187828451882845	Proteobacteria (305646)
252006	Saline	0.816496580927726	0.0038	0.0322553264604811	Leucothrix (252006)
37302	Saline	0.816496580927726	0.0038	0.0322553264604811	Thiothrix (37302)
510924	Saline	0.981557512070312	1e-04	0.00784807692307692	Thiothrix (510924)
18746	Saline	0.907479248620309	0.0045	0.0322553264604811	Thiothrix (18746)
277633	Saline	0.989917362033565	1e-04	0.00784807692307692	Proteobacteria (277633)
317335	Saline	0.998976981829386	1e-04	0.00784807692307692	Proteobacteria (317335)
277645	Saline	0.912870929175277	6e-04	0.0151148148148148	Proteobacteria (277645)
589725	Saline	0.912870929175277	6e-04	0.0151148148148148	Proteobacteria (589725)
311740	Saline	0.912049632626482	8e-04	0.0162517699115044	Proteobacteria (311740)
581185	Saline	0.814945778804266	0.0071	0.0322553264604811	Proteobacteria (581185)
98216	Freshwater+Saline	0.904534033733291	0.0019	0.0269232638888889	Proteobacteria (98216)
523629	Freshwater	0.750903070766625	0.0117	0.0386621052631579	Coxiellaceae (523629)
556502	Saline	0.912870929175277	6e-04	0.0151148148148148	Proteobacteria (556502)
101210	Saline	0.816496580927726	0.0038	0.0322553264604811	Proteobacteria (101210)
577330	Saline	0.816496580927726	0.0038	0.0322553264604811	Proteobacteria (577330)
151600	Saline	0.816496580927726	0.0038	0.0322553264604811	Proteobacteria (151600)
535870	Saline	0.816496580927726	0.0038	0.0322553264604811	Proteobacteria (535870)
342284	Saline	0.816496580927726	0.0038	0.0322553264604811	Proteobacteria (342284)
155418	Saline	0.815642057845963	0.0056	0.0322553264604811	Proteobacteria (155418)
126228	Saline	0.815197460644363	0.0063	0.0322553264604811	Proteobacteria (126228)
342374	Saline	0.907514741289852	0.0098	0.0340083333333333	Proteobacteria (342374)
517810	Saline	0.816496580927726	0.0046	0.0322553264604811	Proteobacteria (517810)
105115	Saline	0.805387266256829	0.0151	0.0455118906942393	Proteobacteria (105115)
332804	Saline	0.912870929175277	6e-04	0.0151148148148148	Proteobacteria (332804)
533132	Saline	0.906464738243205	7e-04	0.0162517699115044	Proteobacteria (533132)
580575	Saline	0.816496580927726	0.0038	0.0322553264604811	Proteobacteria (580575)
263960	Saline	0.816496580927726	0.0038	0.0322553264604811	Proteobacteria (263960)
278306	Saline	0.816496580927726	0.0038	0.0322553264604811	Proteobacteria (278306)
72638	Saline	0.99774350972311	4e-04	0.0138338983050847	Proteobacteria (72638)
275872	Saline	0.912870929175277	5e-04	0.014786231884058	Proteobacteria (275872)
156200	Saline	0.816496580927726	0.0038	0.0322553264604811	Proteobacteria (156200)
566137	Saline	0.912332203292314	0.0015	0.0230131578947368	Proteobacteria (566137)
516020	Saline	0.816496580927726	0.0038	0.0322553264604811	Proteobacteria (516020)
273520	Saline	0.912176202340114	0.0032	0.0322553264604811	Proteobacteria (273520)
584938	Saline	0.81411958438206	0.0041	0.0322553264604811	Proteobacteria (584938)
264798	Saline	0.815797824632912	0.0061	0.0322553264604811	Proteobacteria (264798)
217304	Saline	0.816496580927726	0.0039	0.0322553264604811	Proteobacteria (217304)
110147	Saline	0.816496580927726	0.0048	0.0322553264604811	Proteobacteria (110147)
296708	Saline	1	2e-04	0.00896923076923077	Proteobacteria (296708)
546867	Saline	0.99528942465624	1e-04	0.00784807692307692	Proteobacteria (546867)
277870	Saline	0.816496580927726	0.0046	0.0322553264604811	Proteobacteria (277870)
250082	Saline	0.912039240146756	0.0075	0.0322553264604811	Proteobacteria (250082)
149753	Saline	0.816496580927726	0.0046	0.0322553264604811	Proteobacteria (149753)
103037	Saline	0.816496580927726	0.0046	0.0322553264604811	Proteobacteria (103037)
353756	Freshwater	0.768344777914964	0.0126	0.0397377125193199	Sinobacteraceae (353756)
156986	Freshwater	0.894427190999916	9e-04	0.0162517699115044	Sinobacteraceae (156986)
155536	Freshwater	0.878978236207261	0.0042	0.0322553264604811	Sinobacteraceae (155536)
142645	Freshwater	0.992799238100302	0.0026	0.0315791666666667	Sinobacteraceae (142645)
587540	Freshwater	0.76921970108252	0.0161	0.0476807692307692	Sinobacteraceae (587540)
244867	Freshwater	0.994836581266262	0.0025	0.0308232628398792	Sinobacteraceae (244867)
581900	Freshwater	0.886102331849581	0.0037	0.0322553264604811	Sinobacteraceae (581900)
154435	Freshwater	0.996881813425109	3e-04	0.01166	Sinobacteraceae (154435)
332574	Freshwater	0.768688141554535	0.0092	0.0322553264604811	Sinobacteraceae (332574)
511463	Freshwater	0.963863194682999	1e-04	0.00784807692307692	Sinobacteraceae (511463)
156654	Freshwater	0.774596669241483	0.0092	0.0322553264604811	Sinobacteraceae (156654)
560106	Freshwater	0.75855773416766	0.0102	0.0348628140703518	Sinobacteraceae (560106)
254180	Freshwater	0.774596669241483	0.0092	0.0322553264604811	Sinobacteraceae (254180)
194499	Saline	0.909616477000783	8e-04	0.0162517699115044	Sinobacteraceae (194499)
526439	Saline	0.816496580927726	0.0038	0.0322553264604811	Sinobacteraceae (526439)
273639	Saline	0.910800924404345	0.0013	0.0211366533864542	Sinobacteraceae (273639)
90324	Saline	0.910957151537422	8e-04	0.0162517699115044	Sinobacteraceae (90324)
258873	Saline	0.816496580927726	0.0046	0.0322553264604811	Sinobacteraceae (258873)
589587	Saline	0.815831139430932	0.005	0.0322553264604811	Sinobacteraceae (589587)
562037	Saline	0.816496580927726	0.0038	0.0322553264604811	Sinobacteraceae (562037)
7630	Saline	0.816496580927726	0.0046	0.0322553264604811	Sinobacteraceae (7630)
166442	Saline	1	2e-04	0.00896923076923077	Sinobacteraceae (166442)
574507	Saline	0.816496580927726	0.0038	0.0322553264604811	Sinobacteraceae (574507)
515916	Saline	0.9113756440942	5e-04	0.014786231884058	Sinobacteraceae (515916)
137174	Saline	0.912870929175277	6e-04	0.0151148148148148	Sinobacteraceae (137174)
7634	Saline	0.816496580927726	0.0038	0.0322553264604811	Sinobacteraceae (7634)
336977	Saline	0.816496580927726	0.0038	0.0322553264604811	Sinobacteraceae (336977)
276755	Saline	0.816496580927726	0.0038	0.0322553264604811	Sinobacteraceae (276755)
559794	Saline	0.816496580927726	0.0038	0.0322553264604811	Sinobacteraceae (559794)
362891	Saline	0.816496580927726	0.0046	0.0322553264604811	Proteobacteria (362891)
241066	Saline	0.816496580927726	0.0038	0.0322553264604811	Proteobacteria (241066)
331064	Saline	0.816496580927726	0.0046	0.0322553264604811	Proteobacteria (331064)
32280	Freshwater	0.762912791964922	0.0092	0.0322553264604811	Proteobacteria (32280)
7606	Freshwater	0.981067167463287	0.0029	0.0322553264604811	Proteobacteria (7606)
169677	Saline	0.816496580927726	0.0038	0.0322553264604811	Proteobacteria (169677)
7619	Saline	0.920574617898323	5e-04	0.014786231884058	Proteobacteria (7619)
565944	Saline	0.8001103676628	0.01	0.0345847457627119	Proteobacteria (565944)
147990	Saline	0.801783725737273	0.0077	0.0322553264604811	Proteobacteria (147990)
114044	Freshwater+Saline	0.999449308840885	1e-04	0.00784807692307692	Proteobacteria (114044)
153466	Saline	0.910066403563886	0.0017	0.025228	Proteobacteria (153466)
346479	Freshwater+Saline	0.904534033733291	0.0028	0.0322553264604811	Proteobacteria (346479)
207297	Saline	0.816496580927726	0.0038	0.0322553264604811	Proteobacteria (207297)
589101	Saline	0.890870806374748	0.0016	0.0240058823529412	Proteobacteria (589101)
581393	Saline	1	2e-04	0.00896923076923077	Proteobacteria (581393)
316871	Saline	0.912870929175277	6e-04	0.0151148148148148	Proteobacteria (316871)
535059	Saline	0.912870929175277	6e-04	0.0151148148148148	Proteobacteria (535059)
197820	Freshwater	0.774596669241483	0.0092	0.0322553264604811	Chromatiaceae (197820)
7541	Freshwater	0.774596669241483	0.0092	0.0322553264604811	Lamprocystis (7541)
91521	Freshwater+Saline	0.797724035217466	0.011	0.0372539419087137	Thiotrichaceae (91521)
568472	Saline	0.816496580927726	0.0038	0.0322553264604811	Proteobacteria (568472)
511925	Freshwater	0.765351364971937	0.0145	0.0442922904191617	Proteobacteria (511925)
56552	Freshwater	0.774596669241483	0.0092	0.0322553264604811	Proteobacteria (56552)
573373	Freshwater	0.774596669241483	0.0092	0.0322553264604811	Proteobacteria (573373)
350596	Freshwater	0.764390733667852	0.0126	0.0397377125193199	Proteobacteria (350596)
155504	Freshwater	0.774596669241483	0.0092	0.0322553264604811	Proteobacteria (155504)
539199	Freshwater	0.774596669241483	0.0092	0.0322553264604811	Proteobacteria (539199)
359435	Freshwater	0.774596669241483	0.0092	0.0322553264604811	Proteobacteria (359435)
204506	Freshwater	0.774596669241483	0.0092	0.0322553264604811	Proteobacteria (204506)
254119	Freshwater	0.838546136170613	0.0093	0.03255	Lysobacter (254119)
593908	Freshwater	0.828078671210825	0.0089	0.0322553264604811	Xanthomonadaceae (593908)
105946	Freshwater	0.844412547251646	0.0086	0.0322553264604811	Xanthomonadaceae (105946)
232066	Saline	0.816496580927726	0.0046	0.0322553264604811	CandidatusPelagibacter (232066)
325911	Saline	0.814190088803112	0.0142	0.0435715789473684	CandidatusPelagibacter (325911)
116334	Saline	0.990447023736254	0.0035	0.0322553264604811	CandidatusPelagibacter (116334)
560655	Freshwater	0.878825690797789	0.0116	0.0386621052631579	CandidatusPelagibacter (560655)
333113	Saline	0.90615103259752	0.0124	0.0397377125193199	CandidatusPelagibacter (333113)
233274	Saline	0.816496580927726	0.0046	0.0322553264604811	CandidatusPelagibacter (233274)
68974	Saline	0.993335408925957	8e-04	0.0162517699115044	CandidatusPelagibacter (68974)
216594	Freshwater	0.774596669241483	0.0092	0.0322553264604811	Rhizobium (216594)
47066	Freshwater	0.746824262375855	0.016	0.0474190268700073	Rhizobium (47066)
103710	Freshwater	0.872661710824109	0.0015	0.0230131578947368	Bartonella (103710)
552671	Saline	0.793599588721959	0.0157	0.0469046120058565	Phyllobacteriaceae (552671)
240197	Saline	0.816496580927726	0.0038	0.0322553264604811	Phyllobacteriaceae (240197)
588630	Freshwater	0.774596669241483	0.0092	0.0322553264604811	Phyllobacteriaceae (588630)
548592	Saline	0.816496580927726	0.0038	0.0322553264604811	Phyllobacteriaceae (548592)
320821	Saline	0.90887235135026	0.0023	0.0297702127659574	Phyllobacteriaceae (320821)
289355	Saline	0.912870929175277	8e-04	0.0162517699115044	Phyllobacteriaceae (289355)
228302	Saline	0.906763914995599	0.0047	0.0322553264604811	Phyllobacteriaceae (228302)
155540	Saline	0.816496580927726	0.0047	0.0322553264604811	Phyllobacteriaceae (155540)
544772	Freshwater	0.791256568074944	0.0156	0.0467084372707263	Devosia (544772)
107461	Freshwater	0.734846922834953	0.0145	0.0442922904191617	Methylocystaceae (107461)
287211	Freshwater	0.774596669241483	0.0092	0.0322553264604811	Proteobacteria (287211)
588231	Freshwater	0.774596669241483	0.0093	0.03255	Bradyrhizobiaceae (588231)
166851	Freshwater	0.737583792356007	0.0102	0.0348628140703518	Bradyrhizobium (166851)
248505	Freshwater	0.774596669241483	0.0092	0.0322553264604811	Rhodoplanes (248505)
70100	Freshwater	0.739686801204842	0.0102	0.0348628140703518	Rhodoplanes (70100)
112955	Freshwater	0.857964006483795	0.0018	0.026235	Rhodoplanes (112955)
20976	Freshwater	0.928985305927998	3e-04	0.01166	Rhodoplanes (20976)
76270	Freshwater	0.743475558113252	0.0102	0.0348628140703518	Rhodoplanes (76270)
315986	Freshwater	0.774596669241483	0.0092	0.0322553264604811	Rhodoplanes (315986)
471399	Freshwater	0.765784133660731	0.0092	0.0322553264604811	Beijerinckia (471399)
32333	Freshwater	0.894427190999916	9e-04	0.0162517699115044	Beijerinckiaceae (32333)
19989	Freshwater	0.975271515685392	3e-04	0.01166	Beijerinckiaceae (19989)
252325	Freshwater	0.960233824530686	3e-04	0.01166	Proteobacteria (252325)
136235	Freshwater	0.774596669241483	0.0092	0.0322553264604811	Proteobacteria (136235)
162925	Freshwater	0.774596669241483	0.0092	0.0322553264604811	Methylocystaceae (162925)
537864	Freshwater	0.774596669241483	0.0092	0.0322553264604811	Methylocystaceae (537864)
156044	Freshwater	0.751742162626101	0.0156	0.0467084372707263	Methylocystaceae (156044)
161177	Freshwater	0.908901835026924	0.003	0.0322553264604811	Methylosinus (161177)
236892	Freshwater	0.791256568074944	0.0149	0.0450755374351371	Methylocystis (236892)
513254	Freshwater	0.987789529879623	1e-04	0.00784807692307692	Proteobacteria (513254)
142726	Freshwater	0.97876615862897	4e-04	0.0138338983050847	Proteobacteria (142726)
225699	Freshwater	0.774596669241483	0.0092	0.0322553264604811	Proteobacteria (225699)
152480	Freshwater	0.774596669241483	0.0092	0.0322553264604811	Rhodomicrobium (152480)
262760	Freshwater	0.765902828599779	0.0159	0.0473634306569343	Hyphomicrobiaceae (262760)
240757	Freshwater	0.75855773416766	0.0102	0.0348628140703518	Pedomicrobium (240757)
114978	Freshwater	0.774596669241483	0.0092	0.0322553264604811	Hyphomicrobium (114978)
172883	Freshwater	0.774596669241483	0.0092	0.0322553264604811	Hyphomicrobium (172883)
248682	Freshwater	0.774596669241483	0.0092	0.0322553264604811	Hyphomicrobiaceae (248682)
34344	Freshwater	0.746337763553869	0.0155	0.0465113970588235	Hyphomicrobium (34344)
573659	Freshwater	0.769795602352909	0.0165	0.0484086987778577	Hyphomicrobium (573659)
198749	Freshwater	0.770543283653358	0.0126	0.0397377125193199	Hyphomicrobium (198749)
591539	Freshwater	0.774596669241483	0.0092	0.0322553264604811	Proteobacteria (591539)
136944	Freshwater	0.766451367501402	0.0126	0.0397377125193199	Proteobacteria (136944)
525648	Freshwater	0.988914938660303	2e-04	0.00896923076923077	Proteobacteria (525648)
355688	Freshwater	0.774596669241483	0.0092	0.0322553264604811	Proteobacteria (355688)
581542	Freshwater	0.813676204344972	0.0064	0.0322553264604811	Rhodobacteraceae (581542)
553131	Saline	0.815665540935364	0.0118	0.0388980613893376	Rhodobacteraceae (553131)
320764	Saline	0.992848537556115	4e-04	0.0138338983050847	Rhodobacteraceae (320764)
549968	Saline	1	2e-04	0.00896923076923077	Rhodobacteraceae (549968)
170549	Saline	0.816496580927726	0.0046	0.0322553264604811	Rhodobacteraceae (170549)
105613	Saline	0.908302739057445	0.0083	0.0322553264604811	Loktanella (105613)
328838	Saline	0.816496580927726	0.0043	0.0322553264604811	Loktanella (328838)
5681	Saline	0.816496580927726	0.0038	0.0322553264604811	Sulfitobacter (5681)
318367	Saline	0.912870929175277	6e-04	0.0151148148148148	Rhodobacteraceae (318367)
186153	Saline	0.812232862067414	0.0123	0.0397377125193199	Loktanella (186153)
341986	Saline	0.813711479301776	0.0086	0.0322553264604811	Rhodobacteraceae (341986)
550938	Saline	0.816496580927726	0.0046	0.0322553264604811	Rhodobacteraceae (550938)
138930	Saline	0.816496580927726	0.0037	0.0322553264604811	Rhodobacteraceae (138930)
142136	Saline	0.816496580927726	0.0046	0.0322553264604811	Rhodobacteraceae (142136)
112728	Saline	0.912870929175277	6e-04	0.0151148148148148	Rhodobacteraceae (112728)
334722	Saline	0.993832293279915	0.004	0.0322553264604811	Rhodobacteraceae (334722)
534609	Freshwater+Saline	0.99827377741135	0.0139	0.04303937784522	Rhodobacteraceae (534609)
346324	Saline	0.812024343797657	0.0127	0.0399912808641975	Nereida (346324)
153572	Saline	0.995563983198048	2e-04	0.00896923076923077	Oceanicola (153572)
140817	Saline	0.8129075675932	0.0137	0.0427117647058824	Rhodobacteraceae (140817)
236240	Saline	0.816496580927726	0.0046	0.0322553264604811	Rhodobacteraceae (236240)
133856	Saline	0.991616259952709	0.0062	0.0322553264604811	Rhodobacteraceae (133856)
574171	Saline	0.805585223066076	0.0096	0.0333710391822828	Rhodobacteraceae (574171)
532163	Freshwater	0.855688839374751	0.0029	0.0322553264604811	Rhodobacter (532163)
98295	Freshwater	0.982184469197629	1e-04	0.00784807692307692	Rhodobacter (98295)
5802	Freshwater	0.833508753466491	0.0061	0.0322553264604811	Rhodobacter (5802)
591654	Freshwater	0.894427190999916	9e-04	0.0162517699115044	Rhodobacteraceae (591654)
568966	Freshwater	0.774596669241483	0.0084	0.0322553264604811	Rhodobacteraceae (568966)
525801	Freshwater	0.864899964187737	0.0013	0.0211366533864542	Rhodobacteraceae (525801)
323018	Freshwater	0.77154104916795	0.0165	0.0484086987778577	Rhodobacteraceae (323018)
233567	Saline	0.802044171976313	0.0147	0.0447024590163934	Thioclava (233567)
220130	Saline	0.858897501470802	0.0015	0.0230131578947368	Thioclava (220130)
230022	Saline	0.811211757883866	0.0091	0.0322553264604811	Rhodobacteraceae (230022)
18609	Freshwater	0.774596669241483	0.0092	0.0322553264604811	Hyphomonadaceae (18609)
211469	Freshwater	0.774596669241483	0.0092	0.0322553264604811	Hyphomonadaceae (211469)
519257	Freshwater	0.833438459664682	0.0045	0.0322553264604811	Hyphomonadaceae (519257)
530619	Freshwater	0.774596669241483	0.0092	0.0322553264604811	Hyphomonadaceae (530619)
5851	Saline	0.816496580927726	0.0043	0.0322553264604811	Maricaulis (5851)
514038	Saline	0.904190009958361	0.0111	0.0374992549668874	Hyphomonadaceae (514038)
318593	Saline	0.816496580927726	0.0038	0.0322553264604811	Proteobacteria (318593)
565413	Freshwater	0.914298334087564	0.0034	0.0322553264604811	Caulobacteraceae (565413)
231965	Freshwater	0.774596669241483	0.0092	0.0322553264604811	Caulobacteraceae (231965)
219048	Freshwater	0.774596669241483	0.0092	0.0322553264604811	Phenylobacterium (219048)
5552	Freshwater	0.982865265334823	0.0015	0.0230131578947368	Phenylobacterium (5552)
199553	Freshwater	0.774596669241483	0.0101	0.0348420118343195	Phenylobacterium (199553)
511230	Freshwater	0.894427190999916	9e-04	0.0162517699115044	Proteobacteria (511230)
532912	Freshwater	0.774596669241483	0.0092	0.0322553264604811	Proteobacteria (532912)
354693	Saline	0.989777863895601	0.008	0.0322553264604811	Rhodospirillaceae (354693)
310134	Saline	0.81323151439742	0.016	0.0474190268700073	Rhodospirillaceae (310134)
115653	Saline	0.81173562733329	0.0088	0.0322553264604811	Rhodospirillaceae (115653)
545263	Saline	0.810793391812779	0.012	0.0394299516908213	Rhodospirillaceae (545263)
155692	Saline	0.812857291200422	0.0137	0.0427117647058824	Rhodospirillaceae (155692)
58135	Freshwater	0.774596669241483	0.0092	0.0322553264604811	Rhodospirillaceae (58135)
341445	Saline	0.816496580927726	0.0048	0.0322553264604811	Rhodospirillaceae (341445)
554284	Freshwater	1	1e-04	0.00784807692307692	Roseococcus (554284)
217968	Freshwater	0.764549594515769	0.0092	0.0322553264604811	Roseomonas (217968)
407742	Freshwater	0.904534033733291	2e-04	0.00896923076923077	Acetobacteraceae (407742)
277643	Freshwater	0.774596669241483	0.0089	0.0322553264604811	Proteobacteria (277643)
133044	Freshwater	0.774596669241483	0.0089	0.0322553264604811	Sphingomonadaceae (133044)
92490	Freshwater	0.8038369524685	0.0081	0.0322553264604811	Novosphingobium (92490)
224427	Freshwater	0.994247867152046	2e-04	0.00896923076923077	Novosphingobium (224427)
53381	Saline	0.806946584785929	0.0118	0.0388980613893376	Lutibacterium (53381)
263034	Saline	0.816496580927726	0.0039	0.0322553264604811	Proteobacteria (263034)
147648	Freshwater	0.944860515685716	0.002	0.0277619047619048	Proteobacteria (147648)
278075	Freshwater	0.996099524881587	3e-04	0.01166	Zymomonas (278075)
6365	Freshwater	0.799193141499197	0.0087	0.0322553264604811	Proteobacteria (6365)
541547	Saline	0.812464474403335	0.006	0.0322553264604811	Proteobacteria (541547)
114901	Freshwater	0.957999560487758	7e-04	0.0162517699115044	Proteobacteria (114901)
114029	Saline	0.994032342276931	2e-04	0.00896923076923077	Proteobacteria (114029)
277150	Freshwater	0.774596669241483	0.0092	0.0322553264604811	Proteobacteria (277150)
217352	Freshwater	0.774596669241483	0.0092	0.0322553264604811	Proteobacteria (217352)
594198	Freshwater	0.725830054690961	0.0123	0.0397377125193199	Proteobacteria (594198)
239473	Freshwater	0.774596669241483	0.0092	0.0322553264604811	Proteobacteria (239473)
590108	Freshwater	0.889053446855539	0.0039	0.0322553264604811	Proteobacteria (590108)
266671	Freshwater	0.774596669241483	0.0092	0.0322553264604811	Proteobacteria (266671)
547121	Freshwater	0.774596669241483	0.0092	0.0322553264604811	Proteobacteria (547121)
441506	Freshwater	0.769824001073617	0.0126	0.0397377125193199	Proteobacteria (441506)
590338	Freshwater	0.774596669241483	0.0092	0.0322553264604811	Proteobacteria (590338)
583342	Freshwater	0.774596669241483	0.0092	0.0322553264604811	Proteobacteria (583342)
219858	Freshwater	0.769091292650356	0.0117	0.0386621052631579	Proteobacteria (219858)
553256	Freshwater	0.761489180364423	0.0092	0.0322553264604811	Proteobacteria (553256)
534747	Freshwater	0.991819131329142	7e-04	0.0162517699115044	Proteobacteria (534747)
154329	Freshwater	0.889571415759178	0.0039	0.0322553264604811	Proteobacteria (154329)
149503	Freshwater	0.774596669241483	0.0092	0.0322553264604811	Proteobacteria (149503)
232064	Freshwater	0.891679328312526	0.0024	0.0297702127659574	Proteobacteria (232064)
265934	Freshwater	0.764482120961039	0.0165	0.0484086987778577	Proteobacteria (265934)
10776	Freshwater	0.774596669241483	0.0092	0.0322553264604811	Desulfobacca (10776)
558853	Freshwater	0.774596669241483	0.0092	0.0322553264604811	Desulfobacca (558853)
536721	Freshwater	0.774596669241483	0.0092	0.0322553264604811	Desulfobacca (536721)
155465	Freshwater	0.774596669241483	0.0092	0.0322553264604811	Desulfobacca (155465)
560302	Freshwater	0.774596669241483	0.0092	0.0322553264604811	Syntrophobacteraceae (560302)
578505	Freshwater	0.774596669241483	0.0092	0.0322553264604811	Syntrophobacteraceae (578505)
262663	Freshwater	0.737154140200741	0.0123	0.0397377125193199	Syntrophobacteraceae (262663)
571785	Freshwater	0.774596669241483	0.0092	0.0322553264604811	Syntrophobacter (571785)
161965	Freshwater	0.887541582884821	0.0041	0.0322553264604811	Syntrophobacter (161965)
149053	Freshwater	0.767522578880198	0.016	0.0474190268700073	Syntrophobacter (149053)
543826	Freshwater	0.774596669241483	0.0092	0.0322553264604811	Syntrophobacter (543826)
224441	Freshwater	0.774596669241483	0.0092	0.0322553264604811	Syntrophobacter (224441)
10754	Freshwater	0.767024672516489	0.0117	0.0386621052631579	Syntrophobacteraceae (10754)
552003	Freshwater	0.879291966536774	0.0024	0.0297702127659574	Desulfomonile (552003)
217198	Freshwater	0.889074496665226	0.0041	0.0322553264604811	Desulfobacteraceae (217198)
19549	Saline	0.816496580927726	0.0038	0.0322553264604811	Desulfobacteraceae (19549)
171180	Freshwater	0.774596669241483	0.0092	0.0322553264604811	Desulfobacteraceae (171180)
113116	Freshwater+Saline	0.797724035217466	0.0164	0.0483237545126354	Desulfobacterium (113116)
537744	Freshwater	0.774596669241483	0.0092	0.0322553264604811	Desulfobacteraceae (537744)
150612	Freshwater	0.889641564410635	0.0042	0.0322553264604811	Desulfobacteraceae (150612)
552734	Freshwater	0.890648436498242	0.0024	0.0297702127659574	Desulfobacteraceae (552734)
94853	Freshwater	0.762912791964922	0.0092	0.0322553264604811	Syntrophaceae (94853)
34985	Freshwater	0.768896837060119	0.0126	0.0397377125193199	Syntrophaceae (34985)
284321	Freshwater	0.770642602226609	0.0126	0.0397377125193199	Syntrophus (284321)
10860	Freshwater	0.774596669241483	0.0092	0.0322553264604811	Syntrophus (10860)
10845	Freshwater	0.774596669241483	0.0092	0.0322553264604811	Syntrophus (10845)
10858	Freshwater	0.774596669241483	0.0092	0.0322553264604811	Syntrophus (10858)
269237	Freshwater	0.774596669241483	0.0092	0.0322553264604811	Syntrophaceae (269237)
587689	Freshwater	0.774596669241483	0.0092	0.0322553264604811	Syntrophaceae (587689)
133542	Freshwater	0.884097501684256	0.0074	0.0322553264604811	Syntrophaceae (133542)
586738	Freshwater	0.992523406713611	7e-04	0.0162517699115044	Syntrophaceae (586738)
203169	Freshwater	0.774596669241483	0.0092	0.0322553264604811	Syntrophaceae (203169)
534010	Freshwater	0.774596669241483	0.0092	0.0322553264604811	Syntrophaceae (534010)
162776	Freshwater	0.887528837278325	0.0043	0.0322553264604811	Syntrophaceae (162776)
546745	Freshwater	0.774596669241483	0.0092	0.0322553264604811	Syntrophaceae (546745)
282165	Freshwater	0.890049155945895	0.0024	0.0297702127659574	Syntrophaceae (282165)
269542	Freshwater	0.884433277428107	0.0045	0.0322553264604811	Proteobacteria (269542)
280179	Freshwater	0.774596669241483	0.0092	0.0322553264604811	Proteobacteria (280179)
145398	Freshwater	0.745575182621563	0.0139	0.04303937784522	Proteobacteria (145398)
56266	Freshwater	0.992998373550939	7e-04	0.0162517699115044	Proteobacteria (56266)
279049	Saline	0.816496580927726	0.0038	0.0322553264604811	Desulfobulbaceae (279049)
142768	Freshwater+Saline	0.851689399918969	0.0132	0.041310736196319	Desulfobulbus (142768)
162310	Freshwater	0.774596669241483	0.0092	0.0322553264604811	Desulfobulbaceae (162310)
319044	Saline	0.99931553209354	0.0078	0.0322553264604811	Desulfobulbaceae (319044)
25548	Saline	0.912047409901495	5e-04	0.014786231884058	Desulfobulbaceae (25548)
87194	Saline	0.999230822216008	0.0054	0.0322553264604811	Desulfobulbaceae (87194)
109272	Saline	0.816496580927726	0.0038	0.0322553264604811	Desulfobulbaceae (109272)
223812	Saline	0.816496580927726	0.0038	0.0322553264604811	Desulfobulbaceae (223812)
184429	Saline	0.816496580927726	0.0038	0.0322553264604811	Desulfobulbaceae (184429)
567464	Saline	0.816496580927726	0.0038	0.0322553264604811	Desulfobulbaceae (567464)
581436	Saline	0.816496580927726	0.0038	0.0322553264604811	Desulfobulbaceae (581436)
82114	Saline	0.816496580927726	0.0038	0.0322553264604811	Desulfobulbaceae (82114)
561836	Freshwater	0.774596669241483	0.0092	0.0322553264604811	Desulfobulbaceae (561836)
532903	Freshwater	0.994449027339637	6e-04	0.0151148148148148	Proteobacteria (532903)
546717	Freshwater	0.774596669241483	0.0092	0.0322553264604811	Proteobacteria (546717)
184957	Freshwater	0.774596669241483	0.0092	0.0322553264604811	Proteobacteria (184957)
593701	Freshwater	0.774596669241483	0.0092	0.0322553264604811	Proteobacteria (593701)
512958	Freshwater	0.774596669241483	0.0092	0.0322553264604811	Proteobacteria (512958)
66925	Freshwater	0.769961099968949	0.0092	0.0322553264604811	Proteobacteria (66925)
554930	Freshwater	0.774596669241483	0.0092	0.0322553264604811	Syntrophorhabdaceae (554930)
569150	Freshwater	0.774596669241483	0.0092	0.0322553264604811	Syntrophorhabdaceae (569150)
63254	Freshwater	0.774596669241483	0.0092	0.0322553264604811	Syntrophorhabdaceae (63254)
29387	Freshwater	0.887208128719296	0.0042	0.0322553264604811	Syntrophorhabdaceae (29387)
34143	Freshwater	0.774596669241483	0.0092	0.0322553264604811	Syntrophorhabdaceae (34143)
263319	Freshwater	0.994461018658581	4e-04	0.0138338983050847	Syntrophorhabdaceae (263319)
180225	Freshwater	0.774596669241483	0.0092	0.0322553264604811	Syntrophorhabdaceae (180225)
569641	Freshwater	0.774596669241483	0.0092	0.0322553264604811	Syntrophorhabdaceae (569641)
49295	Freshwater	0.894427190999916	9e-04	0.0162517699115044	Bdellovibrio (49295)
218005	Freshwater	0.774596669241483	0.0092	0.0322553264604811	Bacteriovoracaceae (218005)
277698	Saline	0.816496580927726	0.0037	0.0322553264604811	Bacteriovorax (277698)
119236	Freshwater	0.774596669241483	0.0092	0.0322553264604811	Proteobacteria (119236)
246321	Freshwater	0.813676204344972	0.0146	0.0444978342046303	Proteobacteria (246321)
381777	Freshwater	0.774596669241483	0.0092	0.0322553264604811	Syntrophobacteraceae (381777)
346925	Freshwater	0.774596669241483	0.0092	0.0322553264604811	Syntrophobacteraceae (346925)
540681	Freshwater	0.774596669241483	0.0092	0.0322553264604811	Syntrophobacteraceae (540681)
60598	Freshwater	0.734846922834953	0.0139	0.04303937784522	Syntrophobacteraceae (60598)
308535	Freshwater	0.744208407535251	0.0123	0.0397377125193199	Syntrophobacteraceae (308535)
565517	Freshwater	0.774596669241483	0.0092	0.0322553264604811	JTB38 (565517)
268705	Saline	0.912870929175277	6e-04	0.0151148148148148	JTB38 (268705)
195498	Saline	0.816496580927726	0.0038	0.0322553264604811	Proteobacteria (195498)
75196	Freshwater	0.757265691441008	0.0126	0.0397377125193199	Proteobacteria (75196)
560806	Freshwater	0.774596669241483	0.0092	0.0322553264604811	Proteobacteria (560806)
218567	Freshwater	0.774596669241483	0.0092	0.0322553264604811	Proteobacteria (218567)
562536	Freshwater	0.774596669241483	0.0092	0.0322553264604811	Proteobacteria (562536)
586966	Freshwater	0.774596669241483	0.0092	0.0322553264604811	Proteobacteria (586966)
251592	Freshwater	0.751742162626101	0.0082	0.0322553264604811	Proteobacteria (251592)
565643	Freshwater	0.774596669241483	0.0092	0.0322553264604811	Proteobacteria (565643)
108677	Freshwater	0.774596669241483	0.0092	0.0322553264604811	Polyangiaceae (108677)
222900	Freshwater	0.838116354923494	0.0036	0.0322553264604811	Polyangiaceae (222900)
565375	Freshwater	0.774596669241483	0.0092	0.0322553264604811	Haliangiaceae (565375)
207878	Freshwater	0.774596669241483	0.0092	0.0322553264604811	Haliangiaceae (207878)
136119	Freshwater	0.774596669241483	0.0092	0.0322553264604811	Proteobacteria (136119)
130774	Freshwater	0.774596669241483	0.0092	0.0322553264604811	Anaeromyxobacter (130774)
582110	Freshwater	0.774596669241483	0.0092	0.0322553264604811	Anaeromyxobacter (582110)
234490	Freshwater	0.885021806695383	0.0066	0.0322553264604811	Anaeromyxobacter (234490)
242301	Freshwater	0.774596669241483	0.0092	0.0322553264604811	Anaeromyxobacter (242301)
177418	Freshwater	0.774596669241483	0.0092	0.0322553264604811	Anaeromyxobacter (177418)
169586	Freshwater	0.774596669241483	0.0092	0.0322553264604811	Anaeromyxobacter (169586)
236994	Freshwater	0.774596669241483	0.0092	0.0322553264604811	Proteobacteria (236994)
141394	Freshwater	0.875907024035142	0.0023	0.0297702127659574	Proteobacteria (141394)
143335	Freshwater	0.774596669241483	0.0092	0.0322553264604811	Geobacter (143335)
244045	Freshwater	0.774596669241483	0.0092	0.0322553264604811	Geobacter (244045)
591167	Freshwater	0.774596669241483	0.0092	0.0322553264604811	Geobacter (591167)
582001	Freshwater	0.774596669241483	0.0092	0.0322553264604811	Geobacter (582001)
104157	Freshwater	0.891679328312526	0.0024	0.0297702127659574	Geobacter (104157)
571587	Freshwater	0.774596669241483	0.0092	0.0322553264604811	Geobacter (571587)
141399	Freshwater	0.774596669241483	0.0092	0.0322553264604811	Geobacter (141399)
109573	Freshwater	0.774596669241483	0.0092	0.0322553264604811	Geobacter (109573)
202514	Freshwater	0.888801806950018	0.0043	0.0322553264604811	Geobacter (202514)
160740	Freshwater	0.768344777914964	0.0126	0.0397377125193199	Geobacter (160740)
149523	Freshwater+Saline	0.797724035217466	0.0144	0.0441189189189189	Geobacter (149523)
142841	Freshwater	0.774596669241483	0.0092	0.0322553264604811	Geobacter (142841)
229376	Freshwater	0.888569713511683	0.0042	0.0322553264604811	Geobacter (229376)
10733	Freshwater	0.985205926383331	0.0027	0.0320311046511628	Geobacter (10733)
90570	Freshwater	0.764549594515769	0.0082	0.0322553264604811	Geobacter (90570)
141881	Freshwater	0.774596669241483	0.0092	0.0322553264604811	Geobacteraceae (141881)
549687	Freshwater	0.774596669241483	0.0092	0.0322553264604811	Geobacteraceae (549687)
525862	Saline	0.912533765385688	0.003	0.0322553264604811	Desulfuromonas (525862)
509809	Saline	0.816496580927726	0.0038	0.0322553264604811	Proteobacteria (509809)
237074	Saline	0.815853923149343	0.0061	0.0322553264604811	Desulfuromonadaceae (237074)
78716	Saline	0.80582296402538	0.006	0.0322553264604811	Desulfuromonadaceae (78716)
136482	Saline	1	2e-04	0.00896923076923077	Proteobacteria (136482)
225464	Freshwater	0.774596669241483	0.0092	0.0322553264604811	GOUTA4 (225464)
325820	Freshwater	0.774596669241483	0.0092	0.0322553264604811	TG3 (325820)
337082	Freshwater	0.889074496665226	0.0036	0.0322553264604811	Ignavibacteriaceae (337082)
141738	Freshwater	0.769752364882301	0.0126	0.0397377125193199	Chlorobi (141738)
60815	Freshwater	0.774596669241483	0.0092	0.0322553264604811	Chlorobi (60815)
241447	Freshwater	0.774596669241483	0.0092	0.0322553264604811	Chlorobi (241447)
222624	Freshwater	0.770242521937667	0.0092	0.0322553264604811	Chlorobi (222624)
217881	Freshwater	0.774596669241483	0.0092	0.0322553264604811	Chlorobi (217881)
152291	Freshwater	0.774596669241483	0.0092	0.0322553264604811	Chlorobi (152291)
360408	Freshwater	0.774596669241483	0.0092	0.0322553264604811	Chlorobi (360408)
586390	Freshwater	0.767282089267877	0.0092	0.0322553264604811	Chlorobi (586390)
114547	Freshwater	0.774596669241483	0.0092	0.0322553264604811	Chlorobi (114547)
569201	Freshwater	0.774596669241483	0.0092	0.0322553264604811	Chlorobi (569201)
196940	Freshwater	0.771420777764387	0.0126	0.0397377125193199	Chlorobi (196940)
172221	Freshwater	0.772199273614383	0.0126	0.0397377125193199	Chlorobi (172221)
145701	Freshwater	0.774596669241483	0.0092	0.0322553264604811	Chlorobi (145701)
230544	Freshwater	0.891118163041364	0.0024	0.0297702127659574	Chlorobi (230544)
565618	Freshwater	0.774596669241483	0.0092	0.0322553264604811	Chlorobi (565618)
170662	Freshwater	0.891919680624511	0.0024	0.0297702127659574	Chlorobi (170662)
149135	Freshwater	0.889687214913505	0.0041	0.0322553264604811	Chlorobi (149135)
554198	Freshwater	0.774596669241483	0.0092	0.0322553264604811	Chlorobi (554198)
561793	Freshwater	0.77138921583987	0.0126	0.0397377125193199	Chlorobi (561793)
578382	Freshwater	0.774596669241483	0.0092	0.0322553264604811	Chlorobi (578382)
320231	Freshwater	0.894427190999916	9e-04	0.0162517699115044	Bacteroidetes (320231)
525955	Freshwater	0.774596669241483	0.0092	0.0322553264604811	Bacteroidetes (525955)
101215	Freshwater	0.774596669241483	0.0092	0.0322553264604811	Bacteroidetes (101215)
66632	Saline	0.816496580927726	0.0035	0.0322553264604811	Bacteroidetes (66632)
230500	Saline	0.814861951498534	0.0067	0.0322553264604811	Bacteroidetes (230500)
227744	Saline	0.81358571041105	0.0063	0.0322553264604811	Bacteroidetes (227744)
141750	Saline	0.787499230958158	0.0104	0.0354869565217391	Bacteroidetes (141750)
575472	Freshwater	0.884823497291535	0.0065	0.0322553264604811	Bacteroidetes (575472)
542989	Saline	0.813167325141338	0.0142	0.0435715789473684	Bacteroidetes (542989)
356497	Saline	0.810685143499776	0.0151	0.0455118906942393	Bacteroidetes (356497)
339261	Freshwater+Saline	0.998123864850186	0.0058	0.0322553264604811	Bacteroidetes (339261)
100077	Saline	0.784464540552736	0.0082	0.0322553264604811	Bacteroidetes (100077)
511108	Saline	0.81104715464995	0.0096	0.0333710391822828	Bacteroidetes (511108)
562142	Saline	0.807407282023881	0.0118	0.0388980613893376	Bacteroidetes (562142)
232667	Saline	0.801783725737273	0.0091	0.0322553264604811	Bacteroidetes (232667)
150756	Saline	0.993203818441955	0.0023	0.0297702127659574	Bacteroidetes (150756)
230882	Saline	0.906971605418941	0.0044	0.0322553264604811	Bacteroidetes (230882)
548838	Saline	0.811539057375854	0.0142	0.0435715789473684	Bacteroidetes (548838)
286813	Saline	0.99121227467627	7e-04	0.0162517699115044	Flavobacteriaceae (286813)
249994	Saline	0.816496580927726	0.0038	0.0322553264604811	Flavobacteriaceae (249994)
68987	Saline	0.993404921412356	0.005	0.0322553264604811	Flavobacteriaceae (68987)
230145	Saline	0.816496580927726	0.0046	0.0322553264604811	Flavobacteriaceae (230145)
551808	Saline	0.796333059381195	0.0072	0.0322553264604811	Flavobacteriaceae (551808)
188334	Saline	0.90741404603468	0.0163	0.0481333574529667	Flavobacteriaceae (188334)
230843	Saline	0.905971042053813	0.015	0.0453108808290155	Flavobacteriaceae (230843)
348941	Saline	0.812991212967459	0.0128	0.0402750963762529	Flavobacteriaceae (348941)
228170	Saline	0.905548693341046	0.0048	0.0322553264604811	Flavobacteriaceae (228170)
171189	Saline	0.995530531686609	0.0044	0.0322553264604811	Flavobacteriaceae (171189)
170720	Saline	0.816496580927726	0.0046	0.0322553264604811	Flavobacteriaceae (170720)
585343	Saline	0.99480007280779	0.0036	0.0322553264604811	Flavobacteriaceae (585343)
118817	Freshwater+Saline	0.997968976727284	0.013	0.0407786318216756	Flavobacteriaceae (118817)
61189	Freshwater+Saline	0.997604672233116	0.0153	0.0460806642066421	Flavobacteriaceae (61189)
548700	Saline	0.809466344204927	0.0127	0.0399912808641975	Flavobacteriaceae (548700)
270711	Freshwater	0.774596669241483	0.0092	0.0322553264604811	Flavobacterium (270711)
329653	Freshwater	0.996041156271251	0.0027	0.0320311046511628	Flavobacterium (329653)
471192	Freshwater	0.752967696799077	0.0158	0.047099926953981	Flavobacterium (471192)
540329	Freshwater	0.926289463604869	0.0011	0.0187828451882845	Flavobacterium (540329)
397003	Freshwater	1	1e-04	0.00784807692307692	Flavobacterium (397003)
571350	Freshwater	0.760638829255665	0.0089	0.0322553264604811	Flavobacterium (571350)
44265	Freshwater	0.850845770782063	0.0168	0.0491827833572453	Flavobacterium (44265)
143925	Saline	0.907266291261148	0.016	0.0474190268700073	Flavobacteriaceae (143925)
243681	Saline	0.816496580927726	0.0038	0.0322553264604811	Flavobacteriaceae (243681)
556808	Saline	0.912870929175277	6e-04	0.0151148148148148	Flavobacteriaceae (556808)
187417	Saline	0.816496580927726	0.0038	0.0322553264604811	Robiginitalea (187417)
264786	Saline	0.906052003230576	0.0019	0.0269232638888889	Flavobacteriaceae (264786)
278872	Saline	0.912870929175277	6e-04	0.0151148148148148	Flavobacteriaceae (278872)
185297	Saline	0.812636055372001	0.0142	0.0435715789473684	Flavobacteriaceae (185297)
171297	Saline	0.812101719277818	0.0154	0.046279381443299	Flavobacteriaceae (171297)
99909	Saline	1	2e-04	0.00896923076923077	Winogradskyella (99909)
323607	Saline	0.99645499874784	2e-04	0.00896923076923077	Flavobacteriaceae (323607)
558722	Saline	0.816496580927726	0.0038	0.0322553264604811	Flavobacteriaceae (558722)
93188	Saline	0.993127066322842	2e-04	0.00896923076923077	Flavobacteriaceae (93188)
362896	Saline	1	2e-04	0.00896923076923077	Flavobacteriaceae (362896)
151803	Saline	0.906818479851365	0.0084	0.0322553264604811	Flavobacteriaceae (151803)
100807	Saline	0.90510302282657	0.0039	0.0322553264604811	Flavobacteriaceae (100807)
2450	Saline	0.816496580927726	0.0046	0.0322553264604811	Psychroserpens (2450)
150437	Saline	0.816496580927726	0.0038	0.0322553264604811	Psychroserpens (150437)
262661	Saline	0.995056064029287	0.0036	0.0322553264604811	Flavobacteriaceae (262661)
93722	Saline	0.816496580927726	0.0035	0.0322553264604811	Flavobacteriaceae (93722)
93747	Saline	0.993611873315995	0.007	0.0322553264604811	Flavobacteriaceae (93747)
243677	Saline	0.993871239514052	2e-04	0.00896923076923077	Flavobacteriaceae (243677)
139205	Saline	0.996224026792061	2e-04	0.00896923076923077	Lacinutrix (139205)
231727	Saline	0.986710372772058	1e-04	0.00784807692307692	Flavobacteriaceae (231727)
332554	Saline	0.912870929175277	6e-04	0.0151148148148148	Flavobacteriaceae (332554)
317388	Saline	1	2e-04	0.00896923076923077	Olleya (317388)
246587	Saline	0.816496580927726	0.0044	0.0322553264604811	Flavobacteriaceae (246587)
353655	Saline	0.810868275465884	0.0111	0.0374992549668874	Flavobacteriaceae (353655)
258097	Saline	0.816496580927726	0.0044	0.0322553264604811	Flavobacteriaceae (258097)
252313	Saline	0.816496580927726	0.0046	0.0322553264604811	Flavobacteriaceae (252313)
205919	Saline	0.994085055146127	0.0081	0.0322553264604811	Polaribacter (205919)
535272	Saline	0.987046609563619	0.0026	0.0315791666666667	Tenacibaculum (535272)
113326	Saline	0.908371115972145	0.0033	0.0322553264604811	Flavobacteriaceae (113326)
58645	Saline	0.816496580927726	0.0048	0.0322553264604811	Cryomorphaceae (58645)
308722	Saline	0.975742045245619	0.0012	0.0200704918032787	Cryomorphaceae (308722)
228555	Saline	0.854742339874456	0.0058	0.0322553264604811	Fluviicola (228555)
533497	Saline	0.816496580927726	0.0046	0.0322553264604811	Fluviicola (533497)
468138	Freshwater+Saline	0.841031384828953	0.0085	0.0322553264604811	Fluviicola (468138)
174634	Freshwater	0.767819665238867	0.0117	0.0386621052631579	Bacteroidetes (174634)
525962	Freshwater	0.774596669241483	0.0092	0.0322553264604811	Bacteroidetes (525962)
382628	Freshwater	0.774596669241483	0.0092	0.0322553264604811	Bacteroidetes (382628)
584987	Freshwater	0.774596669241483	0.0092	0.0322553264604811	Bacteroidetes (584987)
571300	Freshwater	0.774596669241483	0.0092	0.0322553264604811	Bacteroidetes (571300)
146517	Freshwater	0.774596669241483	0.0092	0.0322553264604811	Bacteroidetes (146517)
545634	Freshwater	0.774596669241483	0.0092	0.0322553264604811	Bacteroidetes (545634)
560122	Saline	0.815410091316803	0.0095	0.0330797781569966	Bacteroidetes (560122)
458762	Saline	0.816496580927726	0.0038	0.0322553264604811	Bacteroidetes (458762)
75260	Freshwater	0.767771895949914	0.013	0.0407786318216756	Bacteroidetes (75260)
284431	Freshwater	0.765536747405314	0.0126	0.0397377125193199	Bacteroidetes (284431)
232382	Freshwater	0.874415101603068	0.0011	0.0187828451882845	Bacteroidetes (232382)
518407	Freshwater	0.894427190999916	9e-04	0.0162517699115044	Bacteroidetes (518407)
232933	Freshwater	0.774596669241483	0.0092	0.0322553264604811	Bacteroidetes (232933)
544483	Freshwater	0.88724606678098	0.0065	0.0322553264604811	Bacteroidetes (544483)
247883	Freshwater	0.774596669241483	0.0092	0.0322553264604811	Bacteroidetes (247883)
213042	Freshwater	0.977653498885776	0.0041	0.0322553264604811	Bacteroidetes (213042)
1896	Freshwater	0.764057447960416	0.0164	0.0483237545126354	Bacteroidetes (1896)
578372	Freshwater	0.774596669241483	0.0092	0.0322553264604811	Bacteroidetes (578372)
549388	Freshwater	0.991651613025059	0.0012	0.0200704918032787	Bacteroidetes (549388)
80197	Freshwater	0.774596669241483	0.0092	0.0322553264604811	Bacteroidetes (80197)
286918	Freshwater	0.984932067885647	0.0032	0.0322553264604811	Bacteroidetes (286918)
284550	Freshwater+Saline	0.852802865422442	0.0087	0.0322553264604811	Bacteroidetes (284550)
583211	Freshwater	0.887845591711424	0.0024	0.0297702127659574	Bacteroidetes (583211)
586380	Freshwater	0.887917445156146	0.0042	0.0322553264604811	Bacteroidetes (586380)
282750	Freshwater	0.881952002764354	0.0042	0.0322553264604811	Bacteroidetes (282750)
245082	Freshwater	0.774596669241483	0.0092	0.0322553264604811	Bacteroidetes (245082)
105837	Freshwater	0.774596669241483	0.0092	0.0322553264604811	Bacteroidetes (105837)
184224	Freshwater	0.891552136338651	0.0024	0.0297702127659574	Bacteroidetes (184224)
285668	Freshwater	0.888871954285035	0.0043	0.0322553264604811	Bacteroidetes (285668)
109168	Freshwater	0.774596669241483	0.0092	0.0322553264604811	Bacteroidetes (109168)
52484	Freshwater	0.891118163041364	0.0024	0.0297702127659574	Bacteroidetes (52484)
156416	Freshwater+Saline	0.852802865422442	0.0069	0.0322553264604811	Bacteroidetes (156416)
239769	Freshwater	0.774596669241483	0.0092	0.0322553264604811	Bacteroidetes (239769)
251268	Freshwater	0.774596669241483	0.0092	0.0322553264604811	Bacteroidetes (251268)
551394	Saline	0.911841181606483	0.002	0.0277619047619048	Bacteroidetes (551394)
565133	Freshwater	0.982145975859427	0.0019	0.0269232638888889	Bacteroidetes (565133)
149156	Freshwater	0.774596669241483	0.0092	0.0322553264604811	Bacteroidetes (149156)
361496	Human	0.995018460979547	0.0162	0.0479073913043478	Bacteroides (361496)
348374	Human	0.999383056428999	1e-04	0.00784807692307692	Bacteroides (348374)
470812	Human	0.816496580927726	0.0138	0.0429578947368421	Porphyromonas (470812)
158466	Human	0.816496580927726	0.008	0.0322553264604811	Parabacteroides (158466)
291090	Human	0.941043642088452	0.0171	0.0498821300929235	Parabacteroides (291090)
326517	Freshwater	0.774596669241483	0.0092	0.0322553264604811	Porphyromonadaceae (326517)
271588	Freshwater	0.774596669241483	0.0092	0.0322553264604811	Bacteroidetes (271588)
138006	Human	0.816496580927726	0.0115	0.0385949835526316	Alistipes (138006)
108457	Freshwater	0.774596669241483	0.0092	0.0322553264604811	Bacteroidetes (108457)
157385	Freshwater+Saline	0.797724035217466	0.0143	0.0438454545454545	Bacteroidetes (157385)
566082	Freshwater	0.774596669241483	0.0092	0.0322553264604811	Bacteroidetes (566082)
534571	Freshwater	0.75252384336409	0.0123	0.0397377125193199	Bacteroidetes (534571)
571923	Freshwater	0.772067780124003	0.0126	0.0397377125193199	Bacteroidetes (571923)
211941	Freshwater	0.889342287994572	0.0041	0.0322553264604811	Bacteroidetes (211941)
593277	Freshwater	0.774596669241483	0.0092	0.0322553264604811	Bacteroidetes (593277)
239593	Freshwater	0.888279852237126	0.0064	0.0322553264604811	Bacteroidetes (239593)
157434	Freshwater	0.878590273051351	0.0074	0.0322553264604811	Bacteroidetes (157434)
130615	Freshwater	0.86773861100547	0.014	0.0432505677517033	Bacteroidetes (130615)
230769	Freshwater	0.774596669241483	0.0092	0.0322553264604811	Bacteroidetes (230769)
509310	Freshwater	0.766748476233537	0.0092	0.0322553264604811	Bacteroidetes (509310)
332717	Freshwater	0.781870036973525	0.0151	0.0455118906942393	Bacteroidetes (332717)
142131	Freshwater	0.864899964187737	0.0028	0.0322553264604811	Bacteroidetes (142131)
553113	Freshwater	0.956689206214921	1e-04	0.00784807692307692	Bacteroidetes (553113)
179289	Freshwater	0.966455865166115	0.001	0.0177434782608696	Bacteroidetes (179289)
222673	Freshwater	0.774596669241483	0.0091	0.0322553264604811	Bacteroidetes (222673)
304078	Freshwater	0.774596669241483	0.0092	0.0322553264604811	Bacteroidetes (304078)
284644	Freshwater	0.774596669241483	0.0092	0.0322553264604811	Bacteroidetes (284644)
223126	Freshwater	0.753937034925052	0.0102	0.0348628140703518	Bacteroidetes (223126)
82023	Freshwater	0.774596669241483	0.0092	0.0322553264604811	Bacteroidetes (82023)
257151	Freshwater	0.873279349595481	0.0045	0.0322553264604811	Bacteroidetes (257151)
142943	Freshwater	0.860916064775327	0.0028	0.0322553264604811	Bacteroidetes (142943)
176843	Freshwater	0.894427190999916	9e-04	0.0162517699115044	Bacteroidetes (176843)
275936	Saline	0.816496580927726	0.0046	0.0322553264604811	Bacteroidetes (275936)
162326	Saline	0.90911037383005	0.0032	0.0322553264604811	Bacteroidetes (162326)
327070	Freshwater	0.75855773416766	0.0158	0.047099926953981	Algoriphagus (327070)
228931	Saline	0.992776323925774	0.0017	0.025228	Bacteroidetes (228931)
155474	Saline	0.815197460644363	0.0069	0.0322553264604811	Flammeovirgaceae (155474)
323057	Saline	0.816496580927726	0.0038	0.0322553264604811	Flammeovirgaceae (323057)
234016	Saline	0.813788458771159	0.0142	0.0435715789473684	Bacteroidetes (234016)
342865	Freshwater	0.774596669241483	0.0092	0.0322553264604811	CandidatusAmoebophilus (342865)
512079	Freshwater	0.848528137423857	0.0043	0.0322553264604811	Cytophaga (512079)
205855	Freshwater	0.774596669241483	0.0092	0.0322553264604811	Cytophaga (205855)
254579	Freshwater	0.924401217559796	0.0023	0.0297702127659574	Cytophaga (254579)
577085	Freshwater	0.894427190999916	9e-04	0.0162517699115044	Cytophaga (577085)
508075	Freshwater	0.894427190999916	9e-04	0.0162517699115044	Runella (508075)
181596	Saline	0.816496580927726	0.0046	0.0322553264604811	Bacteroidetes (181596)
252788	Freshwater	0.774596669241483	0.0092	0.0322553264604811	Saprospiraceae (252788)
252967	Freshwater	0.774596669241483	0.0092	0.0322553264604811	Saprospiraceae (252967)
274126	Freshwater	0.774596669241483	0.0092	0.0322553264604811	Saprospiraceae (274126)
564650	Freshwater	0.873279349595481	0.0024	0.0297702127659574	Saprospiraceae (564650)
378092	Freshwater	0.996865164347873	9e-04	0.0162517699115044	CandidatusAquirestis (378092)
533454	Saline	0.809487896926603	0.0148	0.0448394951744618	Bacteroidetes (533454)
205961	Freshwater	0.894427190999916	9e-04	0.0162517699115044	Bacteroidetes (205961)
233334	Freshwater	0.889499179993321	0.0073	0.0322553264604811	Bacteroidetes (233334)
235904	Freshwater	0.92951600308978	0.0014	0.0221449612403101	Bacteroidetes (235904)
306684	Freshwater	0.848023511665622	0.0044	0.0322553264604811	Bacteroidetes (306684)
282480	Freshwater	0.791256568074944	0.0108	0.0366374064837905	Bacteroidetes (282480)
534067	Freshwater	0.865108047906419	0.0098	0.0340083333333333	Bacteroidetes (534067)
252037	Freshwater	0.75488359780244	0.0082	0.0322553264604811	Bacteroidetes (252037)
160173	Freshwater	0.774596669241483	0.0092	0.0322553264604811	Bacteroidetes (160173)
528336	Freshwater	0.894427190999916	9e-04	0.0162517699115044	Bacteroidetes (528336)
572138	Freshwater	0.998167892638739	5e-04	0.014786231884058	Bacteroidetes (572138)
109907	Freshwater	0.878501397769152	0.007	0.0322553264604811	Bacteroidetes (109907)
541963	Freshwater	0.864899964187737	0.0034	0.0322553264604811	Bacteroidetes (541963)
245652	Freshwater	0.894427190999916	9e-04	0.0162517699115044	Bacteroidetes (245652)
328627	Freshwater	0.750651890605469	0.0154	0.046279381443299	Bacteroidetes (328627)
551895	Freshwater	0.756282101350038	0.0126	0.0397377125193199	Bacteroidetes (551895)
47339	Freshwater	0.774596669241483	0.0092	0.0322553264604811	Bacteroidetes (47339)
278390	Freshwater	0.88361893916437	0.006	0.0322553264604811	Bacteroidetes (278390)
250672	Freshwater	0.774596669241483	0.0092	0.0322553264604811	Bacteroidetes (250672)
563390	Freshwater	0.762241863339877	0.0102	0.0348628140703518	Bacteroidetes (563390)
556825	Freshwater	0.774596669241483	0.0092	0.0322553264604811	Bacteroidetes (556825)
113866	Freshwater	0.843453596432907	0.0077	0.0322553264604811	Bacteroidetes (113866)
250277	Freshwater	0.892142571199771	6e-04	0.0151148148148148	Bacteroidetes (250277)
557824	Freshwater	0.762241863339877	0.0082	0.0322553264604811	Bacteroidetes (557824)
512264	Freshwater	0.884354491559421	0.0062	0.0322553264604811	Bacteroidetes (512264)
127471	Freshwater	0.974855099875579	0.0018	0.026235	Bacteroidetes (127471)
70346	Freshwater	0.961550431075804	0.0032	0.0322553264604811	Bacteroidetes (70346)
241011	Freshwater	0.843163311433734	0.0107	0.0363889166666667	Bacteroidetes (241011)
97049	Freshwater	0.864899964187737	0.0028	0.0322553264604811	Bacteroidetes (97049)
151254	Freshwater	0.915810939779251	0.0014	0.0221449612403101	Bacteroidetes (151254)
558023	Freshwater	0.996257191748186	4e-04	0.0138338983050847	Bacteroidetes (558023)
241123	Freshwater	0.938329188127846	0.0018	0.026235	Bacteroidetes (241123)
534616	Freshwater	0.876572556403813	8e-04	0.0162517699115044	Bacteroidetes (534616)
228372	Freshwater	0.889908875071752	0.002	0.0277619047619048	Bacteroidetes (228372)
591182	Saline	0.908802079565243	0.0048	0.0322553264604811	ZA3312c (591182)
105839	Freshwater	0.774596669241483	0.0092	0.0322553264604811	Gemmatimonadaceae (105839)
362018	Freshwater	1	1e-04	0.00784807692307692	Gemmatimonas (362018)
207957	Freshwater	0.875907024035142	9e-04	0.0162517699115044	Gemmatimonas (207957)
572428	Freshwater	0.967754216394976	2e-04	0.00896923076923077	Gemmatimonas (572428)
336034	Freshwater	0.774596669241483	0.0092	0.0322553264604811	Gemmatimonas (336034)
81623	Freshwater	0.774596669241483	0.0092	0.0322553264604811	Gemmatimonas (81623)
593891	Freshwater	0.774596669241483	0.0092	0.0322553264604811	Gemmatimonas (593891)
232442	Freshwater	0.774596669241483	0.0092	0.0322553264604811	Gemmatimonadetes (232442)
252798	Freshwater	0.774596669241483	0.0092	0.0322553264604811	Gemmatimonadetes (252798)
355297	Freshwater	0.774596669241483	0.0092	0.0322553264604811	Gemmatimonadetes (355297)
276624	Saline	0.815741613978556	0.0053	0.0322553264604811	Gemmatimonadetes (276624)
105224	Freshwater	0.774596669241483	0.0092	0.0322553264604811	AC1 (105224)
304435	Freshwater	0.888365556309132	0.0036	0.0322553264604811	OP8 (304435)
152020	Freshwater	0.774596669241483	0.0092	0.0322553264604811	OP8 (152020)
218039	Freshwater	0.774596669241483	0.0092	0.0322553264604811	OP8 (218039)
238907	Freshwater	0.774596669241483	0.0092	0.0322553264604811	OP8 (238907)
134526	Freshwater	0.883906627477789	0.0042	0.0322553264604811	OP8 (134526)
276838	Freshwater	0.774596669241483	0.0092	0.0322553264604811	OP8 (276838)
535000	Freshwater	0.887678737940671	0.0044	0.0322553264604811	OP8 (535000)
73076	Freshwater	0.774596669241483	0.0092	0.0322553264604811	OP8 (73076)
553953	Freshwater	0.774596669241483	0.0092	0.0322553264604811	OP8 (553953)
271962	Freshwater	0.774596669241483	0.0092	0.0322553264604811	OP8 (271962)
89676	Freshwater	0.891118163041364	0.0024	0.0297702127659574	OP8 (89676)
509120	Freshwater	0.774596669241483	0.0092	0.0322553264604811	Elusimicrobia (509120)
538794	Freshwater	0.774596669241483	0.0092	0.0322553264604811	NC10 (538794)
75874	Freshwater	0.774596669241483	0.0092	0.0322553264604811	NC10 (75874)
514003	Freshwater	0.774596669241483	0.0092	0.0322553264604811	NC10 (514003)
341275	Freshwater	0.774596669241483	0.0092	0.0322553264604811	Acidobacteria (341275)
142005	Freshwater	0.774596669241483	0.0092	0.0322553264604811	Acidobacteria (142005)
237962	Freshwater	0.774596669241483	0.0092	0.0322553264604811	Acidobacteria (237962)
509823	Freshwater	0.774596669241483	0.0092	0.0322553264604811	Acidobacteria (509823)
550406	Freshwater	0.749025340718831	0.0092	0.0322553264604811	Acidobacteria (550406)
590533	Freshwater	0.774596669241483	0.0092	0.0322553264604811	Acidobacteria (590533)
193738	Freshwater	0.85119228255829	0.0036	0.0322553264604811	Acidobacteria (193738)
533525	Freshwater	0.774596669241483	0.0092	0.0322553264604811	Acidobacteria (533525)
235270	Freshwater	0.774596669241483	0.0092	0.0322553264604811	Acidobacteria (235270)
294313	Freshwater	0.774596669241483	0.0092	0.0322553264604811	Acidobacteria (294313)
531025	Freshwater	0.774596669241483	0.0092	0.0322553264604811	Acidobacteria (531025)
161914	Freshwater	0.774596669241483	0.0092	0.0322553264604811	CandidatusSolibacter (161914)
3677	Freshwater	0.774596669241483	0.0092	0.0322553264604811	CandidatusSolibacter (3677)
66935	Freshwater	0.774596669241483	0.0092	0.0322553264604811	CandidatusSolibacter (66935)
589751	Freshwater	0.774596669241483	0.0092	0.0322553264604811	CandidatusSolibacter (589751)
529964	Freshwater	0.894427190999916	9e-04	0.0162517699115044	CandidatusSolibacter (529964)
224203	Freshwater	0.774596669241483	0.0092	0.0322553264604811	CandidatusSolibacter (224203)
252501	Freshwater	0.774596669241483	0.0092	0.0322553264604811	Acidobacteria (252501)
121575	Freshwater	0.753937034925052	0.0092	0.0322553264604811	Acidobacteria (121575)
214042	Freshwater	0.774596669241483	0.0092	0.0322553264604811	Acidobacteria (214042)
592891	Freshwater	0.75252384336409	0.0123	0.0397377125193199	Acidobacteria (592891)
75044	Freshwater	0.774596669241483	0.0092	0.0322553264604811	Acidobacteria (75044)
141984	Freshwater	0.774596669241483	0.0092	0.0322553264604811	Acidobacteria (141984)
240529	Freshwater	0.774596669241483	0.0092	0.0322553264604811	Acidobacteria (240529)
236775	Freshwater	0.774596669241483	0.0092	0.0322553264604811	Acidobacteria (236775)
144789	Freshwater	0.774596669241483	0.0092	0.0322553264604811	Acidobacteria (144789)
162113	Freshwater	0.774596669241483	0.0092	0.0322553264604811	Acidobacteria (162113)
90452	Freshwater	0.758149006440282	0.0121	0.0396627309236948	Acidobacteria (90452)
306180	Freshwater	0.871366490905061	0.0165	0.0484086987778577	Acidobacteria (306180)
329486	Freshwater	0.76852130744697	0.0092	0.0322553264604811	Acidobacteria (329486)
273538	Freshwater	0.774596669241483	0.0092	0.0322553264604811	Acidobacteria (273538)
334113	Freshwater	0.749025340718831	0.0092	0.0322553264604811	Acidobacteria (334113)
194730	Freshwater	0.774596669241483	0.0092	0.0322553264604811	Acidobacteria (194730)
222747	Freshwater	0.889074496665226	0.0019	0.0269232638888889	Acidobacteria (222747)
545706	Freshwater	0.774596669241483	0.0092	0.0322553264604811	Acidobacteria (545706)
584529	Freshwater	0.763514600681968	0.0092	0.0322553264604811	Acidobacteria (584529)
553178	Freshwater	0.761489180364423	0.0126	0.0397377125193199	Acidobacteria (553178)
226421	Freshwater	0.774596669241483	0.0092	0.0322553264604811	Acidobacteria (226421)
590326	Freshwater	0.774596669241483	0.0092	0.0322553264604811	Acidobacteria (590326)
583865	Freshwater	0.774596669241483	0.0092	0.0322553264604811	Acidobacteria (583865)
543083	Freshwater	0.768876633291645	0.016	0.0474190268700073	Acidobacteria (543083)
142591	Freshwater	0.762098323074714	0.0165	0.0484086987778577	Acidobacteria (142591)
272259	Freshwater	0.774596669241483	0.0092	0.0322553264604811	Acidobacteria (272259)
509593	Freshwater	0.774596669241483	0.0092	0.0322553264604811	Acidobacteria (509593)
1710	Freshwater	0.774596669241483	0.0092	0.0322553264604811	Acidobacteria (1710)
581733	Freshwater	0.774596669241483	0.0092	0.0322553264604811	Acidobacteria (581733)
146478	Freshwater	0.774596669241483	0.0092	0.0322553264604811	Acidobacteria (146478)
262036	Freshwater	0.774596669241483	0.0092	0.0322553264604811	Acidobacteria (262036)
556802	Freshwater	0.761489180364423	0.0092	0.0322553264604811	Acidobacteria (556802)
326537	Freshwater	0.774596669241483	0.0092	0.0322553264604811	Acidobacteria (326537)
217242	Freshwater	0.774596669241483	0.0092	0.0322553264604811	Acidobacteria (217242)
148437	Freshwater	0.745575182621563	0.0092	0.0322553264604811	Acidobacteria (148437)
522476	Freshwater	0.774596669241483	0.0092	0.0322553264604811	Acidobacteria (522476)
574895	Freshwater	0.774596669241483	0.0092	0.0322553264604811	Acidobacteria (574895)
557689	Freshwater	0.774596669241483	0.0092	0.0322553264604811	Acidobacteria (557689)
204709	Saline	0.815335959756913	0.0087	0.0322553264604811	Acidobacteria (204709)
132450	Freshwater	0.774596669241483	0.0092	0.0322553264604811	Holophagaceae (132450)
556025	Freshwater	0.885430510967293	0.0041	0.0322553264604811	Holophagaceae (556025)
144899	Freshwater	0.774596669241483	0.0092	0.0322553264604811	Holophagaceae (144899)
1732	Freshwater	0.774596669241483	0.0092	0.0322553264604811	Holophagaceae (1732)
553643	Freshwater	0.774596669241483	0.0092	0.0322553264604811	Holophagaceae (553643)
76099	Freshwater	0.894427190999916	9e-04	0.0162517699115044	Geothrix (76099)
1736	Freshwater	0.894427190999916	9e-04	0.0162517699115044	Geothrix (1736)
540847	Freshwater	0.774596669241483	0.0092	0.0322553264604811	LCP-6 (540847)
167800	Freshwater	0.774596669241483	0.0092	0.0322553264604811	LCP-6 (167800)
63221	Freshwater	0.763701658675485	0.0126	0.0397377125193199	LCP-6 (63221)
51852	Freshwater	0.774596669241483	0.0092	0.0322553264604811	LCP-6 (51852)
577111	Freshwater	0.765275070163895	0.0126	0.0397377125193199	LCP-6 (577111)
143270	Freshwater	0.774596669241483	0.0092	0.0322553264604811	Thermodesulfovibrionaceae (143270)
105005	Freshwater	0.88268879258957	0.0066	0.0322553264604811	GOUTA19 (105005)
159929	Freshwater	0.774596669241483	0.0092	0.0322553264604811	GOUTA19 (159929)
169793	Freshwater	0.774596669241483	0.0092	0.0322553264604811	GOUTA19 (169793)
589700	Freshwater	0.774596669241483	0.0092	0.0322553264604811	4-29 (589700)
244996	Freshwater	0.759670478984949	0.0139	0.04303937784522	4-29 (244996)
551656	Freshwater	0.889563494311759	0.0024	0.0297702127659574	4-29 (551656)
252035	Freshwater	0.989579141232431	0.0013	0.0211366533864542	4-29 (252035)
543239	Freshwater	0.774596669241483	0.0092	0.0322553264604811	4-29 (543239)
203996	Freshwater	0.993289247975492	0.0019	0.0269232638888889	Proteobacteria (203996)
541641	Freshwater	0.774596669241483	0.0092	0.0322553264604811	NKB19 (541641)
567353	Freshwater	0.887891759368284	0.0042	0.0322553264604811	WS3 (567353)
252204	Freshwater	0.774596669241483	0.0092	0.0322553264604811	WS3 (252204)
28793	Freshwater	0.774596669241483	0.0092	0.0322553264604811	WS3 (28793)
241451	Freshwater	0.774596669241483	0.0092	0.0322553264604811	PRR-10 (241451)
185827	Freshwater	0.774596669241483	0.0092	0.0322553264604811	PRR-10 (185827)
144091	Freshwater	0.887604610898768	0.0042	0.0322553264604811	PRR-10 (144091)
252958	Freshwater	0.774596669241483	0.0092	0.0322553264604811	PRR-10 (252958)
125802	Freshwater	0.762912791964922	0.0092	0.0322553264604811	PRR-10 (125802)
204759	Freshwater	0.774596669241483	0.0092	0.0322553264604811	GN04 (204759)
334374	Saline	0.90889902812076	0.0014	0.0221449612403101	Puniceicoccaceae (334374)
545467	Saline	0.997972775210203	4e-04	0.0138338983050847	Puniceicoccaceae (545467)
41135	Saline	0.816496580927726	0.0046	0.0322553264604811	Puniceicoccaceae (41135)
234675	Saline	0.912870929175277	6e-04	0.0151148148148148	Puniceicoccaceae (234675)
119942	Saline	0.812891721905107	0.0114	0.0383539983511954	Puniceicoccaceae (119942)
323190	Freshwater	0.90267093384844	0.001	0.0177434782608696	Opitutus (323190)
584845	Freshwater	0.737154140200741	0.0123	0.0397377125193199	Opitutaceae (584845)
216828	Freshwater	0.774596669241483	0.0089	0.0322553264604811	Opitutaceae (216828)
534533	Freshwater	0.891043042690695	0.0042	0.0322553264604811	LD19 (534533)
170976	Freshwater+Saline	0.996039980484243	0.0013	0.0211366533864542	Luteolibacter (170976)
535322	Freshwater	0.821583836257749	0.0056	0.0322553264604811	Luteolibacter (535322)
510993	Freshwater	0.970659024045857	1e-04	0.00784807692307692	Luteolibacter (510993)
546058	Freshwater	0.885683802304959	8e-04	0.0162517699115044	Luteolibacter (546058)
106097	Freshwater	0.876783895837509	0.0026	0.0315791666666667	Luteolibacter (106097)
540412	Freshwater	0.826985497570914	0.0089	0.0322553264604811	Luteolibacter (540412)
580227	Saline	0.903368053792216	0.0034	0.0322553264604811	Verrucomicrobiaceae (580227)
161217	Saline	0.905109837605323	0.0094	0.0328155688622754	Verrucomicrobiaceae (161217)
155518	Saline	0.905667242290367	0.0095	0.0330797781569966	Verrucomicrobiaceae (155518)
554821	Saline	0.816496580927726	0.0046	0.0322553264604811	MSBL3 (554821)
305960	Saline	0.812195427668865	0.012	0.0394299516908213	Verrucomicrobium (305960)
346553	Saline	0.991917735541841	0.0021	0.0288555555555556	Verrucomicrobium (346553)
237232	Saline	0.990286745499923	0.0034	0.0322553264604811	Verrucomicrobium (237232)
1596	Freshwater	0.774596669241483	0.0092	0.0322553264604811	Verrucomicrobiaceae (1596)
113378	Freshwater	0.966987556830456	1e-04	0.00784807692307692	Prosthecobacter (113378)
102890	Freshwater	0.894427190999916	0.0014	0.0221449612403101	Prosthecobacter (102890)
556878	Freshwater	0.886992089529223	0.0022	0.0297291390728477	Prosthecobacter (556878)
248041	Freshwater	0.888704629428331	0.0023	0.0297702127659574	Prosthecobacter (248041)
252314	Freshwater	0.836930396561018	0.0065	0.0322553264604811	Verrucomicrobiaceae (252314)
519950	Freshwater	0.774596669241483	0.0092	0.0322553264604811	Verrucomicrobiaceae (519950)
119231	Freshwater	0.964232703301013	0.0011	0.0187828451882845	CandidatusXiphinematobacter (119231)
570886	Freshwater	0.892592466624836	0.0024	0.0297702127659574	CandidatusXiphinematobacter (570886)
244496	Freshwater	0.767024672516489	0.0092	0.0322553264604811	CandidatusXiphinematobacter (244496)
267722	Freshwater	0.774596669241483	0.0092	0.0322553264604811	CandidatusXiphinematobacter (267722)
223329	Freshwater	0.741048272633356	0.0092	0.0322553264604811	MC18 (223329)
240862	Freshwater	0.774596669241483	0.0092	0.0322553264604811	MC18 (240862)
235848	Freshwater	0.774596669241483	0.0092	0.0322553264604811	MC18 (235848)
142335	Freshwater	0.838116354923494	0.0038	0.0322553264604811	Chthoniobacter (142335)
270180	Freshwater	0.774596669241483	0.0092	0.0322553264604811	Chthoniobacter (270180)
104784	Freshwater	0.878214446463842	0.0035	0.0322553264604811	Chthoniobacter (104784)
331129	Freshwater	0.750903070766625	0.0117	0.0386621052631579	Verrucomicrobiasubdivision3 (331129)
536090	Freshwater	0.774596669241483	0.0092	0.0322553264604811	Verrucomicrobiasubdivision3 (536090)
222261	Freshwater	0.887345312417906	0.0042	0.0322553264604811	Verrucomicrobiasubdivision3 (222261)
222914	Freshwater	0.774596669241483	0.0092	0.0322553264604811	Verrucomicrobiasubdivision3 (222914)
156917	Freshwater	0.774596669241483	0.0092	0.0322553264604811	Verrucomicrobiasubdivision3 (156917)
338969	Freshwater	0.774596669241483	0.0092	0.0322553264604811	Verrucomicrobiasubdivision3 (338969)
210788	Freshwater	0.774596669241483	0.0092	0.0322553264604811	Verrucomicrobiasubdivision3 (210788)
217650	Freshwater	0.766018368558589	0.0126	0.0397377125193199	Verrucomicrobiasubdivision3 (217650)
152799	Freshwater	0.891015157539747	0.0041	0.0322553264604811	Verrucomicrobiasubdivision3 (152799)
137061	Freshwater	0.885683802304959	0.0024	0.0297702127659574	Verrucomicrobiasubdivision3 (137061)
539821	Freshwater	0.774596669241483	0.0092	0.0322553264604811	Verrucomicrobiasubdivision3 (539821)
151664	Freshwater	0.774596669241483	0.0092	0.0322553264604811	Verrucomicrobiasubdivision3 (151664)
241839	Freshwater	0.894427190999916	9e-04	0.0162517699115044	Verrucomicrobiasubdivision3 (241839)
353925	Freshwater	0.774596669241483	0.0092	0.0322553264604811	Verrucomicrobiasubdivision3 (353925)
223550	Freshwater	0.749025340718831	0.0117	0.0386621052631579	Verrucomicrobia (223550)
154318	Freshwater	0.884840341928206	0.0065	0.0322553264604811	Verrucomicrobia (154318)
224152	Freshwater	0.774596669241483	0.0092	0.0322553264604811	Verrucomicrobia (224152)
248805	Freshwater	0.774596669241483	0.0092	0.0322553264604811	Verrucomicrobia (248805)
585431	Freshwater	0.888279852237126	0.0018	0.026235	Verrucomicrobia (585431)
155778	Freshwater	0.774596669241483	0.0092	0.0322553264604811	Verrucomicrobia (155778)
156353	Freshwater	0.879291966536774	0.0024	0.0297702127659574	Verrucomicrobia (156353)
513679	Freshwater	0.774596669241483	0.0092	0.0322553264604811	Verrucomicrobia (513679)
206560	Freshwater	0.774596669241483	0.0092	0.0322553264604811	Verrucomicrobia (206560)
200868	Freshwater	0.774596669241483	0.0092	0.0322553264604811	Verrucomicrobia (200868)
237754	Freshwater	0.988703532279095	5e-04	0.014786231884058	Verrucomicrobia (237754)
543327	Freshwater	0.774596669241483	0.0092	0.0322553264604811	Verrucomicrobia (543327)
125736	Freshwater	0.874415101603068	0.0011	0.0187828451882845	Verrucomicrobia (125736)
259898	Freshwater	0.774596669241483	0.0092	0.0322553264604811	Verrucomicrobia (259898)
570808	Freshwater	0.774596669241483	0.0092	0.0322553264604811	Verrucomicrobia (570808)
339617	Freshwater	0.774596669241483	0.0092	0.0322553264604811	Verrucomicrobia (339617)
247797	Freshwater	0.755747210483668	0.0092	0.0322553264604811	Verrucomicrobia (247797)
255540	Freshwater	0.774596669241483	0.0092	0.0322553264604811	Verrucomicrobia (255540)
257782	Freshwater	0.774596669241483	0.0092	0.0322553264604811	Verrucomicrobia (257782)
113158	Freshwater	0.757936728959867	0.0156	0.0467084372707263	Verrucomicrobia (113158)
343315	Saline	0.815620041135666	0.0061	0.0322553264604811	Verrucomicrobia (343315)
57459	Saline	0.816496580927726	0.0038	0.0322553264604811	Verrucomicrobia (57459)
114335	Saline	0.816496580927726	0.0038	0.0322553264604811	Verrucomicrobia (114335)
533044	Saline	0.816496580927726	0.0038	0.0322553264604811	Verrucomicrobia (533044)
83178	Freshwater	0.774596669241483	0.0092	0.0322553264604811	Verrucomicrobia (83178)
563388	Freshwater	0.774596669241483	0.0092	0.0322553264604811	Lentisphaerae (563388)
153831	Freshwater	0.774596669241483	0.0092	0.0322553264604811	OP3 (153831)
131589	Freshwater	0.842075358320684	0.0042	0.0322553264604811	OP3 (131589)
585368	Freshwater+Saline	0.797724035217466	0.0095	0.0330797781569966	OP3 (585368)
73086	Freshwater	0.774596669241483	0.0092	0.0322553264604811	Planctomycetes (73086)
509051	Freshwater	0.762473907505909	0.0117	0.0386621052631579	Planctomycetes (509051)
333159	Freshwater	0.774596669241483	0.0092	0.0322553264604811	Planctomycetes (333159)
244050	Freshwater	0.774596669241483	0.0092	0.0322553264604811	Planctomycetes (244050)
318107	Freshwater	0.774596669241483	0.0092	0.0322553264604811	Planctomycetes (318107)
536150	Freshwater	0.741048272633356	0.0148	0.0448394951744618	Planctomycetes (536150)
525666	Freshwater	0.774596669241483	0.0092	0.0322553264604811	Planctomycetes (525666)
200064	Freshwater	0.772495779369762	0.0092	0.0322553264604811	Planctomycetes (200064)
314228	Freshwater	0.894427190999916	9e-04	0.0162517699115044	Planctomycetes (314228)
72455	Freshwater	0.774596669241483	0.0092	0.0322553264604811	Planctomycetes (72455)
510851	Freshwater	0.725830054690961	0.0123	0.0397377125193199	Planctomycetes (510851)
323064	Freshwater	0.746824262375855	0.0123	0.0397377125193199	Planctomycetes (323064)
50882	Freshwater	0.894427190999916	9e-04	0.0162517699115044	Planctomycetes (50882)
579256	Freshwater	0.774596669241483	0.0092	0.0322553264604811	Planctomycetes (579256)
113272	Freshwater	0.774596669241483	0.0092	0.0322553264604811	Planctomycetes (113272)
213225	Freshwater+Saline	0.797724035217466	0.0145	0.0442922904191617	Planctomycetes (213225)
589011	Freshwater+Saline	0.797724035217466	0.0171	0.0498821300929235	Planctomycetes (589011)
353483	Saline	0.816496580927726	0.0038	0.0322553264604811	Planctomycetes (353483)
563596	Freshwater	0.774596669241483	0.0092	0.0322553264604811	Planctomycetes (563596)
440418	Saline	0.80903983495589	0.0086	0.0322553264604811	Rhodopirellula (440418)
399640	Saline	0.993993939667546	1e-04	0.00784807692307692	Rhodopirellula (399640)
247225	Freshwater	0.774596669241483	0.0092	0.0322553264604811	Rhodopirellula (247225)
107148	Freshwater	0.7719538888687	0.0092	0.0322553264604811	Rhodopirellula (107148)
589642	Freshwater	0.890629181524528	0.0027	0.0320311046511628	Rhodopirellula (589642)
558514	Freshwater	1	1e-04	0.00784807692307692	Rhodopirellula (558514)
2805	Freshwater	0.774596669241483	0.0089	0.0322553264604811	Rhodopirellula (2805)
319990	Freshwater	0.774596669241483	0.0092	0.0322553264604811	Rhodopirellula (319990)
545203	Freshwater	0.774596669241483	0.0092	0.0322553264604811	Rhodopirellula (545203)
142901	Freshwater+Saline	0.797724035217466	0.0121	0.0396627309236948	Pirellulaceae (142901)
201662	Freshwater	0.774596669241483	0.0092	0.0322553264604811	Pirellulaceae (201662)
153928	Freshwater	0.774596669241483	0.0092	0.0322553264604811	Pirellulaceae (153928)
152343	Freshwater	0.774596669241483	0.0092	0.0322553264604811	Pirellulaceae (152343)
30167	Freshwater	0.774596669241483	0.0092	0.0322553264604811	Pirellulaceae (30167)
223634	Freshwater	0.732236445942127	0.0117	0.0386621052631579	Pirellulaceae (223634)
145730	Freshwater	0.774596669241483	0.0092	0.0322553264604811	Pirellulaceae (145730)
200304	Freshwater	0.774596669241483	0.0092	0.0322553264604811	Pirellulaceae (200304)
245832	Freshwater	0.774596669241483	0.0092	0.0322553264604811	Pirellulaceae (245832)
577081	Freshwater	0.774596669241483	0.0092	0.0322553264604811	Pirellulaceae (577081)
513590	Freshwater+Saline	0.996421146633069	0.0011	0.0187828451882845	Pirellulaceae (513590)
324145	Freshwater	0.774596669241483	0.0092	0.0322553264604811	Pirellulaceae (324145)
28765	Freshwater	0.774596669241483	0.0092	0.0322553264604811	Pirellula (28765)
329544	Freshwater	0.774596669241483	0.0092	0.0322553264604811	Pirellula (329544)
238799	Freshwater	0.774596669241483	0.0092	0.0322553264604811	Pirellula (238799)
560957	Freshwater	0.760330316231716	0.0123	0.0397377125193199	A17 (560957)
304581	Freshwater	0.774596669241483	0.0092	0.0322553264604811	A17 (304581)
278198	Freshwater	0.894427190999916	9e-04	0.0162517699115044	Planctomyces (278198)
558118	Freshwater	0.774596669241483	0.0092	0.0322553264604811	Planctomyces (558118)
85331	Freshwater	0.774596669241483	0.0092	0.0322553264604811	Planctomyces (85331)
385507	Freshwater	0.995549599632583	1e-04	0.00784807692307692	Planctomyces (385507)
238659	Freshwater	0.774596669241483	0.0092	0.0322553264604811	Planctomyces (238659)
246619	Freshwater	0.774596669241483	0.0092	0.0322553264604811	Planctomyces (246619)
2862	Freshwater	0.774596669241483	0.0092	0.0322553264604811	Planctomyces (2862)
50220	Freshwater	0.774596669241483	0.0092	0.0322553264604811	Planctomyces (50220)
203469	Freshwater	0.759670478984949	0.0148	0.0448394951744618	Gemmataceae (203469)
581403	Freshwater	0.774596669241483	0.0092	0.0322553264604811	Gemmata (581403)
201687	Freshwater	0.774596669241483	0.0092	0.0322553264604811	Gemmataceae (201687)
279355	Freshwater	0.774596669241483	0.0092	0.0322553264604811	Gemmataceae (279355)
544572	Freshwater	0.774596669241483	0.0092	0.0322553264604811	Isosphaeraceae (544572)
202171	Freshwater	0.995368947225522	0.0017	0.025228	Isosphaeraceae (202171)
221502	Freshwater	0.749025340718831	0.0117	0.0386621052631579	Isosphaeraceae (221502)
351708	Freshwater	0.891356714409842	0.0059	0.0322553264604811	Planctomycetes (351708)
219735	Freshwater	0.774596669241483	0.0092	0.0322553264604811	Planctomycetes (219735)
517627	Freshwater	0.774596669241483	0.0092	0.0322553264604811	Planctomycetes (517627)
269210	Freshwater	0.774596669241483	0.0092	0.0322553264604811	Planctomycetes (269210)
309556	Saline	0.816496580927726	0.0038	0.0322553264604811	Planctomycetes (309556)
286652	Freshwater	0.732236445942127	0.0117	0.0386621052631579	Planctomycetes (286652)
223251	Freshwater	0.774596669241483	0.0092	0.0322553264604811	Planctomycetes (223251)
238340	Freshwater	0.774596669241483	0.0092	0.0322553264604811	Planctomycetes (238340)
211992	Freshwater	0.774596669241483	0.0092	0.0322553264604811	Planctomycetes (211992)
136324	Freshwater	0.774596669241483	0.0092	0.0322553264604811	Planctomycetes (136324)
572899	Freshwater	0.774596669241483	0.0092	0.0322553264604811	Planctomycetes (572899)
224072	Freshwater	0.774596669241483	0.0092	0.0322553264604811	Planctomycetes (224072)
573896	Freshwater	0.774596669241483	0.0092	0.0322553264604811	Planctomycetes (573896)
97060	Freshwater	0.774596669241483	0.0092	0.0322553264604811	At425_EubF1 (97060)
281663	Freshwater	0.774596669241483	0.0092	0.0322553264604811	At425_EubF1 (281663)
77607	Freshwater	0.774596669241483	0.0092	0.0322553264604811	Actinobacteria (77607)
135349	Freshwater	0.768195992108121	0.0167	0.0489602729885057	Actinobacteria (135349)
76995	Freshwater	0.774596669241483	0.0092	0.0322553264604811	Actinobacteria (76995)
569953	Freshwater	0.774596669241483	0.0092	0.0322553264604811	Actinobacteria (569953)
94574	Freshwater	0.888359917120991	0.0087	0.0322553264604811	Actinobacteria (94574)
75442	Freshwater	0.774596669241483	0.0092	0.0322553264604811	Actinobacteria (75442)
574032	Freshwater	0.755747210483668	0.0102	0.0348628140703518	Actinobacteria (574032)
560846	Freshwater	0.757936728959867	0.0132	0.041310736196319	Actinobacteria (560846)
123528	Freshwater	0.744208407535251	0.0123	0.0397377125193199	Actinobacteria (123528)
91949	Freshwater	0.768688141554535	0.016	0.0474190268700073	Actinobacteria (91949)
577551	Freshwater	0.774596669241483	0.0092	0.0322553264604811	Actinobacteria (577551)
275285	Freshwater	0.768092803757428	0.0126	0.0397377125193199	Rubrobacteraceae (275285)
308664	Freshwater	0.774596669241483	0.0092	0.0322553264604811	Rubrobacteraceae (308664)
282718	Freshwater	0.774596669241483	0.0092	0.0322553264604811	Armatimonadetes (282718)
163720	Freshwater	0.774596669241483	0.0092	0.0322553264604811	Armatimonadetes (163720)
576477	Freshwater	0.737154140200741	0.0117	0.0386621052631579	Armatimonadetes (576477)
143747	Freshwater	0.774596669241483	0.0092	0.0322553264604811	Armatimonadetes (143747)
565587	Freshwater	0.737154140200741	0.0117	0.0386621052631579	Armatimonadetes (565587)
568807	Freshwater	0.774596669241483	0.0092	0.0322553264604811	Armatimonadetes (568807)
250645	Freshwater	0.774596669241483	0.0092	0.0322553264604811	Armatimonadetes (250645)
369522	Freshwater	0.774596669241483	0.0092	0.0322553264604811	Armatimonadetes (369522)
221811	Freshwater	0.774596669241483	0.0092	0.0322553264604811	Armatimonadetes (221811)
225301	Freshwater	0.774596669241483	0.0092	0.0322553264604811	Armatimonadetes (225301)
589390	Freshwater	0.894427190999916	9e-04	0.0162517699115044	Armatimonadetes (589390)
241676	Freshwater	0.774596669241483	0.0092	0.0322553264604811	SC3 (241676)
225404	Freshwater	0.774596669241483	0.0092	0.0322553264604811	OP11 (225404)
160921	Freshwater	0.774596669241483	0.0092	0.0322553264604811	Chloroflexi (160921)
206278	Freshwater	0.890537282438158	0.0066	0.0322553264604811	Chloroflexi (206278)
512939	Freshwater	0.774596669241483	0.0092	0.0322553264604811	Chloroflexi (512939)
218985	Freshwater	0.746824262375855	0.0117	0.0386621052631579	Chloroflexi (218985)
284171	Freshwater	0.774596669241483	0.0092	0.0322553264604811	Chloroflexi (284171)
226939	Freshwater	0.774596669241483	0.0092	0.0322553264604811	Chloroflexi (226939)
513763	Freshwater	0.889613749580984	0.0043	0.0322553264604811	Chloroflexi (513763)
74169	Freshwater	0.774596669241483	0.0092	0.0322553264604811	Dehalococcoidaceae (74169)
542211	Freshwater	0.774596669241483	0.0092	0.0322553264604811	Caldilinea (542211)
573491	Freshwater	0.769272917707239	0.0092	0.0322553264604811	Caldilinea (573491)
552001	Freshwater	0.774596669241483	0.0092	0.0322553264604811	Caldilinea (552001)
102361	Freshwater	0.763091305384771	0.0154	0.046279381443299	KNA6-EB22 (102361)
531244	Freshwater	0.770271695912154	0.0126	0.0397377125193199	KNA6-EB22 (531244)
267008	Freshwater	0.886149878115939	0.0041	0.0322553264604811	Chloroflexi (267008)
66912	Freshwater	0.774596669241483	0.0092	0.0322553264604811	Chloroflexi (66912)
210067	Freshwater	0.885606194477965	0.0064	0.0322553264604811	Chloroflexi (210067)
162849	Freshwater	0.774596669241483	0.0092	0.0322553264604811	Chloroflexi (162849)
235963	Freshwater	0.774596669241483	0.0092	0.0322553264604811	Chloroflexi (235963)
100980	Freshwater	0.774596669241483	0.0092	0.0322553264604811	Chloroflexi (100980)
576076	Freshwater	0.771324171848369	0.0126	0.0397377125193199	Chloroflexi (576076)
166011	Freshwater	0.759244439761835	0.0169	0.0493692913385827	Chloroflexi (166011)
170927	Freshwater	0.755180130633063	0.0123	0.0397377125193199	Chloroflexi (170927)
570248	Freshwater	0.774596669241483	0.0092	0.0322553264604811	Chloroflexi (570248)
277874	Freshwater	0.774596669241483	0.0092	0.0322553264604811	Anaerolinaceae (277874)
69761	Freshwater	0.774596669241483	0.0092	0.0322553264604811	C1_B004 (69761)
264526	Freshwater	0.774596669241483	0.0092	0.0322553264604811	C1_B004 (264526)
102061	Freshwater	0.774596669241483	0.0092	0.0322553264604811	Anaerolinaceae (102061)
2742	Freshwater	0.77076010940179	0.0169	0.0493692913385827	WCHB1-05 (2742)
101137	Freshwater	0.749025340718831	0.0139	0.04303937784522	WCHB1-05 (101137)
2745	Freshwater	0.766018368558589	0.0126	0.0397377125193199	WCHB1-05 (2745)
83666	Freshwater	0.762653359580108	0.0165	0.0484086987778577	Anaerolinaceae (83666)
143650	Freshwater	0.77069045841776	0.0126	0.0397377125193199	Anaerolinaceae (143650)
284052	Freshwater	0.986128764170409	0.002	0.0277619047619048	Anaerolinaceae (284052)
278445	Freshwater	0.774596669241483	0.0092	0.0322553264604811	T78 (278445)
2744	Freshwater	0.774596669241483	0.0092	0.0322553264604811	Levilinea (2744)
544167	Freshwater	0.774596669241483	0.0092	0.0322553264604811	Levilinea (544167)
194108	Freshwater	0.774596669241483	0.0092	0.0322553264604811	Anaerolinea (194108)
143935	Freshwater	0.756282101350038	0.0117	0.0386621052631579	Anaerolinea (143935)
564996	Freshwater	0.767232015712912	0.0169	0.0493692913385827	Anaerolinea (564996)
162841	Freshwater	0.875435065908288	0.0101	0.0348420118343195	Chloroflexi (162841)
534587	Freshwater	0.889983908719692	0.0042	0.0322553264604811	Chloroflexi (534587)
581965	Freshwater	0.960728273429272	0.0016	0.0240058823529412	Chloroflexi (581965)
541573	Saline	0.816496580927726	0.0038	0.0322553264604811	Chloroflexi (541573)
260455	Freshwater	0.891436787473691	0.0024	0.0297702127659574	Chloroflexi (260455)
555305	Freshwater	0.889970625199334	0.0025	0.0308232628398792	Chloroflexi (555305)
563339	Freshwater	0.774596669241483	0.0092	0.0322553264604811	Chloroflexi (563339)
552873	Freshwater	0.774596669241483	0.0092	0.0322553264604811	Chloroflexi (552873)
551071	Freshwater	0.764997826713807	0.0092	0.0322553264604811	Chloroflexi (551071)
211661	Freshwater	0.767282089267877	0.0092	0.0322553264604811	Chloroflexi (211661)
143557	Freshwater	0.774596669241483	0.0092	0.0322553264604811	Chloroflexi (143557)
203941	Freshwater	0.774596669241483	0.0092	0.0322553264604811	Chloroflexi (203941)
143216	Freshwater	0.774596669241483	0.0092	0.0322553264604811	Chloroflexi (143216)
542855	Freshwater	0.774596669241483	0.0092	0.0322553264604811	Chloroflexi (542855)
154220	Freshwater	0.774596669241483	0.0092	0.0322553264604811	Chloroflexi (154220)
330804	Freshwater	0.774596669241483	0.0092	0.0322553264604811	Chloroflexi (330804)
113017	Freshwater	0.774596669241483	0.0092	0.0322553264604811	Chloroflexi (113017)
533646	Freshwater	0.758149006440282	0.0126	0.0397377125193199	Chloroflexi (533646)
361865	Freshwater	0.774596669241483	0.0092	0.0322553264604811	Chloroflexi (361865)
184557	Freshwater	0.774596669241483	0.0092	0.0322553264604811	Chloroflexi (184557)
173719	Freshwater	0.774596669241483	0.0092	0.0322553264604811	Chloroflexi (173719)
102457	Freshwater	0.774596669241483	0.0092	0.0322553264604811	Chloroflexi (102457)
233441	Freshwater	0.768221279597376	0.0126	0.0397377125193199	Chloroflexi (233441)
224206	Freshwater	0.774596669241483	0.0092	0.0322553264604811	Firmicutes (224206)
215890	Human	0.816496580927726	0.0136	0.0424648814078041	Anaerovorax (215890)
584294	Freshwater	0.774596669241483	0.0092	0.0322553264604811	ClostridialesFamilyXII.IncertaeSedis (584294)
160284	Human	0.816496580927726	0.0105	0.0357683639398998	ClostridialesFamilyXI.IncertaeSedis (160284)
405524	Human	0.881917103688197	0.0113	0.0380803468208092	ClostridialesFamilyXI.IncertaeSedis (405524)
565812	Human	0.881917103688197	0.0072	0.0322553264604811	Peptoniphilus (565812)
182104	Human	0.816496580927726	0.0085	0.0322553264604811	Peptoniphilus (182104)
86757	Human	0.942311122856244	0.002	0.0277619047619048	Finegoldia (86757)
448819	Human	0.816496580927726	0.0058	0.0322553264604811	Anaerococcus (448819)
359171	Human+Saline	0.953289917061012	0.0111	0.0374992549668874	Anaerococcus (359171)
589921	Freshwater	0.774596669241483	0.0092	0.0322553264604811	Clostridium (589921)
183481	Freshwater	0.774596669241483	0.0092	0.0322553264604811	Clostridium (183481)
587690	Freshwater	0.774596669241483	0.0092	0.0322553264604811	Clostridium (587690)
49549	Freshwater	0.744208407535251	0.0121	0.0396627309236948	Clostridium (49549)
16227	Freshwater	0.774596669241483	0.0092	0.0322553264604811	Clostridium (16227)
16239	Freshwater	0.774596669241483	0.0092	0.0322553264604811	Clostridium (16239)
587566	Freshwater	0.774596669241483	0.0092	0.0322553264604811	Catabacteriaceae (587566)
549871	Human	0.81558548161372	0.0157	0.0469046120058565	Firmicutes (549871)
587360	Freshwater	0.774596669241483	0.0092	0.0322553264604811	Clostridium (587360)
591475	Freshwater	0.774596669241483	0.0092	0.0322553264604811	Clostridium (591475)
578409	Freshwater	0.774596669241483	0.0092	0.0322553264604811	Clostridium (578409)
325962	Freshwater	0.774596669241483	0.0092	0.0322553264604811	Firmicutes (325962)
65412	Freshwater	0.774596669241483	0.0092	0.0322553264604811	Firmicutes (65412)
399586	Human	0.878363360138457	0.0035	0.0322553264604811	Firmicutes (399586)
255669	Human	0.881917103688197	0.002	0.0277619047619048	Firmicutes (255669)
302160	Human	0.941224043473414	0.0034	0.0322553264604811	Ruminococcaceae (302160)
193632	Human	0.816496580927726	0.0115	0.0385949835526316	Oscillospira (193632)
194648	Human	0.873791435887278	0.0163	0.0481333574529667	Firmicutes (194648)
287978	Human	0.992762269164639	0.0015	0.0230131578947368	Lachnospiraceae (287978)
199487	Human	0.986524688378474	0.0035	0.0322553264604811	Blautia (199487)
181003	Human	0.871269826810909	0.0033	0.0322553264604811	Blautia (181003)
192127	Human	0.874698015521636	0.013	0.0407786318216756	Lachnospiraceae (192127)
518438	Human	0.979417003156794	0.0031	0.0322553264604811	Roseburia (518438)
357795	Human	0.977192388943397	0.0056	0.0322553264604811	Roseburia (357795)
211903	Human	0.816496580927726	0.0072	0.0322553264604811	Clostridium (211903)
288134	Human	0.867936209311906	0.0147	0.0447024590163934	Lachnospiraceae (288134)
190464	Human	0.981099467817292	0.0032	0.0322553264604811	Lachnospiraceae (190464)
162162	Human	0.928638547483527	0.0068	0.0322553264604811	Ruminococcus (162162)
170206	Human	0.816496580927726	0.0142	0.0435715789473684	Ruminococcus (170206)
365676	Human	0.925107806191107	0.0073	0.0322553264604811	Ruminococcus (365676)
223059	Human	0.925700198185599	0.0094	0.0328155688622754	Ruminococcus (223059)
191541	Human	0.919132469373582	0.0125	0.0397377125193199	Ruminococcaceae (191541)
212619	Human	0.975550244561886	0.0031	0.0322553264604811	Ruminococcaceae (212619)
357470	Human	0.989271243677055	0.0116	0.0386621052631579	Faecalibacterium (357470)
325407	Human	0.98505794744173	0.0065	0.0322553264604811	Faecalibacterium (325407)
367433	Human	0.981382258480107	0.0024	0.0297702127659574	Faecalibacterium (367433)
193761	Human	0.979627224942027	0.0164	0.0483237545126354	Faecalibacterium (193761)
100124	Freshwater	0.774596669241483	0.0092	0.0322553264604811	Ruminococcaceae (100124)
345575	Human	0.880712572595195	0.0126	0.0397377125193199	Streptococcus (345575)
252321	Human	0.816496580927726	0.0113	0.0380803468208092	Lactobacillus (252321)
161464	Freshwater	0.774596669241483	0.0092	0.0322553264604811	Thermosinus (161464)
358364	Human	0.877680487816407	0.0068	0.0322553264604811	Dialister (358364)
