tax_id	species	genus	family	order	class	phylum	superkingdom
549322	NA	NA	NA	NA	Thermoprotei	Crenarchaeota	Archaea
46043	NA	NA	Cenarchaeaceae	Cenarchaeales	Thaumarchaeota	Crenarchaeota	Archaea
540305	NA	NA	Cenarchaeaceae	Cenarchaeales	Thaumarchaeota	Crenarchaeota	Archaea
321018	NA	NA	Cenarchaeaceae	Cenarchaeales	Thaumarchaeota	Crenarchaeota	Archaea
155526	NA	Nitrosopumilus	Cenarchaeaceae	Cenarchaeales	Thaumarchaeota	Crenarchaeota	Archaea
197473	NA	Nitrosopumilus	Cenarchaeaceae	Cenarchaeales	Thaumarchaeota	Crenarchaeota	Archaea
315545	NA	Nitrosopumilus	Cenarchaeaceae	Cenarchaeales	Thaumarchaeota	Crenarchaeota	Archaea
348549	NA	Nitrosopumilus	Cenarchaeaceae	Cenarchaeales	Thaumarchaeota	Crenarchaeota	Archaea
108964	pIVWA5	Nitrosopumilus	Cenarchaeaceae	Cenarchaeales	Thaumarchaeota	Crenarchaeota	Archaea
568724	NA	Nitrosopumilus	Cenarchaeaceae	Cenarchaeales	Thaumarchaeota	Crenarchaeota	Archaea
175045	NA	Nitrosopumilus	Cenarchaeaceae	Cenarchaeales	Thaumarchaeota	Crenarchaeota	Archaea
71074	SCA1145	CandidatusNitrososphaera	Nitrososphaeraceae	Nitrososphaerales	Thaumarchaeota	Crenarchaeota	Archaea
142115	NA	NA	NA	NA	NA	Crenarchaeota	Archaea
238793	NA	NA	NA	pGrfC26	C2	Crenarchaeota	Archaea
515691	NA	NA	NA	pGrfC26	C2	Crenarchaeota	Archaea
525464	NA	NA	NA	pGrfC26	C2	Crenarchaeota	Archaea
455926	NA	NA	NA	pGrfC26	C2	Crenarchaeota	Archaea
246371	NA	NA	NA	pGrfC26	C2	Crenarchaeota	Archaea
254458	NA	NA	NA	pGrfC26	C2	Crenarchaeota	Archaea
245697	NA	NA	NA	pGrfC26	C2	Crenarchaeota	Archaea
45742	NA	NA	NA	pGrfC26	C2	Crenarchaeota	Archaea
251993	NA	NA	NA	pGrfC26	C2	Crenarchaeota	Archaea
462098	NA	NA	NA	pGrfC26	C2	Crenarchaeota	Archaea
570593	NA	NA	NA	pGrfC26	C2	Crenarchaeota	Archaea
104332	NA	NA	NA	NA	pMC2A209	Crenarchaeota	Archaea
200619	NA	NA	NA	NA	pMC2A209	Crenarchaeota	Archaea
236606	NA	Methanosaeta	Methanosaetaceae	Methanosarcinales	Methanomicrobia	Euryarchaeota	Archaea
248224	NA	CandidatusMethanoregula	NA	Methanomicrobiales	Methanomicrobia	Euryarchaeota	Archaea
146124	NA	NA	MarinegroupIII	E2	Thermoplasmata	Euryarchaeota	Archaea
62881	NA	NA	WCHD3-02	E2	Thermoplasmata	Euryarchaeota	Archaea
329648	NA	NA	WCHD3-02	E2	Thermoplasmata	Euryarchaeota	Archaea
547371	NA	NA	WCHD3-02	E2	Thermoplasmata	Euryarchaeota	Archaea
140729	NA	NA	WCHD3-02	E2	Thermoplasmata	Euryarchaeota	Archaea
319002	NA	NA	pMC2A33	E2	Thermoplasmata	Euryarchaeota	Archaea
219191	NA	NA	pMC2A33	E2	Thermoplasmata	Euryarchaeota	Archaea
410763	NA	NA	pMC2A33	E2	Thermoplasmata	Euryarchaeota	Archaea
412056	NA	NA	pMC2A33	E2	Thermoplasmata	Euryarchaeota	Archaea
250392	NA	NA	MarinegroupII	E2	Thermoplasmata	Euryarchaeota	Archaea
308755	NA	NA	MarinegroupII	E2	Thermoplasmata	Euryarchaeota	Archaea
255494	NA	NA	MarinegroupII	E2	Thermoplasmata	Euryarchaeota	Archaea
146866	NA	NA	MarinegroupII	E2	Thermoplasmata	Euryarchaeota	Archaea
155847	NA	NA	MarinegroupII	E2	Thermoplasmata	Euryarchaeota	Archaea
715	NA	NA	MarinegroupII	E2	Thermoplasmata	Euryarchaeota	Archaea
79	Methanobacteriumbryantii	Methanobacterium	Methanobacteriaceae	Methanobacteriales	Methanobacteria	Euryarchaeota	Archaea
77878	NA	Methanobacterium	Methanobacteriaceae	Methanobacteriales	Methanobacteria	Euryarchaeota	Archaea
101553	Methanobacteriumbeijingense	Methanobacterium	Methanobacteriaceae	Methanobacteriales	Methanobacteria	Euryarchaeota	Archaea
134	NA	Methanobacterium	Methanobacteriaceae	Methanobacteriales	Methanobacteria	Euryarchaeota	Archaea
227785	Methanobrevibactersmithii	Methanobrevibacter	Methanobacteriaceae	Methanobacteriales	Methanobacteria	Euryarchaeota	Archaea
228569	NA	Methanobrevibacter	Methanobacteriaceae	Methanobacteriales	Methanobacteria	Euryarchaeota	Archaea
246686	NA	NA	Methanobacteriaceae	Methanobacteriales	Methanobacteria	Euryarchaeota	Archaea
368907	Propionibacteriumacnes	Propionibacterium	Propionibacteriaceae	Actinomycetales	Actinobacteria	Actinobacteria	Bacteria
263308	NA	NA	Nocardioidaceae	Actinomycetales	Actinobacteria	Actinobacteria	Bacteria
586825	NA	NA	Nocardioidaceae	Actinomycetales	Actinobacteria	Actinobacteria	Bacteria
204284	NA	NA	Nocardioidaceae	Actinomycetales	Actinobacteria	Actinobacteria	Bacteria
154113	NA	NA	Nocardioidaceae	Actinomycetales	Actinobacteria	Actinobacteria	Bacteria
559914	NA	Nocardioides	Nocardioidaceae	Actinomycetales	Actinobacteria	Actinobacteria	Bacteria
531515	NA	NA	Nocardioidaceae	Actinomycetales	Actinobacteria	Actinobacteria	Bacteria
365828	NA	NA	Nocardioidaceae	Actinomycetales	Actinobacteria	Actinobacteria	Bacteria
137878	NA	NA	Nocardioidaceae	Actinomycetales	Actinobacteria	Actinobacteria	Bacteria
208818	NA	NA	Nocardioidaceae	Actinomycetales	Actinobacteria	Actinobacteria	Bacteria
271885	NA	NA	NA	koll13	Actinobacteria	Actinobacteria	Bacteria
67031	NA	NA	NA	koll13	Actinobacteria	Actinobacteria	Bacteria
12812	NA	NA	NA	koll13	Actinobacteria	Actinobacteria	Bacteria
335721	NA	NA	NA	koll13	Actinobacteria	Actinobacteria	Bacteria
241082	NA	NA	NA	koll13	Actinobacteria	Actinobacteria	Bacteria
349592	NA	NA	NA	koll13	Actinobacteria	Actinobacteria	Bacteria
512499	NA	NA	NA	Acidimicrobiales	Actinobacteria	Actinobacteria	Bacteria
160075	NA	NA	Microthrixaceae	Acidimicrobiales	Actinobacteria	Actinobacteria	Bacteria
543676	NA	NA	Microthrixaceae	Acidimicrobiales	Actinobacteria	Actinobacteria	Bacteria
215846	NA	NA	Microthrixaceae	Acidimicrobiales	Actinobacteria	Actinobacteria	Bacteria
145898	NA	NA	Microthrixaceae	Acidimicrobiales	Actinobacteria	Actinobacteria	Bacteria
229799	NA	NA	ZA3612c	Acidimicrobiales	Actinobacteria	Actinobacteria	Bacteria
330721	NA	NA	wb1_P06	Acidimicrobiales	Actinobacteria	Actinobacteria	Bacteria
228452	NA	NA	wb1_P06	Acidimicrobiales	Actinobacteria	Actinobacteria	Bacteria
317641	NA	NA	NA	Acidimicrobiales	Actinobacteria	Actinobacteria	Bacteria
222364	NA	NA	NA	Acidimicrobiales	Actinobacteria	Actinobacteria	Bacteria
223441	NA	NA	NA	Acidimicrobiales	Actinobacteria	Actinobacteria	Bacteria
512041	NA	NA	Iamiaceae	Acidimicrobiales	Actinobacteria	Actinobacteria	Bacteria
125157	NA	NA	CL500-29	Acidimicrobiales	Actinobacteria	Actinobacteria	Bacteria
575662	NA	NA	CL500-29	Acidimicrobiales	Actinobacteria	Actinobacteria	Bacteria
572076	NA	NA	CL500-29	Acidimicrobiales	Actinobacteria	Actinobacteria	Bacteria
550158	NA	NA	CL500-29	Acidimicrobiales	Actinobacteria	Actinobacteria	Bacteria
550926	NA	NA	CL500-29	Acidimicrobiales	Actinobacteria	Actinobacteria	Bacteria
589088	NA	NA	CL500-29	Acidimicrobiales	Actinobacteria	Actinobacteria	Bacteria
310346	NA	NA	CL500-29	Acidimicrobiales	Actinobacteria	Actinobacteria	Bacteria
325555	NA	NA	CL500-29	Acidimicrobiales	Actinobacteria	Actinobacteria	Bacteria
509624	NA	NA	CL500-29	Acidimicrobiales	Actinobacteria	Actinobacteria	Bacteria
276603	NA	NA	CL500-29	Acidimicrobiales	Actinobacteria	Actinobacteria	Bacteria
581081	NA	NA	CL500-29	Acidimicrobiales	Actinobacteria	Actinobacteria	Bacteria
140384	NA	NA	CL500-29	Acidimicrobiales	Actinobacteria	Actinobacteria	Bacteria
354357	NA	NA	CL500-29	Acidimicrobiales	Actinobacteria	Actinobacteria	Bacteria
113190	NA	NA	CL500-29	Acidimicrobiales	Actinobacteria	Actinobacteria	Bacteria
245969	NA	NA	NA	Acidimicrobiales	Actinobacteria	Actinobacteria	Bacteria
529793	NA	NA	EB1017	Acidimicrobiales	Actinobacteria	Actinobacteria	Bacteria
84258	NA	NA	EB1017	Acidimicrobiales	Actinobacteria	Actinobacteria	Bacteria
236284	NA	NA	EB1017	Acidimicrobiales	Actinobacteria	Actinobacteria	Bacteria
223447	NA	NA	EB1017	Acidimicrobiales	Actinobacteria	Actinobacteria	Bacteria
581739	NA	NA	NA	0319-7L14	Actinobacteria	Actinobacteria	Bacteria
203722	NA	NA	NA	Actinomycetales	Actinobacteria	Actinobacteria	Bacteria
327290	NA	Pseudonocardia	Pseudonocardiaceae	Actinomycetales	Actinobacteria	Actinobacteria	Bacteria
175954	Pseudonocardiahalophobica	Pseudonocardia	Pseudonocardiaceae	Actinomycetales	Actinobacteria	Actinobacteria	Bacteria
12926	NA	Pseudonocardia	Pseudonocardiaceae	Actinomycetales	Actinobacteria	Actinobacteria	Bacteria
35860	NA	Pseudonocardia	Pseudonocardiaceae	Actinomycetales	Actinobacteria	Actinobacteria	Bacteria
12988	NA	Crossiella	Pseudonocardiaceae	Actinomycetales	Actinobacteria	Actinobacteria	Bacteria
273055	Micromonosporaechinaurantiaca	Micromonospora	Micromonosporaceae	Actinomycetales	Actinobacteria	Actinobacteria	Bacteria
50040	NA	NA	Streptomycetaceae	Actinomycetales	Actinobacteria	Actinobacteria	Bacteria
264455	NA	Streptomyces	Streptomycetaceae	Actinomycetales	Actinobacteria	Actinobacteria	Bacteria
128098	NA	Streptomyces	Streptomycetaceae	Actinomycetales	Actinobacteria	Actinobacteria	Bacteria
305551	NA	NA	NA	Actinomycetales	Actinobacteria	Actinobacteria	Bacteria
104294	NA	NA	NA	Actinomycetales	Actinobacteria	Actinobacteria	Bacteria
234186	NA	NA	NA	Actinomycetales	Actinobacteria	Actinobacteria	Bacteria
11431	NA	NA	NA	Actinomycetales	Actinobacteria	Actinobacteria	Bacteria
152323	NA	NA	NA	Actinomycetales	Actinobacteria	Actinobacteria	Bacteria
270517	NA	NA	NA	Actinomycetales	Actinobacteria	Actinobacteria	Bacteria
331234	NA	NA	NA	Actinomycetales	Actinobacteria	Actinobacteria	Bacteria
193229	NA	NA	NA	Actinomycetales	Actinobacteria	Actinobacteria	Bacteria
525816	NA	NA	NA	Actinomycetales	Actinobacteria	Actinobacteria	Bacteria
110305	NA	NA	NA	Actinomycetales	Actinobacteria	Actinobacteria	Bacteria
548945	NA	NA	NA	Actinomycetales	Actinobacteria	Actinobacteria	Bacteria
546222	NA	NA	NA	Actinomycetales	Actinobacteria	Actinobacteria	Bacteria
312041	NA	NA	NA	Actinomycetales	Actinobacteria	Actinobacteria	Bacteria
160626	NA	NA	NA	Actinomycetales	Actinobacteria	Actinobacteria	Bacteria
318920	NA	NA	NA	Actinomycetales	Actinobacteria	Actinobacteria	Bacteria
578307	NA	NA	ACK-M1	Actinomycetales	Actinobacteria	Actinobacteria	Bacteria
235395	NA	NA	ACK-M1	Actinomycetales	Actinobacteria	Actinobacteria	Bacteria
105395	NA	NA	ACK-M1	Actinomycetales	Actinobacteria	Actinobacteria	Bacteria
313857	NA	NA	ACK-M1	Actinomycetales	Actinobacteria	Actinobacteria	Bacteria
355132	NA	NA	ACK-M1	Actinomycetales	Actinobacteria	Actinobacteria	Bacteria
252398	NA	NA	ACK-M1	Actinomycetales	Actinobacteria	Actinobacteria	Bacteria
350893	NA	NA	ACK-M1	Actinomycetales	Actinobacteria	Actinobacteria	Bacteria
351161	NA	NA	ACK-M1	Actinomycetales	Actinobacteria	Actinobacteria	Bacteria
331093	NA	NA	ACK-M1	Actinomycetales	Actinobacteria	Actinobacteria	Bacteria
317658	NA	NA	ACK-M1	Actinomycetales	Actinobacteria	Actinobacteria	Bacteria
249078	NA	NA	ACK-M1	Actinomycetales	Actinobacteria	Actinobacteria	Bacteria
123714	NA	NA	ACK-M1	Actinomycetales	Actinobacteria	Actinobacteria	Bacteria
329744	NA	NA	ACK-M1	Actinomycetales	Actinobacteria	Actinobacteria	Bacteria
104500	NA	NA	ACK-M1	Actinomycetales	Actinobacteria	Actinobacteria	Bacteria
581541	NA	NA	ACK-M1	Actinomycetales	Actinobacteria	Actinobacteria	Bacteria
11621	NA	NA	Frankiaceae	Actinomycetales	Actinobacteria	Actinobacteria	Bacteria
252888	NA	NA	Frankiaceae	Actinomycetales	Actinobacteria	Actinobacteria	Bacteria
104265	NA	NA	NA	Actinomycetales	Actinobacteria	Actinobacteria	Bacteria
250241	NA	NA	NA	Actinomycetales	Actinobacteria	Actinobacteria	Bacteria
223578	NA	NA	NA	Actinomycetales	Actinobacteria	Actinobacteria	Bacteria
83514	NA	NA	NA	Actinomycetales	Actinobacteria	Actinobacteria	Bacteria
554377	NA	NA	NA	Actinomycetales	Actinobacteria	Actinobacteria	Bacteria
11451	NA	Sporichthya	Sporichthyaceae	Actinomycetales	Actinobacteria	Actinobacteria	Bacteria
223418	NA	NA	Geodermatophilaceae	Actinomycetales	Actinobacteria	Actinobacteria	Bacteria
11448	NA	NA	Nakamurellaceae	Actinomycetales	Actinobacteria	Actinobacteria	Bacteria
147604	NA	NA	Nakamurellaceae	Actinomycetales	Actinobacteria	Actinobacteria	Bacteria
83082	NA	NA	NA	Actinomycetales	Actinobacteria	Actinobacteria	Bacteria
146122	NA	NA	NA	Actinomycetales	Actinobacteria	Actinobacteria	Bacteria
153548	NA	NA	NA	Actinomycetales	Actinobacteria	Actinobacteria	Bacteria
242751	Kineococcusradiotolerans	Kineococcus	Kineosporiaceae	Actinomycetales	Actinobacteria	Actinobacteria	Bacteria
269218	NA	NA	Kineosporiaceae	Actinomycetales	Actinobacteria	Actinobacteria	Bacteria
190663	NA	NA	Kineosporiaceae	Actinomycetales	Actinobacteria	Actinobacteria	Bacteria
242450	NA	Tropheryma	NA	Actinomycetales	Actinobacteria	Actinobacteria	Bacteria
546690	NA	Pseudoclavibacter	Microbacteriaceae	Actinomycetales	Actinobacteria	Actinobacteria	Bacteria
207157	NA	Leucobacter	Microbacteriaceae	Actinomycetales	Actinobacteria	Actinobacteria	Bacteria
230342	NA	NA	Microbacteriaceae	Actinomycetales	Actinobacteria	Actinobacteria	Bacteria
229136	NA	NA	Microbacteriaceae	Actinomycetales	Actinobacteria	Actinobacteria	Bacteria
307298	NA	NA	Microbacteriaceae	Actinomycetales	Actinobacteria	Actinobacteria	Bacteria
269755	NA	CandidatusRhodoluna	Microbacteriaceae	Actinomycetales	Actinobacteria	Actinobacteria	Bacteria
311254	CandidatusRhodolunalacicola	CandidatusRhodoluna	Microbacteriaceae	Actinomycetales	Actinobacteria	Actinobacteria	Bacteria
542975	NA	NA	Microbacteriaceae	Actinomycetales	Actinobacteria	Actinobacteria	Bacteria
240200	CandidatusAquilunarubra	CandidatusAquiluna	Microbacteriaceae	Actinomycetales	Actinobacteria	Actinobacteria	Bacteria
240435	CandidatusAquilunarubra	CandidatusAquiluna	Microbacteriaceae	Actinomycetales	Actinobacteria	Actinobacteria	Bacteria
263950	NA	Microcella	Microbacteriaceae	Actinomycetales	Actinobacteria	Actinobacteria	Bacteria
398836	NA	Microcella	Microbacteriaceae	Actinomycetales	Actinobacteria	Actinobacteria	Bacteria
177797	NA	Yonghaparkia	Microbacteriaceae	Actinomycetales	Actinobacteria	Actinobacteria	Bacteria
292764	NA	Microbacterium	Microbacteriaceae	Actinomycetales	Actinobacteria	Actinobacteria	Bacteria
362552	NA	NA	Microbacteriaceae	Actinomycetales	Actinobacteria	Actinobacteria	Bacteria
59853	NA	NA	Microbacteriaceae	Actinomycetales	Actinobacteria	Actinobacteria	Bacteria
19936	Clavibactermichiganensis	Clavibacter	Microbacteriaceae	Actinomycetales	Actinobacteria	Actinobacteria	Bacteria
226363	NA	NA	Microbacteriaceae	Actinomycetales	Actinobacteria	Actinobacteria	Bacteria
218035	NA	NA	Microbacteriaceae	Actinomycetales	Actinobacteria	Actinobacteria	Bacteria
130238	NA	Frigoribacterium	Microbacteriaceae	Actinomycetales	Actinobacteria	Actinobacteria	Bacteria
223546	NA	NA	Microbacteriaceae	Actinomycetales	Actinobacteria	Actinobacteria	Bacteria
38522	NA	NA	Microbacteriaceae	Actinomycetales	Actinobacteria	Actinobacteria	Bacteria
35440	Curtobacteriumflaccumfaciens	Curtobacterium	Microbacteriaceae	Actinomycetales	Actinobacteria	Actinobacteria	Bacteria
556066	NA	Agromyces	Microbacteriaceae	Actinomycetales	Actinobacteria	Actinobacteria	Bacteria
593699	NA	NA	Intrasporangiaceae	Actinomycetales	Actinobacteria	Actinobacteria	Bacteria
29284	Tetrasphaerajenkinsii	Tetrasphaera	Intrasporangiaceae	Actinomycetales	Actinobacteria	Actinobacteria	Bacteria
145846	Knoelliasubterranea	Knoellia	Intrasporangiaceae	Actinomycetales	Actinobacteria	Actinobacteria	Bacteria
239951	NA	Janibacter	Intrasporangiaceae	Actinomycetales	Actinobacteria	Actinobacteria	Bacteria
219876	NA	Janibacter	Intrasporangiaceae	Actinomycetales	Actinobacteria	Actinobacteria	Bacteria
236808	NA	Phycicoccus	Intrasporangiaceae	Actinomycetales	Actinobacteria	Actinobacteria	Bacteria
529501	NA	Brachybacterium	Dermabacteraceae	Actinomycetales	Actinobacteria	Actinobacteria	Bacteria
113648	NA	NA	Dermabacteraceae	Actinomycetales	Actinobacteria	Actinobacteria	Bacteria
12533	Dermabacterhominis	Dermabacter	Dermabacteraceae	Actinomycetales	Actinobacteria	Actinobacteria	Bacteria
33876	NA	NA	NA	Actinomycetales	Actinobacteria	Actinobacteria	Bacteria
369064	NA	Dermacoccus	Dermacoccaceae	Actinomycetales	Actinobacteria	Actinobacteria	Bacteria
240850	NA	Dermacoccus	Dermacoccaceae	Actinomycetales	Actinobacteria	Actinobacteria	Bacteria
109814	NA	Kytococcus	Dermacoccaceae	Actinomycetales	Actinobacteria	Actinobacteria	Bacteria
102681	NA	NA	Intrasporangiaceae	Actinomycetales	Actinobacteria	Actinobacteria	Bacteria
157133	NA	Serinicoccus	Intrasporangiaceae	Actinomycetales	Actinobacteria	Actinobacteria	Bacteria
12321	NA	Cellulomonas	Cellulomonadaceae	Actinomycetales	Actinobacteria	Actinobacteria	Bacteria
249637	NA	Demequina	Cellulomonadaceae	Actinomycetales	Actinobacteria	Actinobacteria	Bacteria
289962	NA	Demequina	Cellulomonadaceae	Actinomycetales	Actinobacteria	Actinobacteria	Bacteria
12346	Actinotaleafermentans	Actinotalea	Cellulomonadaceae	Actinomycetales	Actinobacteria	Actinobacteria	Bacteria
375136	NA	NA	NA	Actinomycetales	Actinobacteria	Actinobacteria	Bacteria
44206	NA	NA	Beutenbergiaceae	Actinomycetales	Actinobacteria	Actinobacteria	Bacteria
139651	NA	Georgenia	Bogoriellaceae	Actinomycetales	Actinobacteria	Actinobacteria	Bacteria
524457	NA	Arcanobacterium	Actinomycetaceae	Actinomycetales	Actinobacteria	Actinobacteria	Bacteria
470273	Actinomycessp.oraltaxon848	Actinomyces	Actinomycetaceae	Actinomycetales	Actinobacteria	Actinobacteria	Bacteria
83011	NA	Actinomyces	Actinomycetaceae	Actinomycetales	Actinobacteria	Actinobacteria	Bacteria
79234	NA	Actinomyces	Actinomycetaceae	Actinomycetales	Actinobacteria	Actinobacteria	Bacteria
26061	NA	Actinomyces	Actinomycetaceae	Actinomycetales	Actinobacteria	Actinobacteria	Bacteria
583523	NA	Actinomyces	Actinomycetaceae	Actinomycetales	Actinobacteria	Actinobacteria	Bacteria
584347	NA	Actinomyces	Actinomycetaceae	Actinomycetales	Actinobacteria	Actinobacteria	Bacteria
103151	NA	Actinomyces	Actinomycetaceae	Actinomycetales	Actinobacteria	Actinobacteria	Bacteria
12561	Actinomycesdenticolens	Actinomyces	Actinomycetaceae	Actinomycetales	Actinobacteria	Actinobacteria	Bacteria
24150	NA	Actinomyces	Actinomycetaceae	Actinomycetales	Actinobacteria	Actinobacteria	Bacteria
470693	Mobiluncuscurtisii	Mobiluncus	Actinomycetaceae	Actinomycetales	Actinobacteria	Actinobacteria	Bacteria
131712	NA	Varibaculum	Actinomycetaceae	Actinomycetales	Actinobacteria	Actinobacteria	Bacteria
131783	Actinomycesneuii	Actinomyces	Actinomycetaceae	Actinomycetales	Actinobacteria	Actinobacteria	Bacteria
67513	NA	Actinomyces	Actinomycetaceae	Actinomycetales	Actinobacteria	Actinobacteria	Bacteria
152869	NA	Actinomyces	Actinomycetaceae	Actinomycetales	Actinobacteria	Actinobacteria	Bacteria
12570	NA	Actinomyces	Actinomycetaceae	Actinomycetales	Actinobacteria	Actinobacteria	Bacteria
23235	NA	Actinomyces	Actinomycetaceae	Actinomycetales	Actinobacteria	Actinobacteria	Bacteria
12567	NA	Actinomyces	Actinomycetaceae	Actinomycetales	Actinobacteria	Actinobacteria	Bacteria
252421	NA	Brevibacterium	Brevibacteriaceae	Actinomycetales	Actinobacteria	Actinobacteria	Bacteria
36025	Brevibacteriumpaucivorans	Brevibacterium	Brevibacteriaceae	Actinomycetales	Actinobacteria	Actinobacteria	Bacteria
100122	NA	Brevibacterium	Brevibacteriaceae	Actinomycetales	Actinobacteria	Actinobacteria	Bacteria
266173	NA	Brevibacterium	Brevibacteriaceae	Actinomycetales	Actinobacteria	Actinobacteria	Bacteria
230376	NA	Nesterenkonia	Micrococcaceae	Actinomycetales	Actinobacteria	Actinobacteria	Bacteria
555009	Kocuriarosea	Kocuria	Micrococcaceae	Actinomycetales	Actinobacteria	Actinobacteria	Bacteria
529839	NA	Kocuria	Micrococcaceae	Actinomycetales	Actinobacteria	Actinobacteria	Bacteria
567669	Kocuriapalustris	Kocuria	Micrococcaceae	Actinomycetales	Actinobacteria	Actinobacteria	Bacteria
566596	NA	Rothia	Micrococcaceae	Actinomycetales	Actinobacteria	Actinobacteria	Bacteria
543491	NA	Rothia	Micrococcaceae	Actinomycetales	Actinobacteria	Actinobacteria	Bacteria
58301	Rothiaaeria	Rothia	Micrococcaceae	Actinomycetales	Actinobacteria	Actinobacteria	Bacteria
471141	Rothiamucilaginosa	Rothia	Micrococcaceae	Actinomycetales	Actinobacteria	Actinobacteria	Bacteria
193899	NA	Sinomonas	Micrococcaceae	Actinomycetales	Actinobacteria	Actinobacteria	Bacteria
100937	Micrococcusluteus	Micrococcus	Micrococcaceae	Actinomycetales	Actinobacteria	Actinobacteria	Bacteria
581042	NA	Arthrobacter	Micrococcaceae	Actinomycetales	Actinobacteria	Actinobacteria	Bacteria
267323	NA	NA	Micrococcaceae	Actinomycetales	Actinobacteria	Actinobacteria	Bacteria
554201	NA	Arthrobacter	Micrococcaceae	Actinomycetales	Actinobacteria	Actinobacteria	Bacteria
136467	NA	Arthrobacter	Micrococcaceae	Actinomycetales	Actinobacteria	Actinobacteria	Bacteria
270098	NA	Arthrobacter	Micrococcaceae	Actinomycetales	Actinobacteria	Actinobacteria	Bacteria
251817	NA	Arthrobacter	Micrococcaceae	Actinomycetales	Actinobacteria	Actinobacteria	Bacteria
101943	NA	Arthrobacter	Micrococcaceae	Actinomycetales	Actinobacteria	Actinobacteria	Bacteria
272208	Dietziamaris	Dietzia	Dietziaceae	Actinomycetales	Actinobacteria	Actinobacteria	Bacteria
320879	NA	NA	Corynebacteriaceae	Actinomycetales	Actinobacteria	Actinobacteria	Bacteria
13459	NA	Corynebacterium	Corynebacteriaceae	Actinomycetales	Actinobacteria	Actinobacteria	Bacteria
470178	Corynebacteriumaurimucosum	Corynebacterium	Corynebacteriaceae	Actinomycetales	Actinobacteria	Actinobacteria	Bacteria
552026	NA	Corynebacterium	Corynebacteriaceae	Actinomycetales	Actinobacteria	Actinobacteria	Bacteria
305123	Corynebacteriumriegelii	Corynebacterium	Corynebacteriaceae	Actinomycetales	Actinobacteria	Actinobacteria	Bacteria
544910	NA	Corynebacterium	Corynebacteriaceae	Actinomycetales	Actinobacteria	Actinobacteria	Bacteria
261774	NA	Corynebacterium	Corynebacteriaceae	Actinomycetales	Actinobacteria	Actinobacteria	Bacteria
13453	NA	Corynebacterium	Corynebacteriaceae	Actinomycetales	Actinobacteria	Actinobacteria	Bacteria
470207	Corynebacteriumlipophiloflavum	Corynebacterium	Corynebacteriaceae	Actinomycetales	Actinobacteria	Actinobacteria	Bacteria
534507	NA	Corynebacterium	Corynebacteriaceae	Actinomycetales	Actinobacteria	Actinobacteria	Bacteria
13456	NA	Corynebacterium	Corynebacteriaceae	Actinomycetales	Actinobacteria	Actinobacteria	Bacteria
451398	NA	Corynebacterium	Corynebacteriaceae	Actinomycetales	Actinobacteria	Actinobacteria	Bacteria
470190	NA	Corynebacterium	Corynebacteriaceae	Actinomycetales	Actinobacteria	Actinobacteria	Bacteria
270102	NA	Corynebacterium	Corynebacteriaceae	Actinomycetales	Actinobacteria	Actinobacteria	Bacteria
470219	Corynebacteriumtuberculostearicum	Corynebacterium	Corynebacteriaceae	Actinomycetales	Actinobacteria	Actinobacteria	Bacteria
410908	NA	Corynebacterium	Corynebacteriaceae	Actinomycetales	Actinobacteria	Actinobacteria	Bacteria
82696	NA	Corynebacterium	Corynebacteriaceae	Actinomycetales	Actinobacteria	Actinobacteria	Bacteria
13420	NA	Corynebacterium	Corynebacteriaceae	Actinomycetales	Actinobacteria	Actinobacteria	Bacteria
58295	Corynebacteriumdurum	Corynebacterium	Corynebacteriaceae	Actinomycetales	Actinobacteria	Actinobacteria	Bacteria
557799	NA	Corynebacterium	Corynebacteriaceae	Actinomycetales	Actinobacteria	Actinobacteria	Bacteria
470200	Corynebacteriumglucuronolyticum	Corynebacterium	Corynebacteriaceae	Actinomycetales	Actinobacteria	Actinobacteria	Bacteria
470188	Corynebacteriumefficiens	Corynebacterium	Corynebacteriaceae	Actinomycetales	Actinobacteria	Actinobacteria	Bacteria
361871	NA	Corynebacterium	Corynebacteriaceae	Actinomycetales	Actinobacteria	Actinobacteria	Bacteria
470213	Corynebacteriummatruchotii	Corynebacterium	Corynebacteriaceae	Actinomycetales	Actinobacteria	Actinobacteria	Bacteria
536902	NA	Corynebacterium	Corynebacteriaceae	Actinomycetales	Actinobacteria	Actinobacteria	Bacteria
358127	NA	Corynebacterium	Corynebacteriaceae	Actinomycetales	Actinobacteria	Actinobacteria	Bacteria
81096	NA	Corynebacterium	Corynebacteriaceae	Actinomycetales	Actinobacteria	Actinobacteria	Bacteria
241543	NA	Rhodococcus	Nocardiaceae	Actinomycetales	Actinobacteria	Actinobacteria	Bacteria
13581	Rhodococcusfascians	Rhodococcus	Nocardiaceae	Actinomycetales	Actinobacteria	Actinobacteria	Bacteria
131262	NA	Rhodococcus	Nocardiaceae	Actinomycetales	Actinobacteria	Actinobacteria	Bacteria
142287	Williamsiamuralis	Williamsia	Williamsiaceae	Actinomycetales	Actinobacteria	Actinobacteria	Bacteria
154902	NA	Gordonia	Gordoniaceae	Actinomycetales	Actinobacteria	Actinobacteria	Bacteria
36832	NA	Gordonia	Gordoniaceae	Actinomycetales	Actinobacteria	Actinobacteria	Bacteria
558953	Gordoniaamarae	Gordonia	Gordoniaceae	Actinomycetales	Actinobacteria	Actinobacteria	Bacteria
20974	Tsukamurellainchonensis	Tsukamurella	Tsukamurellaceae	Actinomycetales	Actinobacteria	Actinobacteria	Bacteria
247201	NA	Mycobacterium	Mycobacteriaceae	Actinomycetales	Actinobacteria	Actinobacteria	Bacteria
579213	NA	Mycobacterium	Mycobacteriaceae	Actinomycetales	Actinobacteria	Actinobacteria	Bacteria
101464	NA	Mycobacterium	Mycobacteriaceae	Actinomycetales	Actinobacteria	Actinobacteria	Bacteria
13034	NA	Mycobacterium	Mycobacteriaceae	Actinomycetales	Actinobacteria	Actinobacteria	Bacteria
309862	NA	Mycobacterium	Mycobacteriaceae	Actinomycetales	Actinobacteria	Actinobacteria	Bacteria
300187	NA	Mycobacterium	Mycobacteriaceae	Actinomycetales	Actinobacteria	Actinobacteria	Bacteria
354851	NA	Mycobacterium	Mycobacteriaceae	Actinomycetales	Actinobacteria	Actinobacteria	Bacteria
204251	NA	Mycobacterium	Mycobacteriaceae	Actinomycetales	Actinobacteria	Actinobacteria	Bacteria
407296	NA	Mycobacterium	Mycobacteriaceae	Actinomycetales	Actinobacteria	Actinobacteria	Bacteria
181609	NA	NA	NA	Bifidobacteriales	Actinobacteria	Actinobacteria	Bacteria
86784	Scardoviainopinata	Scardovia	Bifidobacteriaceae	Bifidobacteriales	Actinobacteria	Actinobacteria	Bacteria
469868	Bifidobacteriumdentium	Bifidobacterium	Bifidobacteriaceae	Bifidobacteriales	Actinobacteria	Actinobacteria	Bacteria
326977	Bifidobacteriumadolescentis	Bifidobacterium	Bifidobacteriaceae	Bifidobacteriales	Actinobacteria	Actinobacteria	Bacteria
469873	Bifidobacteriumpseudocatenulatum	Bifidobacterium	Bifidobacteriaceae	Bifidobacteriales	Actinobacteria	Actinobacteria	Bacteria
471180	NA	Bifidobacterium	Bifidobacteriaceae	Bifidobacteriales	Actinobacteria	Actinobacteria	Bacteria
12622	Bifidobacteriumsubtile	Bifidobacterium	Bifidobacteriaceae	Bifidobacteriales	Actinobacteria	Actinobacteria	Bacteria
131391	Bifidobacteriumpseudolongum	Bifidobacterium	Bifidobacteriaceae	Bifidobacteriales	Actinobacteria	Actinobacteria	Bacteria
533785	NA	Bifidobacterium	Bifidobacteriaceae	Bifidobacteriales	Actinobacteria	Actinobacteria	Bacteria
471185	Bifidobacteriumanimalis	Bifidobacterium	Bifidobacteriaceae	Bifidobacteriales	Actinobacteria	Actinobacteria	Bacteria
591285	Bifidobacteriumlongum	Bifidobacterium	Bifidobacteriaceae	Bifidobacteriales	Actinobacteria	Actinobacteria	Bacteria
292521	NA	Bifidobacterium	Bifidobacteriaceae	Bifidobacteriales	Actinobacteria	Actinobacteria	Bacteria
469852	Bifidobacteriumbifidum	Bifidobacterium	Bifidobacteriaceae	Bifidobacteriales	Actinobacteria	Actinobacteria	Bacteria
542335	NA	NA	SHA-116	PBS-18	WWE1	Spirochaetes	Bacteria
335847	NA	W22	SHA-4	PBS-18	WWE1	Spirochaetes	Bacteria
227609	NA	Zplanct13	SHA-4	PBS-18	WWE1	Spirochaetes	Bacteria
108434	Treponemadenticola	Treponema	Spirochaetaceae	Spirochaetales	Spirochaetes	Spirochaetes	Bacteria
236512	NA	Treponema	Spirochaetaceae	Spirochaetales	Spirochaetes	Spirochaetes	Bacteria
251512	NA	Treponema	Spirochaetaceae	Spirochaetales	Spirochaetes	Spirochaetes	Bacteria
3838	Treponemasocranskii	Treponema	Spirochaetaceae	Spirochaetales	Spirochaetes	Spirochaetes	Bacteria
38741	Treponemalecithinolyticum	Treponema	Spirochaetaceae	Spirochaetales	Spirochaetes	Spirochaetes	Bacteria
3861	NA	Treponema	Spirochaetaceae	Spirochaetales	Spirochaetes	Spirochaetes	Bacteria
519715	NA	SA-8	Spirochaetaceae	Spirochaetales	Spirochaetes	Spirochaetes	Bacteria
63216	NA	TM3	Spirochaetaceae	Spirochaetales	Spirochaetes	Spirochaetes	Bacteria
3801	NA	TM3	Spirochaetaceae	Spirochaetales	Spirochaetes	Spirochaetes	Bacteria
149144	NA	TM3	Spirochaetaceae	Spirochaetales	Spirochaetes	Spirochaetes	Bacteria
221514	NA	TM3	Spirochaetaceae	Spirochaetales	Spirochaetes	Spirochaetes	Bacteria
212910	NA	TM3	Spirochaetaceae	Spirochaetales	Spirochaetes	Spirochaetes	Bacteria
100167	NA	TM3	Spirochaetaceae	Spirochaetales	Spirochaetes	Spirochaetes	Bacteria
101310	NA	KSA2	Spirochaetaceae	Spirochaetales	Spirochaetes	Spirochaetes	Bacteria
342035	NA	Spirochaeta	Spirochaetaceae	Spirochaetales	Spirochaetes	Spirochaetes	Bacteria
251576	NA	Spirochaeta	Spirochaetaceae	Spirochaetales	Spirochaetes	Spirochaetes	Bacteria
242567	NA	Spirochaeta	Spirochaetaceae	Spirochaetales	Spirochaetes	Spirochaetes	Bacteria
550451	NA	SJA-88	Leptospiraceae	Leptospirales	Leptospirae	Spirochaetes	Bacteria
143845	NA	SJA-88	Leptospiraceae	Leptospirales	Leptospirae	Spirochaetes	Bacteria
88155	NA	NA	Leptospiraceae	Leptospirales	Leptospirae	Spirochaetes	Bacteria
114294	NA	Desulfovibrio	Desulfovibrionaceae	Desulfovibrionales	Deltaproteobacteria	Proteobacteria	Bacteria
192132	Bilophilawadsworthia	Bilophila	Desulfovibrionaceae	Desulfovibrionales	Deltaproteobacteria	Proteobacteria	Bacteria
51535	NA	Desulfovibrio	Desulfovibrionaceae	Desulfovibrionales	Deltaproteobacteria	Proteobacteria	Bacteria
245878	Desulfovibriocavernae	Desulfovibrio	Desulfovibrionaceae	Desulfovibrionales	Deltaproteobacteria	Proteobacteria	Bacteria
203274	NA	NA	NA	NA	VHS-B5-50	SBR1093	Bacteria
31235	NA	Leptotrichia	Fusobacteriaceae	Fusobacteriales	Fusobacteria	Fusobacteria	Bacteria
73887	NA	Leptotrichia	Fusobacteriaceae	Fusobacteriales	Fusobacteria	Fusobacteria	Bacteria
70628	NA	Leptotrichia	Fusobacteriaceae	Fusobacteriales	Fusobacteria	Fusobacteria	Bacteria
74391	NA	Leptotrichia	Fusobacteriaceae	Fusobacteriales	Fusobacteria	Fusobacteria	Bacteria
59574	NA	Leptotrichia	Fusobacteriaceae	Fusobacteriales	Fusobacteria	Fusobacteria	Bacteria
529857	Leptotrichiabuccalis	Leptotrichia	Fusobacteriaceae	Fusobacteriales	Fusobacteria	Fusobacteria	Bacteria
484462	NA	Leptotrichia	Fusobacteriaceae	Fusobacteriales	Fusobacteria	Fusobacteria	Bacteria
237034	NA	Leptotrichia	Fusobacteriaceae	Fusobacteriales	Fusobacteria	Fusobacteria	Bacteria
74059	NA	Leptotrichia	Fusobacteriaceae	Fusobacteriales	Fusobacteria	Fusobacteria	Bacteria
566658	NA	Leptotrichia	Fusobacteriaceae	Fusobacteriales	Fusobacteria	Fusobacteria	Bacteria
110394	NA	Propionigenium	Fusobacteriaceae	Fusobacteriales	Fusobacteria	Fusobacteria	Bacteria
591820	NA	u114	Fusobacteriaceae	Fusobacteriales	Fusobacteria	Fusobacteria	Bacteria
64396	NA	Fusobacterium	Fusobacteriaceae	Fusobacteriales	Fusobacteria	Fusobacteria	Bacteria
518865	NA	Fusobacterium	Fusobacteriaceae	Fusobacteriales	Fusobacteria	Fusobacteria	Bacteria
374052	NA	Fusobacterium	Fusobacteriaceae	Fusobacteriales	Fusobacteria	Fusobacteria	Bacteria
332164	NA	J2-29	Fusobacteriaceae	Fusobacteriales	Fusobacteria	Fusobacteria	Bacteria
357591	NA	NA	NA	RF39	Mollicutes	Tenericutes	Bacteria
357766	NA	NA	NA	RF39	Mollicutes	Tenericutes	Bacteria
562962	NA	NA	NA	RF39	Mollicutes	Tenericutes	Bacteria
233848	NA	NA	NA	RF39	Mollicutes	Tenericutes	Bacteria
60702	NA	Mycoplasma	Mycoplasmataceae	Mycoplasmatales	Mollicutes	Tenericutes	Bacteria
15912	NA	Mycoplasma	Mycoplasmataceae	Mycoplasmatales	Mollicutes	Tenericutes	Bacteria
274442	NA	Acholeplasma	Acholeplasmataceae	Acholeplasmatales	Mollicutes	Tenericutes	Bacteria
287510	NA	Catenibacterium	Erysipelotrichaceae	Erysipelotrichales	Erysipelotrichi	Tenericutes	Bacteria
233953	NA	Coprobacillus	Erysipelotrichaceae	Erysipelotrichales	Erysipelotrichi	Tenericutes	Bacteria
191700	NA	Coprobacillus	Erysipelotrichaceae	Erysipelotrichales	Erysipelotrichi	Tenericutes	Bacteria
542934	NA	Clostridium	Erysipelotrichaceae	Erysipelotrichales	Erysipelotrichi	Tenericutes	Bacteria
190872	NA	Clostridium	Erysipelotrichaceae	Erysipelotrichales	Erysipelotrichi	Tenericutes	Bacteria
136526	NA	Clostridium	Erysipelotrichaceae	Erysipelotrichales	Erysipelotrichi	Tenericutes	Bacteria
470139	Clostridiumramosum	Clostridium	Erysipelotrichaceae	Erysipelotrichales	Erysipelotrichi	Tenericutes	Bacteria
360238	NA	Clostridium	Erysipelotrichaceae	Erysipelotrichales	Erysipelotrichi	Tenericutes	Bacteria
15716	Clostridiumspiroforme	Clostridium	Erysipelotrichaceae	Erysipelotrichales	Erysipelotrichi	Tenericutes	Bacteria
565289	NA	NA	Erysipelotrichaceae	Erysipelotrichales	Erysipelotrichi	Tenericutes	Bacteria
470369	Eubacteriumbiforme	NA	Erysipelotrichaceae	Erysipelotrichales	Erysipelotrichi	Tenericutes	Bacteria
362383	Clostridiuminnocuum	NA	Erysipelotrichaceae	Erysipelotrichales	Erysipelotrichi	Tenericutes	Bacteria
572915	Eubacteriumcylindroides	NA	Erysipelotrichaceae	Erysipelotrichales	Erysipelotrichi	Tenericutes	Bacteria
532556	Bulleidiaextructa	Bulleidia	Erysipelotrichaceae	Erysipelotrichales	Erysipelotrichi	Tenericutes	Bacteria
19191	Solobacteriummoorei	Bulleidia	Erysipelotrichaceae	Erysipelotrichales	Erysipelotrichi	Tenericutes	Bacteria
470522	Holdemaniafiliformis	Holdemania	Erysipelotrichaceae	Erysipelotrichales	Erysipelotrichi	Tenericutes	Bacteria
360268	NA	NA	NA	NA	ML615J-28	Tenericutes	Bacteria
385423	NA	NA	NA	NA	Chloroplast	Cyanobacteria	Bacteria
303568	NA	NA	NA	NA	Chloroplast	Cyanobacteria	Bacteria
354744	NA	NA	Mamiellaceae	Chlorophyta	Chloroplast	Cyanobacteria	Bacteria
577338	NA	NA	NA	NA	Chloroplast	Cyanobacteria	Bacteria
522238	NA	NA	NA	NA	Chloroplast	Cyanobacteria	Bacteria
3536	NA	NA	NA	Streptophyta	Chloroplast	Cyanobacteria	Bacteria
3549	NA	NA	NA	Streptophyta	Chloroplast	Cyanobacteria	Bacteria
50506	NA	NA	NA	Streptophyta	Chloroplast	Cyanobacteria	Bacteria
589524	NA	NA	NA	Streptophyta	Chloroplast	Cyanobacteria	Bacteria
245980	NA	NA	NA	Streptophyta	Chloroplast	Cyanobacteria	Bacteria
60254	NA	NA	NA	Streptophyta	Chloroplast	Cyanobacteria	Bacteria
330861	NA	NA	NA	Streptophyta	Chloroplast	Cyanobacteria	Bacteria
589787	NA	NA	NA	Streptophyta	Chloroplast	Cyanobacteria	Bacteria
243468	NA	NA	NA	Streptophyta	Chloroplast	Cyanobacteria	Bacteria
560209	NA	NA	NA	Streptophyta	Chloroplast	Cyanobacteria	Bacteria
108861	NA	NA	NA	Streptophyta	Chloroplast	Cyanobacteria	Bacteria
200033	NA	NA	Trebouxiophyceae	Chlorophyta	Chloroplast	Cyanobacteria	Bacteria
38828	NA	NA	Trebouxiophyceae	Chlorophyta	Chloroplast	Cyanobacteria	Bacteria
141161	NA	NA	NA	NA	Chloroplast	Cyanobacteria	Bacteria
550329	NA	NA	NA	Cryptophyta	Chloroplast	Cyanobacteria	Bacteria
233592	NA	NA	NA	Cryptophyta	Chloroplast	Cyanobacteria	Bacteria
238123	NA	NA	NA	Cryptophyta	Chloroplast	Cyanobacteria	Bacteria
535929	NA	NA	NA	Cryptophyta	Chloroplast	Cyanobacteria	Bacteria
25107	NA	NA	NA	Cryptophyta	Chloroplast	Cyanobacteria	Bacteria
142022	NA	NA	NA	Cryptophyta	Chloroplast	Cyanobacteria	Bacteria
235716	NA	NA	NA	Cryptophyta	Chloroplast	Cyanobacteria	Bacteria
30150	NA	NA	NA	NA	Chloroplast	Cyanobacteria	Bacteria
137756	NA	NA	NA	Stramenopiles	Chloroplast	Cyanobacteria	Bacteria
44394	NA	NA	NA	Stramenopiles	Chloroplast	Cyanobacteria	Bacteria
210139	NA	NA	NA	Stramenopiles	Chloroplast	Cyanobacteria	Bacteria
83959	NA	NA	NA	Stramenopiles	Chloroplast	Cyanobacteria	Bacteria
141745	NA	NA	NA	Stramenopiles	Chloroplast	Cyanobacteria	Bacteria
137837	NA	NA	NA	Stramenopiles	Chloroplast	Cyanobacteria	Bacteria
46777	NA	NA	NA	Stramenopiles	Chloroplast	Cyanobacteria	Bacteria
354695	NA	NA	NA	Stramenopiles	Chloroplast	Cyanobacteria	Bacteria
575555	NA	NA	NA	Stramenopiles	Chloroplast	Cyanobacteria	Bacteria
592858	NA	NA	NA	Stramenopiles	Chloroplast	Cyanobacteria	Bacteria
286332	NA	NA	NA	Stramenopiles	Chloroplast	Cyanobacteria	Bacteria
558119	NA	NA	NA	Stramenopiles	Chloroplast	Cyanobacteria	Bacteria
574214	NA	NA	NA	Stramenopiles	Chloroplast	Cyanobacteria	Bacteria
329899	NA	NA	NA	Stramenopiles	Chloroplast	Cyanobacteria	Bacteria
308887	NA	NA	NA	Stramenopiles	Chloroplast	Cyanobacteria	Bacteria
328963	NA	NA	NA	Stramenopiles	Chloroplast	Cyanobacteria	Bacteria
313351	NA	NA	NA	Stramenopiles	Chloroplast	Cyanobacteria	Bacteria
278521	NA	NA	NA	Stramenopiles	Chloroplast	Cyanobacteria	Bacteria
317794	NA	NA	NA	Stramenopiles	Chloroplast	Cyanobacteria	Bacteria
561077	NA	NA	NA	Stramenopiles	Chloroplast	Cyanobacteria	Bacteria
542011	NA	NA	NA	Stramenopiles	Chloroplast	Cyanobacteria	Bacteria
139214	NA	NA	NA	Stramenopiles	Chloroplast	Cyanobacteria	Bacteria
38733	NA	NA	NA	Stramenopiles	Chloroplast	Cyanobacteria	Bacteria
101837	NA	NA	NA	Stramenopiles	Chloroplast	Cyanobacteria	Bacteria
348903	NA	NA	NA	Stramenopiles	Chloroplast	Cyanobacteria	Bacteria
361147	NA	NA	NA	Stramenopiles	Chloroplast	Cyanobacteria	Bacteria
323726	NA	NA	NA	Stramenopiles	Chloroplast	Cyanobacteria	Bacteria
549748	NA	NA	NA	Stramenopiles	Chloroplast	Cyanobacteria	Bacteria
332808	NA	NA	NA	Stramenopiles	Chloroplast	Cyanobacteria	Bacteria
583758	NA	NA	NA	Stramenopiles	Chloroplast	Cyanobacteria	Bacteria
347931	NA	NA	NA	Stramenopiles	Chloroplast	Cyanobacteria	Bacteria
91725	NA	NA	NA	Stramenopiles	Chloroplast	Cyanobacteria	Bacteria
305627	NA	NA	NA	Stramenopiles	Chloroplast	Cyanobacteria	Bacteria
347310	NA	NA	NA	Stramenopiles	Chloroplast	Cyanobacteria	Bacteria
532647	NA	NA	NA	Stramenopiles	Chloroplast	Cyanobacteria	Bacteria
317182	NA	NA	NA	Stramenopiles	Chloroplast	Cyanobacteria	Bacteria
549656	NA	NA	NA	Stramenopiles	Chloroplast	Cyanobacteria	Bacteria
327536	NA	NA	NA	Stramenopiles	Chloroplast	Cyanobacteria	Bacteria
318540	NA	NA	NA	Stramenopiles	Chloroplast	Cyanobacteria	Bacteria
306869	NA	NA	NA	Stramenopiles	Chloroplast	Cyanobacteria	Bacteria
340216	NA	NA	NA	Stramenopiles	Chloroplast	Cyanobacteria	Bacteria
106374	NA	NA	NA	Stramenopiles	Chloroplast	Cyanobacteria	Bacteria
338106	NA	NA	NA	Stramenopiles	Chloroplast	Cyanobacteria	Bacteria
354365	NA	NA	NA	Stramenopiles	Chloroplast	Cyanobacteria	Bacteria
591206	NA	NA	NA	Stramenopiles	Chloroplast	Cyanobacteria	Bacteria
573523	NA	NA	NA	Stramenopiles	Chloroplast	Cyanobacteria	Bacteria
107146	NA	NA	NA	Stramenopiles	Chloroplast	Cyanobacteria	Bacteria
3466	NA	NA	NA	Haptophyceae	Chloroplast	Cyanobacteria	Bacteria
131943	NA	NA	NA	Haptophyceae	Chloroplast	Cyanobacteria	Bacteria
351106	NA	NA	NA	Haptophyceae	Chloroplast	Cyanobacteria	Bacteria
227597	NA	NA	NA	Haptophyceae	Chloroplast	Cyanobacteria	Bacteria
233758	NA	NA	NA	Haptophyceae	Chloroplast	Cyanobacteria	Bacteria
138411	NA	NA	NA	Haptophyceae	Chloroplast	Cyanobacteria	Bacteria
230203	NA	NA	NA	Haptophyceae	Chloroplast	Cyanobacteria	Bacteria
153911	NA	NA	NA	Haptophyceae	Chloroplast	Cyanobacteria	Bacteria
569927	NA	NA	NA	Haptophyceae	Chloroplast	Cyanobacteria	Bacteria
513373	NA	NA	NA	Haptophyceae	Chloroplast	Cyanobacteria	Bacteria
247611	NA	NA	NA	Haptophyceae	Chloroplast	Cyanobacteria	Bacteria
48463	NA	NA	NA	Haptophyceae	Chloroplast	Cyanobacteria	Bacteria
534046	NA	NA	NA	Haptophyceae	Chloroplast	Cyanobacteria	Bacteria
228407	NA	NA	NA	Haptophyceae	Chloroplast	Cyanobacteria	Bacteria
565556	NA	Microcoleus	Phormidiaceae	Oscillatoriales	Oscillatoriophycideae	Cyanobacteria	Bacteria
51024	NA	Microcoleus	Phormidiaceae	Oscillatoriales	Oscillatoriophycideae	Cyanobacteria	Bacteria
210194	NA	Cyanobacterium	Cyanobacteriaceae	Chroococcales	Oscillatoriophycideae	Cyanobacteria	Bacteria
221509	NA	Cyanobacterium	Cyanobacteriaceae	Chroococcales	Oscillatoriophycideae	Cyanobacteria	Bacteria
471225	Microcystisviridis	Microcystis	Microcystaceae	Chroococcales	Oscillatoriophycideae	Cyanobacteria	Bacteria
3112	NA	Microcystis	Microcystaceae	Chroococcales	Oscillatoriophycideae	Cyanobacteria	Bacteria
545082	NA	NA	Gomphosphaeriaceae	Chroococcales	Oscillatoriophycideae	Cyanobacteria	Bacteria
308876	NA	4041AA30	Cyanobacteriaceae	Chroococcales	Oscillatoriophycideae	Cyanobacteria	Bacteria
111394	NA	NA	Nostocaceae	Nostocales	Nostocophycideae	Cyanobacteria	Bacteria
111492	NA	NA	Nostocaceae	Nostocales	Nostocophycideae	Cyanobacteria	Bacteria
199024	NA	NA	Nostocaceae	Nostocales	Nostocophycideae	Cyanobacteria	Bacteria
258214	NA	NA	Nostocaceae	Nostocales	Nostocophycideae	Cyanobacteria	Bacteria
279599	NA	Dolichospermum	Nostocaceae	Nostocales	Nostocophycideae	Cyanobacteria	Bacteria
235567	NA	NA	Nostocaceae	Nostocales	Nostocophycideae	Cyanobacteria	Bacteria
107995	Aphanizomenonissatschenkoi	Aphanizomenon	Nostocaceae	Nostocales	Nostocophycideae	Cyanobacteria	Bacteria
101942	NA	Anabaena	Nostocaceae	Nostocales	Nostocophycideae	Cyanobacteria	Bacteria
592912	NA	Anabaena	Nostocaceae	Nostocales	Nostocophycideae	Cyanobacteria	Bacteria
549739	NA	Leptolyngbya	Pseudanabaenaceae	Pseudanabaenales	Synechococcophycideae	Cyanobacteria	Bacteria
279083	NA	Leptolyngbya	Pseudanabaenaceae	Pseudanabaenales	Synechococcophycideae	Cyanobacteria	Bacteria
375870	NA	Prochlorococcus	Synechococcaceae	Synechococcales	Synechococcophycideae	Cyanobacteria	Bacteria
225695	NA	Prochlorococcus	Synechococcaceae	Synechococcales	Synechococcophycideae	Cyanobacteria	Bacteria
234682	NA	Prochlorococcus	Synechococcaceae	Synechococcales	Synechococcophycideae	Cyanobacteria	Bacteria
563954	NA	Prochlorococcus	Synechococcaceae	Synechococcales	Synechococcophycideae	Cyanobacteria	Bacteria
152259	NA	Prochlorococcus	Synechococcaceae	Synechococcales	Synechococcophycideae	Cyanobacteria	Bacteria
3343	NA	Prochlorococcus	Synechococcaceae	Synechococcales	Synechococcophycideae	Cyanobacteria	Bacteria
550108	NA	Prochlorococcus	Synechococcaceae	Synechococcales	Synechococcophycideae	Cyanobacteria	Bacteria
142703	NA	Prochlorococcus	Synechococcaceae	Synechococcales	Synechococcophycideae	Cyanobacteria	Bacteria
202572	NA	Prochlorococcus	Synechococcaceae	Synechococcales	Synechococcophycideae	Cyanobacteria	Bacteria
558480	NA	Prochlorococcus	Synechococcaceae	Synechococcales	Synechococcophycideae	Cyanobacteria	Bacteria
572048	NA	Prochlorococcus	Synechococcaceae	Synechococcales	Synechococcophycideae	Cyanobacteria	Bacteria
557211	NA	Prochlorococcus	Synechococcaceae	Synechococcales	Synechococcophycideae	Cyanobacteria	Bacteria
533688	NA	Prochlorococcus	Synechococcaceae	Synechococcales	Synechococcophycideae	Cyanobacteria	Bacteria
404788	NA	Prochlorococcus	Synechococcaceae	Synechococcales	Synechococcophycideae	Cyanobacteria	Bacteria
190926	Pseudanabaenasp.PCC6903	Pseudanabaena	Pseudanabaenaceae	Pseudanabaenales	Synechococcophycideae	Cyanobacteria	Bacteria
140593	Pseudanabaenasp.PCC6903	Pseudanabaena	Pseudanabaenaceae	Pseudanabaenales	Synechococcophycideae	Cyanobacteria	Bacteria
180764	NA	Pseudanabaena	Pseudanabaenaceae	Pseudanabaenales	Synechococcophycideae	Cyanobacteria	Bacteria
263681	NA	NA	NA	YS2	4C0d-2	Cyanobacteria	Bacteria
537543	NA	NA	NA	YS2	4C0d-2	Cyanobacteria	Bacteria
115007	NA	NA	NA	mle1-12	4C0d-2	Cyanobacteria	Bacteria
110074	NA	Sulfuricurvum	Helicobacteraceae	Campylobacterales	Epsilonproteobacteria	Proteobacteria	Bacteria
142290	Sulfurimonasdenitrificans	Sulfurimonas	Helicobacteraceae	Campylobacterales	Epsilonproteobacteria	Proteobacteria	Bacteria
241170	Campylobactercurvus	Campylobacter	Campylobacteraceae	Campylobacterales	Epsilonproteobacteria	Proteobacteria	Bacteria
484430	Campylobactergracilis	Campylobacter	Campylobacteraceae	Campylobacterales	Epsilonproteobacteria	Proteobacteria	Bacteria
246715	Campylobacterhominis	Campylobacter	Campylobacteraceae	Campylobacterales	Epsilonproteobacteria	Proteobacteria	Bacteria
386273	Bacteroidesureolyticus	Campylobacter	Campylobacteraceae	Campylobacterales	Epsilonproteobacteria	Proteobacteria	Bacteria
162077	Campylobacterconcisus	Campylobacter	Campylobacteraceae	Campylobacterales	Epsilonproteobacteria	Proteobacteria	Bacteria
279090	NA	Arcobacter	Campylobacteraceae	Campylobacterales	Epsilonproteobacteria	Proteobacteria	Bacteria
550922	NA	Mariprofundus	Mariprofundaceae	Mariprofundales	Zetaproteobacteria	Proteobacteria	Bacteria
570826	NA	Mariprofundus	Mariprofundaceae	Mariprofundales	Zetaproteobacteria	Proteobacteria	Bacteria
558597	NA	Mariprofundus	Mariprofundaceae	Mariprofundales	Zetaproteobacteria	Proteobacteria	Bacteria
163978	Mariprofundusferrooxydans	Mariprofundus	Mariprofundaceae	Mariprofundales	Zetaproteobacteria	Proteobacteria	Bacteria
594030	NA	Mariprofundus	Mariprofundaceae	Mariprofundales	Zetaproteobacteria	Proteobacteria	Bacteria
214563	Hydrogenophilushalorhabdus	Hydrogenophilus	Hydrogenophilaceae	Hydrogenophilales	Betaproteobacteria	Proteobacteria	Bacteria
6678	Hydrogenophilusthermoluteolus	Hydrogenophilus	Hydrogenophilaceae	Hydrogenophilales	Betaproteobacteria	Proteobacteria	Bacteria
150145	NA	NA	Burkholderiaceae	Burkholderiales	Betaproteobacteria	Proteobacteria	Bacteria
558915	NA	NA	Burkholderiaceae	Burkholderiales	Betaproteobacteria	Proteobacteria	Bacteria
546434	NA	NA	Burkholderiaceae	Burkholderiales	Betaproteobacteria	Proteobacteria	Bacteria
563047	NA	Lautropia	Burkholderiaceae	Burkholderiales	Betaproteobacteria	Proteobacteria	Bacteria
236325	NA	NA	Burkholderiaceae	Burkholderiales	Betaproteobacteria	Proteobacteria	Bacteria
310487	NA	NA	Burkholderiaceae	Burkholderiales	Betaproteobacteria	Proteobacteria	Bacteria
570888	NA	NA	Burkholderiaceae	Burkholderiales	Betaproteobacteria	Proteobacteria	Bacteria
170130	NA	NA	Burkholderiaceae	Burkholderiales	Betaproteobacteria	Proteobacteria	Bacteria
150508	NA	Burkholderia	Burkholderiaceae	Burkholderiales	Betaproteobacteria	Proteobacteria	Bacteria
111824	Burkholderiagraminis	Burkholderia	Burkholderiaceae	Burkholderiales	Betaproteobacteria	Proteobacteria	Bacteria
144381	Burkholderiasordidicola	Burkholderia	Burkholderiaceae	Burkholderiales	Betaproteobacteria	Proteobacteria	Bacteria
238272	Burkholderiamultivorans	Burkholderia	Burkholderiaceae	Burkholderiales	Betaproteobacteria	Proteobacteria	Bacteria
367189	Burkholderiaandropogonis	Burkholderia	Burkholderiaceae	Burkholderiales	Betaproteobacteria	Proteobacteria	Bacteria
7185	NA	Pandoraea	Burkholderiaceae	Burkholderiales	Betaproteobacteria	Proteobacteria	Bacteria
255307	NA	Pandoraea	Burkholderiaceae	Burkholderiales	Betaproteobacteria	Proteobacteria	Bacteria
583804	NA	NA	Burkholderiaceae	Burkholderiales	Betaproteobacteria	Proteobacteria	Bacteria
259583	NA	NA	Burkholderiaceae	Burkholderiales	Betaproteobacteria	Proteobacteria	Bacteria
324381	NA	NA	Burkholderiaceae	Burkholderiales	Betaproteobacteria	Proteobacteria	Bacteria
250119	NA	NA	Alcaligenaceae	Burkholderiales	Betaproteobacteria	Proteobacteria	Bacteria
156814	NA	NA	Alcaligenaceae	Burkholderiales	Betaproteobacteria	Proteobacteria	Bacteria
22530	NA	NA	Alcaligenaceae	Burkholderiales	Betaproteobacteria	Proteobacteria	Bacteria
511916	NA	NA	Alcaligenaceae	Burkholderiales	Betaproteobacteria	Proteobacteria	Bacteria
581579	NA	NA	Alcaligenaceae	Burkholderiales	Betaproteobacteria	Proteobacteria	Bacteria
361480	NA	NA	Alcaligenaceae	Burkholderiales	Betaproteobacteria	Proteobacteria	Bacteria
165322	NA	NA	Alcaligenaceae	Burkholderiales	Betaproteobacteria	Proteobacteria	Bacteria
179261	NA	Sutterella	Alcaligenaceae	Burkholderiales	Betaproteobacteria	Proteobacteria	Bacteria
589923	NA	Sutterella	Alcaligenaceae	Burkholderiales	Betaproteobacteria	Proteobacteria	Bacteria
207344	NA	Sutterella	Alcaligenaceae	Burkholderiales	Betaproteobacteria	Proteobacteria	Bacteria
43158	NA	NA	Alcaligenaceae	Burkholderiales	Betaproteobacteria	Proteobacteria	Bacteria
220795	NA	NA	Alcaligenaceae	Burkholderiales	Betaproteobacteria	Proteobacteria	Bacteria
226599	NA	NA	Alcaligenaceae	Burkholderiales	Betaproteobacteria	Proteobacteria	Bacteria
95883	NA	NA	Alcaligenaceae	Burkholderiales	Betaproteobacteria	Proteobacteria	Bacteria
309818	NA	NA	Alcaligenaceae	Burkholderiales	Betaproteobacteria	Proteobacteria	Bacteria
149330	NA	Pigmentiphaga	Alcaligenaceae	Burkholderiales	Betaproteobacteria	Proteobacteria	Bacteria
6877	NA	Bordetella	Alcaligenaceae	Burkholderiales	Betaproteobacteria	Proteobacteria	Bacteria
346019	NA	Bordetella	Alcaligenaceae	Burkholderiales	Betaproteobacteria	Proteobacteria	Bacteria
341757	NA	Achromobacter	Alcaligenaceae	Burkholderiales	Betaproteobacteria	Proteobacteria	Bacteria
584565	NA	NA	Alcaligenaceae	Burkholderiales	Betaproteobacteria	Proteobacteria	Bacteria
228077	NA	NA	NA	NA	Betaproteobacteria	Proteobacteria	Bacteria
536916	NA	NA	NA	NA	Betaproteobacteria	Proteobacteria	Bacteria
551154	NA	NA	Neisseriaceae	Neisseriales	Betaproteobacteria	Proteobacteria	Bacteria
589010	NA	Vogesella	Neisseriaceae	Neisseriales	Betaproteobacteria	Proteobacteria	Bacteria
6370	NA	Vogesella	Neisseriaceae	Neisseriales	Betaproteobacteria	Proteobacteria	Bacteria
519627	Laribacterhongkongensis	Laribacter	Neisseriaceae	Neisseriales	Betaproteobacteria	Proteobacteria	Bacteria
360483	NA	NA	Neisseriaceae	Neisseriales	Betaproteobacteria	Proteobacteria	Bacteria
356874	NA	NA	Neisseriaceae	Neisseriales	Betaproteobacteria	Proteobacteria	Bacteria
540352	NA	NA	Neisseriaceae	Neisseriales	Betaproteobacteria	Proteobacteria	Bacteria
42684	NA	Neisseria	Neisseriaceae	Neisseriales	Betaproteobacteria	Proteobacteria	Bacteria
73021	NA	NA	Neisseriaceae	Neisseriales	Betaproteobacteria	Proteobacteria	Bacteria
470243	Eikenellacorrodens	Eikenella	Neisseriaceae	Neisseriales	Betaproteobacteria	Proteobacteria	Bacteria
47990	NA	NA	Neisseriaceae	Neisseriales	Betaproteobacteria	Proteobacteria	Bacteria
63985	Bergerielladenitrificans	Bergeriella	Neisseriaceae	Neisseriales	Betaproteobacteria	Proteobacteria	Bacteria
470724	Neisserialactamica	Neisseria	Neisseriaceae	Neisseriales	Betaproteobacteria	Proteobacteria	Bacteria
221384	NA	Neisseria	Neisseriaceae	Neisseriales	Betaproteobacteria	Proteobacteria	Bacteria
360229	NA	Neisseria	Neisseriaceae	Neisseriales	Betaproteobacteria	Proteobacteria	Bacteria
6402	NA	Neisseria	Neisseriaceae	Neisseriales	Betaproteobacteria	Proteobacteria	Bacteria
56599	Conchiformibiussteedae	Conchiformibius	Neisseriaceae	Neisseriales	Betaproteobacteria	Proteobacteria	Bacteria
536311	NA	Kingella	Neisseriaceae	Neisseriales	Betaproteobacteria	Proteobacteria	Bacteria
125235	NA	Kingella	Neisseriaceae	Neisseriales	Betaproteobacteria	Proteobacteria	Bacteria
92167	NA	Simonsiella	Neisseriaceae	Neisseriales	Betaproteobacteria	Proteobacteria	Bacteria
22981	Simonsiellamuelleri	Simonsiella	Neisseriaceae	Neisseriales	Betaproteobacteria	Proteobacteria	Bacteria
240452	NA	NA	NA	NA	Betaproteobacteria	Proteobacteria	Bacteria
200807	NA	NA	NA	NA	Betaproteobacteria	Proteobacteria	Bacteria
41200	NA	NA	NA	NA	Betaproteobacteria	Proteobacteria	Bacteria
224900	NA	NA	NA	NA	Betaproteobacteria	Proteobacteria	Bacteria
234053	NA	NA	NA	NA	Betaproteobacteria	Proteobacteria	Bacteria
150739	NA	NA	NA	NA	Betaproteobacteria	Proteobacteria	Bacteria
224259	NA	NA	NA	NA	Betaproteobacteria	Proteobacteria	Bacteria
250010	NA	NA	NA	NA	Betaproteobacteria	Proteobacteria	Bacteria
583255	NA	NA	NA	NA	Betaproteobacteria	Proteobacteria	Bacteria
277681	NA	NA	NA	NA	Betaproteobacteria	Proteobacteria	Bacteria
551424	NA	NA	NA	NA	Betaproteobacteria	Proteobacteria	Bacteria
215229	NA	NA	NA	NA	Betaproteobacteria	Proteobacteria	Bacteria
222729	NA	NA	NA	NA	Betaproteobacteria	Proteobacteria	Bacteria
285572	NA	NA	NA	NA	Betaproteobacteria	Proteobacteria	Bacteria
541147	NA	NA	NA	NA	Betaproteobacteria	Proteobacteria	Bacteria
593905	NA	NA	NA	NA	Betaproteobacteria	Proteobacteria	Bacteria
219174	NA	NA	NA	NA	Betaproteobacteria	Proteobacteria	Bacteria
281246	NA	NA	NA	NA	Betaproteobacteria	Proteobacteria	Bacteria
579023	NA	NA	NA	NA	Betaproteobacteria	Proteobacteria	Bacteria
279993	NA	NA	NA	NA	Betaproteobacteria	Proteobacteria	Bacteria
336201	NA	NA	NA	NA	Betaproteobacteria	Proteobacteria	Bacteria
563745	NA	NA	NA	NA	Betaproteobacteria	Proteobacteria	Bacteria
168042	NA	NA	NA	NA	Betaproteobacteria	Proteobacteria	Bacteria
165384	NA	NA	NA	NA	Betaproteobacteria	Proteobacteria	Bacteria
235519	NA	NA	NA	NA	Betaproteobacteria	Proteobacteria	Bacteria
352281	NA	NA	NA	NA	Betaproteobacteria	Proteobacteria	Bacteria
224647	NA	NA	NA	NA	Betaproteobacteria	Proteobacteria	Bacteria
221665	NA	NA	NA	NA	Betaproteobacteria	Proteobacteria	Bacteria
142009	NA	NA	NA	NA	Betaproteobacteria	Proteobacteria	Bacteria
157311	NA	NA	NA	Methylophilales	Betaproteobacteria	Proteobacteria	Bacteria
264040	NA	NA	Methylophilaceae	Methylophilales	Betaproteobacteria	Proteobacteria	Bacteria
104555	NA	Methylotenera	Methylophilaceae	Methylophilales	Betaproteobacteria	Proteobacteria	Bacteria
114612	NA	Methylotenera	Methylophilaceae	Methylophilales	Betaproteobacteria	Proteobacteria	Bacteria
537948	NA	Methylotenera	Methylophilaceae	Methylophilales	Betaproteobacteria	Proteobacteria	Bacteria
105727	NA	Methylotenera	Methylophilaceae	Methylophilales	Betaproteobacteria	Proteobacteria	Bacteria
250544	NA	Methylotenera	Methylophilaceae	Methylophilales	Betaproteobacteria	Proteobacteria	Bacteria
202563	NA	Methylotenera	Methylophilaceae	Methylophilales	Betaproteobacteria	Proteobacteria	Bacteria
306546	NA	Methylotenera	Methylophilaceae	Methylophilales	Betaproteobacteria	Proteobacteria	Bacteria
108436	NA	Methylophilus	Methylophilaceae	Methylophilales	Betaproteobacteria	Proteobacteria	Bacteria
99150	NA	NA	Methylophilaceae	Methylophilales	Betaproteobacteria	Proteobacteria	Bacteria
242585	NA	NA	Methylophilaceae	Methylophilales	Betaproteobacteria	Proteobacteria	Bacteria
354554	NA	NA	Methylophilaceae	Methylophilales	Betaproteobacteria	Proteobacteria	Bacteria
107387	NA	NA	Methylophilaceae	Methylophilales	Betaproteobacteria	Proteobacteria	Bacteria
306270	NA	NA	Methylophilaceae	Methylophilales	Betaproteobacteria	Proteobacteria	Bacteria
137279	NA	NA	Methylophilaceae	Methylophilales	Betaproteobacteria	Proteobacteria	Bacteria
168285	NA	NA	NA	Methylophilales	Betaproteobacteria	Proteobacteria	Bacteria
551992	NA	NA	NA	Methylophilales	Betaproteobacteria	Proteobacteria	Bacteria
592669	NA	NA	NA	Nitrosomonadales	Betaproteobacteria	Proteobacteria	Bacteria
141903	Nitrosospiramultiformis	Nitrosospira	Nitrosomonadaceae	Nitrosomonadales	Betaproteobacteria	Proteobacteria	Bacteria
145637	NA	NA	Nitrosomonadaceae	Nitrosomonadales	Betaproteobacteria	Proteobacteria	Bacteria
137480	NA	NA	Gallionellaceae	Gallionellales	Betaproteobacteria	Proteobacteria	Bacteria
198458	NA	Gallionella	Gallionellaceae	Gallionellales	Betaproteobacteria	Proteobacteria	Bacteria
528137	NA	Gallionella	Gallionellaceae	Gallionellales	Betaproteobacteria	Proteobacteria	Bacteria
141618	NA	NA	Gallionellaceae	Gallionellales	Betaproteobacteria	Proteobacteria	Bacteria
336177	NA	NA	Gallionellaceae	Gallionellales	Betaproteobacteria	Proteobacteria	Bacteria
553899	NA	NA	Gallionellaceae	Gallionellales	Betaproteobacteria	Proteobacteria	Bacteria
245670	NA	NA	Gallionellaceae	Gallionellales	Betaproteobacteria	Proteobacteria	Bacteria
234236	NA	NA	Gallionellaceae	Gallionellales	Betaproteobacteria	Proteobacteria	Bacteria
556474	NA	NA	NA	NA	Betaproteobacteria	Proteobacteria	Bacteria
207373	NA	NA	NA	NA	Betaproteobacteria	Proteobacteria	Bacteria
245525	NA	Methyloversatilis	Rhodocyclaceae	Rhodocyclales	Betaproteobacteria	Proteobacteria	Bacteria
100201	NA	Methyloversatilis	Rhodocyclaceae	Rhodocyclales	Betaproteobacteria	Proteobacteria	Bacteria
155215	NA	Methyloversatilis	Rhodocyclaceae	Rhodocyclales	Betaproteobacteria	Proteobacteria	Bacteria
239439	NA	Methyloversatilis	Rhodocyclaceae	Rhodocyclales	Betaproteobacteria	Proteobacteria	Bacteria
137170	NA	Methyloversatilis	Rhodocyclaceae	Rhodocyclales	Betaproteobacteria	Proteobacteria	Bacteria
200507	NA	Methyloversatilis	Rhodocyclaceae	Rhodocyclales	Betaproteobacteria	Proteobacteria	Bacteria
43046	NA	Methyloversatilis	Rhodocyclaceae	Rhodocyclales	Betaproteobacteria	Proteobacteria	Bacteria
323221	NA	Methyloversatilis	Rhodocyclaceae	Rhodocyclales	Betaproteobacteria	Proteobacteria	Bacteria
6749	NA	Methyloversatilis	Rhodocyclaceae	Rhodocyclales	Betaproteobacteria	Proteobacteria	Bacteria
163176	NA	Methyloversatilis	Rhodocyclaceae	Rhodocyclales	Betaproteobacteria	Proteobacteria	Bacteria
567753	NA	Methyloversatilis	Rhodocyclaceae	Rhodocyclales	Betaproteobacteria	Proteobacteria	Bacteria
169725	NA	Methyloversatilis	Rhodocyclaceae	Rhodocyclales	Betaproteobacteria	Proteobacteria	Bacteria
147910	NA	NA	Rhodocyclaceae	Rhodocyclales	Betaproteobacteria	Proteobacteria	Bacteria
356823	NA	NA	Rhodocyclaceae	Rhodocyclales	Betaproteobacteria	Proteobacteria	Bacteria
168182	NA	NA	Rhodocyclaceae	Rhodocyclales	Betaproteobacteria	Proteobacteria	Bacteria
149145	NA	NA	Rhodocyclaceae	Rhodocyclales	Betaproteobacteria	Proteobacteria	Bacteria
143561	NA	NA	Rhodocyclaceae	Rhodocyclales	Betaproteobacteria	Proteobacteria	Bacteria
6792	NA	NA	Rhodocyclaceae	Rhodocyclales	Betaproteobacteria	Proteobacteria	Bacteria
6783	NA	NA	Rhodocyclaceae	Rhodocyclales	Betaproteobacteria	Proteobacteria	Bacteria
586984	NA	Thauera	Rhodocyclaceae	Rhodocyclales	Betaproteobacteria	Proteobacteria	Bacteria
265716	NA	Thauera	Rhodocyclaceae	Rhodocyclales	Betaproteobacteria	Proteobacteria	Bacteria
234901	NA	Thauera	Rhodocyclaceae	Rhodocyclales	Betaproteobacteria	Proteobacteria	Bacteria
6750	NA	NA	Rhodocyclaceae	Rhodocyclales	Betaproteobacteria	Proteobacteria	Bacteria
165690	NA	Azospira	Rhodocyclaceae	Rhodocyclales	Betaproteobacteria	Proteobacteria	Bacteria
80896	NA	NA	Rhodocyclaceae	Rhodocyclales	Betaproteobacteria	Proteobacteria	Bacteria
107623	NA	NA	Rhodocyclaceae	Rhodocyclales	Betaproteobacteria	Proteobacteria	Bacteria
140458	NA	NA	Rhodocyclaceae	Rhodocyclales	Betaproteobacteria	Proteobacteria	Bacteria
576674	NA	NA	Rhodocyclaceae	Rhodocyclales	Betaproteobacteria	Proteobacteria	Bacteria
30390	NA	Dechloromonas	Rhodocyclaceae	Rhodocyclales	Betaproteobacteria	Proteobacteria	Bacteria
144181	NA	Dechloromonas	Rhodocyclaceae	Rhodocyclales	Betaproteobacteria	Proteobacteria	Bacteria
551430	NA	Dechloromonas	Rhodocyclaceae	Rhodocyclales	Betaproteobacteria	Proteobacteria	Bacteria
153255	NA	Dechloromonas	Rhodocyclaceae	Rhodocyclales	Betaproteobacteria	Proteobacteria	Bacteria
230074	Rhodocyclustenuis	Rhodocyclus	Rhodocyclaceae	Rhodocyclales	Betaproteobacteria	Proteobacteria	Bacteria
42580	Rhodocyclustenuis	Rhodocyclus	Rhodocyclaceae	Rhodocyclales	Betaproteobacteria	Proteobacteria	Bacteria
6713	Rhodocyclustenuis	Rhodocyclus	Rhodocyclaceae	Rhodocyclales	Betaproteobacteria	Proteobacteria	Bacteria
151035	NA	NA	Rhodocyclaceae	Rhodocyclales	Betaproteobacteria	Proteobacteria	Bacteria
278532	NA	NA	NA	Rhodocyclales	Betaproteobacteria	Proteobacteria	Bacteria
276290	NA	NA	NA	Rhodocyclales	Betaproteobacteria	Proteobacteria	Bacteria
142298	NA	NA	NA	Rhodocyclales	Betaproteobacteria	Proteobacteria	Bacteria
205571	NA	NA	NA	Rhodocyclales	Betaproteobacteria	Proteobacteria	Bacteria
204943	NA	NA	NA	Rhodocyclales	Betaproteobacteria	Proteobacteria	Bacteria
222917	NA	NA	NA	Rhodocyclales	Betaproteobacteria	Proteobacteria	Bacteria
148449	NA	NA	NA	Rhodocyclales	Betaproteobacteria	Proteobacteria	Bacteria
156101	NA	NA	NA	Rhodocyclales	Betaproteobacteria	Proteobacteria	Bacteria
342642	NA	NA	NA	Rhodocyclales	Betaproteobacteria	Proteobacteria	Bacteria
254959	NA	NA	NA	Rhodocyclales	Betaproteobacteria	Proteobacteria	Bacteria
117907	NA	NA	NA	Rhodocyclales	Betaproteobacteria	Proteobacteria	Bacteria
214210	NA	NA	NA	Rhodocyclales	Betaproteobacteria	Proteobacteria	Bacteria
325942	NA	NA	NA	Rhodocyclales	Betaproteobacteria	Proteobacteria	Bacteria
573582	NA	NA	NA	Rhodocyclales	Betaproteobacteria	Proteobacteria	Bacteria
233959	NA	NA	NA	Rhodocyclales	Betaproteobacteria	Proteobacteria	Bacteria
136009	NA	NA	NA	Rhodocyclales	Betaproteobacteria	Proteobacteria	Bacteria
242598	NA	NA	NA	Rhodocyclales	Betaproteobacteria	Proteobacteria	Bacteria
562528	NA	Thiobacillus	Hydrogenophilaceae	Hydrogenophilales	Betaproteobacteria	Proteobacteria	Bacteria
6772	NA	NA	Hydrogenophilaceae	Hydrogenophilales	Betaproteobacteria	Proteobacteria	Bacteria
245116	NA	NA	Hydrogenophilaceae	Hydrogenophilales	Betaproteobacteria	Proteobacteria	Bacteria
539260	NA	NA	Hydrogenophilaceae	Hydrogenophilales	Betaproteobacteria	Proteobacteria	Bacteria
509637	NA	NA	Hydrogenophilaceae	Hydrogenophilales	Betaproteobacteria	Proteobacteria	Bacteria
529615	NA	NA	NA	Burkholderiales	Betaproteobacteria	Proteobacteria	Bacteria
551467	NA	NA	Oxalobacteraceae	Burkholderiales	Betaproteobacteria	Proteobacteria	Bacteria
255137	NA	NA	Oxalobacteraceae	Burkholderiales	Betaproteobacteria	Proteobacteria	Bacteria
157564	NA	NA	Oxalobacteraceae	Burkholderiales	Betaproteobacteria	Proteobacteria	Bacteria
224948	NA	Oxalobacter	Oxalobacteraceae	Burkholderiales	Betaproteobacteria	Proteobacteria	Bacteria
533198	NA	Oxalobacter	Oxalobacteraceae	Burkholderiales	Betaproteobacteria	Proteobacteria	Bacteria
181996	NA	Herbaspirillum	Oxalobacteraceae	Burkholderiales	Betaproteobacteria	Proteobacteria	Bacteria
235428	Janthinobacteriumsp.Marseille	Janthinobacterium	Oxalobacteraceae	Burkholderiales	Betaproteobacteria	Proteobacteria	Bacteria
251263	NA	NA	Oxalobacteraceae	Burkholderiales	Betaproteobacteria	Proteobacteria	Bacteria
587586	NA	NA	Oxalobacteraceae	Burkholderiales	Betaproteobacteria	Proteobacteria	Bacteria
586230	NA	NA	Oxalobacteraceae	Burkholderiales	Betaproteobacteria	Proteobacteria	Bacteria
303815	NA	NA	Oxalobacteraceae	Burkholderiales	Betaproteobacteria	Proteobacteria	Bacteria
202769	NA	NA	Oxalobacteraceae	Burkholderiales	Betaproteobacteria	Proteobacteria	Bacteria
7288	NA	NA	Oxalobacteraceae	Burkholderiales	Betaproteobacteria	Proteobacteria	Bacteria
563357	NA	Collimonas	Oxalobacteraceae	Burkholderiales	Betaproteobacteria	Proteobacteria	Bacteria
60344	Massiliatimonae	Massilia	Oxalobacteraceae	Burkholderiales	Betaproteobacteria	Proteobacteria	Bacteria
110675	Massiliatimonae	Massilia	Oxalobacteraceae	Burkholderiales	Betaproteobacteria	Proteobacteria	Bacteria
236550	Massiliatimonae	Massilia	Oxalobacteraceae	Burkholderiales	Betaproteobacteria	Proteobacteria	Bacteria
571521	Massiliatimonae	Massilia	Oxalobacteraceae	Burkholderiales	Betaproteobacteria	Proteobacteria	Bacteria
102382	Massiliatimonae	Massilia	Oxalobacteraceae	Burkholderiales	Betaproteobacteria	Proteobacteria	Bacteria
155597	Massiliatimonae	Massilia	Oxalobacteraceae	Burkholderiales	Betaproteobacteria	Proteobacteria	Bacteria
358564	NA	NA	Oxalobacteraceae	Burkholderiales	Betaproteobacteria	Proteobacteria	Bacteria
313175	Janthinobacteriumlividum	Janthinobacterium	Oxalobacteraceae	Burkholderiales	Betaproteobacteria	Proteobacteria	Bacteria
278496	NA	NA	Oxalobacteraceae	Burkholderiales	Betaproteobacteria	Proteobacteria	Bacteria
225949	NA	NA	Oxalobacteraceae	Burkholderiales	Betaproteobacteria	Proteobacteria	Bacteria
325947	NA	NA	Oxalobacteraceae	Burkholderiales	Betaproteobacteria	Proteobacteria	Bacteria
133568	NA	NA	Oxalobacteraceae	Burkholderiales	Betaproteobacteria	Proteobacteria	Bacteria
97447	NA	NA	Oxalobacteraceae	Burkholderiales	Betaproteobacteria	Proteobacteria	Bacteria
67839	NA	NA	Oxalobacteraceae	Burkholderiales	Betaproteobacteria	Proteobacteria	Bacteria
323686	Polynucleobactercosmopolitanus	Polynucleobacter	Burkholderiaceae	Burkholderiales	Betaproteobacteria	Proteobacteria	Bacteria
263630	NA	Polynucleobacter	Burkholderiaceae	Burkholderiales	Betaproteobacteria	Proteobacteria	Bacteria
242288	NA	Polynucleobacter	Burkholderiaceae	Burkholderiales	Betaproteobacteria	Proteobacteria	Bacteria
324539	NA	Polynucleobacter	Burkholderiaceae	Burkholderiales	Betaproteobacteria	Proteobacteria	Bacteria
348675	NA	Polynucleobacter	Burkholderiaceae	Burkholderiales	Betaproteobacteria	Proteobacteria	Bacteria
354510	NA	NA	Burkholderiaceae	Burkholderiales	Betaproteobacteria	Proteobacteria	Bacteria
339951	NA	NA	Burkholderiaceae	Burkholderiales	Betaproteobacteria	Proteobacteria	Bacteria
7396	Cupriavidusbasilensis	Cupriavidus	Burkholderiaceae	Burkholderiales	Betaproteobacteria	Proteobacteria	Bacteria
73191	NA	Cupriavidus	Burkholderiaceae	Burkholderiales	Betaproteobacteria	Proteobacteria	Bacteria
33253	NA	Cupriavidus	Burkholderiaceae	Burkholderiales	Betaproteobacteria	Proteobacteria	Bacteria
293030	NA	Ralstonia	Burkholderiaceae	Burkholderiales	Betaproteobacteria	Proteobacteria	Bacteria
349239	NA	Ralstonia	Burkholderiaceae	Burkholderiales	Betaproteobacteria	Proteobacteria	Bacteria
243860	NA	Ralstonia	Burkholderiaceae	Burkholderiales	Betaproteobacteria	Proteobacteria	Bacteria
320002	NA	NA	NA	Burkholderiales	Betaproteobacteria	Proteobacteria	Bacteria
576928	NA	NA	NA	Burkholderiales	Betaproteobacteria	Proteobacteria	Bacteria
306159	NA	NA	NA	Burkholderiales	Betaproteobacteria	Proteobacteria	Bacteria
170339	NA	NA	Comamonadaceae	Burkholderiales	Betaproteobacteria	Proteobacteria	Bacteria
574956	NA	NA	Comamonadaceae	Burkholderiales	Betaproteobacteria	Proteobacteria	Bacteria
107152	NA	NA	Comamonadaceae	Burkholderiales	Betaproteobacteria	Proteobacteria	Bacteria
97627	NA	Hylemonella	Comamonadaceae	Burkholderiales	Betaproteobacteria	Proteobacteria	Bacteria
64871	NA	Hylemonella	Comamonadaceae	Burkholderiales	Betaproteobacteria	Proteobacteria	Bacteria
155949	NA	NA	Comamonadaceae	Burkholderiales	Betaproteobacteria	Proteobacteria	Bacteria
374294	NA	Xenophilus	Comamonadaceae	Burkholderiales	Betaproteobacteria	Proteobacteria	Bacteria
593598	NA	NA	Comamonadaceae	Burkholderiales	Betaproteobacteria	Proteobacteria	Bacteria
237073	NA	NA	Comamonadaceae	Burkholderiales	Betaproteobacteria	Proteobacteria	Bacteria
119723	NA	Simplicispira	Comamonadaceae	Burkholderiales	Betaproteobacteria	Proteobacteria	Bacteria
422910	NA	Simplicispira	Comamonadaceae	Burkholderiales	Betaproteobacteria	Proteobacteria	Bacteria
328795	NA	Acidovorax	Comamonadaceae	Burkholderiales	Betaproteobacteria	Proteobacteria	Bacteria
141709	NA	Acidovorax	Comamonadaceae	Burkholderiales	Betaproteobacteria	Proteobacteria	Bacteria
327583	NA	Acidovorax	Comamonadaceae	Burkholderiales	Betaproteobacteria	Proteobacteria	Bacteria
74685	NA	Acidovorax	Comamonadaceae	Burkholderiales	Betaproteobacteria	Proteobacteria	Bacteria
64550	NA	Acidovorax	Comamonadaceae	Burkholderiales	Betaproteobacteria	Proteobacteria	Bacteria
592118	Acidovoraxdelafieldii	Acidovorax	Comamonadaceae	Burkholderiales	Betaproteobacteria	Proteobacteria	Bacteria
83899	NA	Verminephrobacter	Comamonadaceae	Burkholderiales	Betaproteobacteria	Proteobacteria	Bacteria
6925	NA	Comamonas	Comamonadaceae	Burkholderiales	Betaproteobacteria	Proteobacteria	Bacteria
579731	NA	Comamonas	Comamonadaceae	Burkholderiales	Betaproteobacteria	Proteobacteria	Bacteria
576010	NA	Comamonas	Comamonadaceae	Burkholderiales	Betaproteobacteria	Proteobacteria	Bacteria
6936	Comamonasterrigena	Comamonas	Comamonadaceae	Burkholderiales	Betaproteobacteria	Proteobacteria	Bacteria
239064	NA	Brachymonas	Comamonadaceae	Burkholderiales	Betaproteobacteria	Proteobacteria	Bacteria
410688	NA	Brachymonas	Comamonadaceae	Burkholderiales	Betaproteobacteria	Proteobacteria	Bacteria
112155	NA	NA	Comamonadaceae	Burkholderiales	Betaproteobacteria	Proteobacteria	Bacteria
152484	NA	NA	Comamonadaceae	Burkholderiales	Betaproteobacteria	Proteobacteria	Bacteria
141024	NA	NA	Comamonadaceae	Burkholderiales	Betaproteobacteria	Proteobacteria	Bacteria
580578	NA	NA	Comamonadaceae	Burkholderiales	Betaproteobacteria	Proteobacteria	Bacteria
194785	NA	NA	Comamonadaceae	Burkholderiales	Betaproteobacteria	Proteobacteria	Bacteria
113128	NA	Ramlibacter	Comamonadaceae	Burkholderiales	Betaproteobacteria	Proteobacteria	Bacteria
124653	NA	Limnohabitans	Comamonadaceae	Burkholderiales	Betaproteobacteria	Proteobacteria	Bacteria
243487	NA	Limnohabitans	Comamonadaceae	Burkholderiales	Betaproteobacteria	Proteobacteria	Bacteria
332569	NA	Limnohabitans	Comamonadaceae	Burkholderiales	Betaproteobacteria	Proteobacteria	Bacteria
582407	NA	Limnohabitans	Comamonadaceae	Burkholderiales	Betaproteobacteria	Proteobacteria	Bacteria
143875	NA	Limnohabitans	Comamonadaceae	Burkholderiales	Betaproteobacteria	Proteobacteria	Bacteria
72406	Limnohabitanscurvus	Limnohabitans	Comamonadaceae	Burkholderiales	Betaproteobacteria	Proteobacteria	Bacteria
324241	NA	Limnohabitans	Comamonadaceae	Burkholderiales	Betaproteobacteria	Proteobacteria	Bacteria
328912	NA	Limnohabitans	Comamonadaceae	Burkholderiales	Betaproteobacteria	Proteobacteria	Bacteria
342959	NA	NA	Comamonadaceae	Burkholderiales	Betaproteobacteria	Proteobacteria	Bacteria
211171	NA	NA	Comamonadaceae	Burkholderiales	Betaproteobacteria	Proteobacteria	Bacteria
229790	NA	NA	Comamonadaceae	Burkholderiales	Betaproteobacteria	Proteobacteria	Bacteria
213853	NA	NA	Comamonadaceae	Burkholderiales	Betaproteobacteria	Proteobacteria	Bacteria
86368	NA	NA	Comamonadaceae	Burkholderiales	Betaproteobacteria	Proteobacteria	Bacteria
62986	NA	Aquamonas	Comamonadaceae	Burkholderiales	Betaproteobacteria	Proteobacteria	Bacteria
368509	Aquamonasfontana	Aquamonas	Comamonadaceae	Burkholderiales	Betaproteobacteria	Proteobacteria	Bacteria
584289	NA	Aquamonas	Comamonadaceae	Burkholderiales	Betaproteobacteria	Proteobacteria	Bacteria
325509	NA	Rhodoferax	Comamonadaceae	Burkholderiales	Betaproteobacteria	Proteobacteria	Bacteria
230788	NA	Rhodoferax	Comamonadaceae	Burkholderiales	Betaproteobacteria	Proteobacteria	Bacteria
162964	NA	Rhodoferax	Comamonadaceae	Burkholderiales	Betaproteobacteria	Proteobacteria	Bacteria
228981	NA	Rhodoferax	Comamonadaceae	Burkholderiales	Betaproteobacteria	Proteobacteria	Bacteria
322506	NA	Rhodoferax	Comamonadaceae	Burkholderiales	Betaproteobacteria	Proteobacteria	Bacteria
156790	Polaromonassp.JS666	Polaromonas	Comamonadaceae	Burkholderiales	Betaproteobacteria	Proteobacteria	Bacteria
142773	NA	Polaromonas	Comamonadaceae	Burkholderiales	Betaproteobacteria	Proteobacteria	Bacteria
114925	NA	Polaromonas	Comamonadaceae	Burkholderiales	Betaproteobacteria	Proteobacteria	Bacteria
544356	NA	NA	Comamonadaceae	Burkholderiales	Betaproteobacteria	Proteobacteria	Bacteria
315609	NA	NA	Comamonadaceae	Burkholderiales	Betaproteobacteria	Proteobacteria	Bacteria
337173	NA	NA	Comamonadaceae	Burkholderiales	Betaproteobacteria	Proteobacteria	Bacteria
141075	NA	NA	Comamonadaceae	Burkholderiales	Betaproteobacteria	Proteobacteria	Bacteria
321088	NA	NA	Comamonadaceae	Burkholderiales	Betaproteobacteria	Proteobacteria	Bacteria
235390	NA	NA	Comamonadaceae	Burkholderiales	Betaproteobacteria	Proteobacteria	Bacteria
100099	NA	NA	Comamonadaceae	Burkholderiales	Betaproteobacteria	Proteobacteria	Bacteria
584580	Hydrogenophagapalleronii	Hydrogenophaga	Comamonadaceae	Burkholderiales	Betaproteobacteria	Proteobacteria	Bacteria
90602	Hydrogenophagapalleronii	Hydrogenophaga	Comamonadaceae	Burkholderiales	Betaproteobacteria	Proteobacteria	Bacteria
199441	NA	NA	Comamonadaceae	Burkholderiales	Betaproteobacteria	Proteobacteria	Bacteria
593538	NA	NA	Comamonadaceae	Burkholderiales	Betaproteobacteria	Proteobacteria	Bacteria
552978	NA	NA	Comamonadaceae	Burkholderiales	Betaproteobacteria	Proteobacteria	Bacteria
105792	NA	Tepidimonas	NA	Burkholderiales	Betaproteobacteria	Proteobacteria	Bacteria
280799	NA	Tepidimonas	NA	Burkholderiales	Betaproteobacteria	Proteobacteria	Bacteria
347702	NA	NA	NA	Burkholderiales	Betaproteobacteria	Proteobacteria	Bacteria
101552	NA	Aquabacterium	NA	Burkholderiales	Betaproteobacteria	Proteobacteria	Bacteria
511659	NA	Aquabacterium	NA	Burkholderiales	Betaproteobacteria	Proteobacteria	Bacteria
7151	NA	Aquabacterium	NA	Burkholderiales	Betaproteobacteria	Proteobacteria	Bacteria
37911	Mitsuariachitosanitabida	Mitsuaria	NA	Burkholderiales	Betaproteobacteria	Proteobacteria	Bacteria
557460	NA	NA	NA	Burkholderiales	Betaproteobacteria	Proteobacteria	Bacteria
263929	NA	Roseateles	NA	Burkholderiales	Betaproteobacteria	Proteobacteria	Bacteria
110814	NA	Paucibacter	NA	Burkholderiales	Betaproteobacteria	Proteobacteria	Bacteria
110215	Paucibactertoxinivorans	Paucibacter	NA	Burkholderiales	Betaproteobacteria	Proteobacteria	Bacteria
261931	NA	NA	NA	Burkholderiales	Betaproteobacteria	Proteobacteria	Bacteria
7173	Leptothrixdiscophora	Leptothrix	NA	Burkholderiales	Betaproteobacteria	Proteobacteria	Bacteria
233054	NA	NA	NA	Burkholderiales	Betaproteobacteria	Proteobacteria	Bacteria
277679	NA	Sphaerotilus	NA	Burkholderiales	Betaproteobacteria	Proteobacteria	Bacteria
260565	NA	Azohydromonas	Alcaligenaceae	Burkholderiales	Betaproteobacteria	Proteobacteria	Bacteria
107880	NA	Azohydromonas	Alcaligenaceae	Burkholderiales	Betaproteobacteria	Proteobacteria	Bacteria
185782	NA	Azohydromonas	Alcaligenaceae	Burkholderiales	Betaproteobacteria	Proteobacteria	Bacteria
327001	NA	Rubrivivax	NA	Burkholderiales	Betaproteobacteria	Proteobacteria	Bacteria
587796	NA	Rubrivivax	NA	Burkholderiales	Betaproteobacteria	Proteobacteria	Bacteria
221331	NA	Methylibium	NA	Burkholderiales	Betaproteobacteria	Proteobacteria	Bacteria
217417	NA	Methylibium	NA	Burkholderiales	Betaproteobacteria	Proteobacteria	Bacteria
317724	NA	Methylibium	NA	Burkholderiales	Betaproteobacteria	Proteobacteria	Bacteria
225864	NA	Methylibium	NA	Burkholderiales	Betaproteobacteria	Proteobacteria	Bacteria
230801	NA	Methylibium	NA	Burkholderiales	Betaproteobacteria	Proteobacteria	Bacteria
342757	NA	Methylibium	NA	Burkholderiales	Betaproteobacteria	Proteobacteria	Bacteria
214611	NA	Methylibium	NA	Burkholderiales	Betaproteobacteria	Proteobacteria	Bacteria
576053	NA	Methylibium	NA	Burkholderiales	Betaproteobacteria	Proteobacteria	Bacteria
200741	Methylibiumpetroleiphilum	Methylibium	NA	Burkholderiales	Betaproteobacteria	Proteobacteria	Bacteria
107290	NA	NA	NA	Burkholderiales	Betaproteobacteria	Proteobacteria	Bacteria
355367	NA	NA	NA	Burkholderiales	Betaproteobacteria	Proteobacteria	Bacteria
323551	NA	NA	NA	Burkholderiales	Betaproteobacteria	Proteobacteria	Bacteria
166838	NA	NA	NA	Burkholderiales	Betaproteobacteria	Proteobacteria	Bacteria
17679	NA	NA	NA	Burkholderiales	Betaproteobacteria	Proteobacteria	Bacteria
218435	NA	NA	NA	Burkholderiales	Betaproteobacteria	Proteobacteria	Bacteria
208255	NA	Schlegelella	Comamonadaceae	Burkholderiales	Betaproteobacteria	Proteobacteria	Bacteria
139162	NA	Thiomonas	NA	Burkholderiales	Betaproteobacteria	Proteobacteria	Bacteria
469903	Cardiobacteriumhominis	Cardiobacterium	Cardiobacteriaceae	Cardiobacteriales	Gammaproteobacteria	Proteobacteria	Bacteria
65940	Cardiobacteriumvalvarum	Cardiobacterium	Cardiobacteriaceae	Cardiobacteriales	Gammaproteobacteria	Proteobacteria	Bacteria
173632	NA	Rheinheimera	Chromatiaceae	Alteromonadales	Gammaproteobacteria	Proteobacteria	Bacteria
109054	NA	Alishewanella	Alteromonadaceae	Alteromonadales	Gammaproteobacteria	Proteobacteria	Bacteria
50424	NA	NA	Alteromonadaceae	Alteromonadales	Gammaproteobacteria	Proteobacteria	Bacteria
316071	NA	NA	Alteromonadaceae	Alteromonadales	Gammaproteobacteria	Proteobacteria	Bacteria
8882	NA	Alteromonas	Alteromonadaceae	Alteromonadales	Gammaproteobacteria	Proteobacteria	Bacteria
8886	NA	Alteromonas	Alteromonadaceae	Alteromonadales	Gammaproteobacteria	Proteobacteria	Bacteria
357417	NA	Salinimonas	Alteromonadaceae	Alteromonadales	Gammaproteobacteria	Proteobacteria	Bacteria
8873	NA	Glaciecola	Alteromonadaceae	Alteromonadales	Gammaproteobacteria	Proteobacteria	Bacteria
164557	NA	Glaciecola	Alteromonadaceae	Alteromonadales	Gammaproteobacteria	Proteobacteria	Bacteria
140832	NA	Glaciecola	Alteromonadaceae	Alteromonadales	Gammaproteobacteria	Proteobacteria	Bacteria
359108	NA	NA	Pseudoalteromonadaceae	Alteromonadales	Gammaproteobacteria	Proteobacteria	Bacteria
140761	NA	Pseudoalteromonas	Pseudoalteromonadaceae	Alteromonadales	Gammaproteobacteria	Proteobacteria	Bacteria
259542	NA	Pseudoalteromonas	Pseudoalteromonadaceae	Alteromonadales	Gammaproteobacteria	Proteobacteria	Bacteria
140774	Pseudoalteromonasluteoviolacea	Pseudoalteromonas	Pseudoalteromonadaceae	Alteromonadales	Gammaproteobacteria	Proteobacteria	Bacteria
161179	NA	Pseudoalteromonas	Pseudoalteromonadaceae	Alteromonadales	Gammaproteobacteria	Proteobacteria	Bacteria
140805	NA	Pseudoalteromonas	Pseudoalteromonadaceae	Alteromonadales	Gammaproteobacteria	Proteobacteria	Bacteria
193662	Psychromonasarctica	Psychromonas	Psychromonadaceae	Alteromonadales	Gammaproteobacteria	Proteobacteria	Bacteria
160023	Psychromonasingrahamii	Psychromonas	Psychromonadaceae	Alteromonadales	Gammaproteobacteria	Proteobacteria	Bacteria
39185	NA	Psychromonas	Psychromonadaceae	Alteromonadales	Gammaproteobacteria	Proteobacteria	Bacteria
246806	Thalassomonasagarivorans	Thalassomonas	Colwelliaceae	Alteromonadales	Gammaproteobacteria	Proteobacteria	Bacteria
268501	NA	Thalassomonas	Colwelliaceae	Alteromonadales	Gammaproteobacteria	Proteobacteria	Bacteria
81643	NA	Colwellia	Colwelliaceae	Alteromonadales	Gammaproteobacteria	Proteobacteria	Bacteria
531807	NA	Colwellia	Colwelliaceae	Alteromonadales	Gammaproteobacteria	Proteobacteria	Bacteria
146764	NA	Colwellia	Colwelliaceae	Alteromonadales	Gammaproteobacteria	Proteobacteria	Bacteria
248182	NA	Colwellia	Colwelliaceae	Alteromonadales	Gammaproteobacteria	Proteobacteria	Bacteria
392867	Colwelliapsychrerythraea	Colwellia	Colwelliaceae	Alteromonadales	Gammaproteobacteria	Proteobacteria	Bacteria
334678	NA	Aliivibrio	Vibrionaceae	Vibrionales	Gammaproteobacteria	Proteobacteria	Bacteria
46271	Vibriofortis	Vibrio	Vibrionaceae	Vibrionales	Gammaproteobacteria	Proteobacteria	Bacteria
255639	Vibriotapetis	Vibrio	Vibrionaceae	Vibrionales	Gammaproteobacteria	Proteobacteria	Bacteria
362563	NA	Vibrio	Vibrionaceae	Vibrionales	Gammaproteobacteria	Proteobacteria	Bacteria
586740	NA	Vibrio	Vibrionaceae	Vibrionales	Gammaproteobacteria	Proteobacteria	Bacteria
70306	NA	Vibrio	Vibrionaceae	Vibrionales	Gammaproteobacteria	Proteobacteria	Bacteria
169940	NA	Vibrio	Vibrionaceae	Vibrionales	Gammaproteobacteria	Proteobacteria	Bacteria
84937	Vibriogallicus	Vibrio	Vibrionaceae	Vibrionales	Gammaproteobacteria	Proteobacteria	Bacteria
9176	Vibrioorientalis	Vibrio	Vibrionaceae	Vibrionales	Gammaproteobacteria	Proteobacteria	Bacteria
9179	Vibrioorientalis	Vibrio	Vibrionaceae	Vibrionales	Gammaproteobacteria	Proteobacteria	Bacteria
30925	NA	Vibrio	Vibrionaceae	Vibrionales	Gammaproteobacteria	Proteobacteria	Bacteria
549366	NA	Vibrio	Vibrionaceae	Vibrionales	Gammaproteobacteria	Proteobacteria	Bacteria
579117	NA	Vibrio	Vibrionaceae	Vibrionales	Gammaproteobacteria	Proteobacteria	Bacteria
160207	NA	Photobacterium	Vibrionaceae	Vibrionales	Gammaproteobacteria	Proteobacteria	Bacteria
567653	NA	NA	Vibrionaceae	Vibrionales	Gammaproteobacteria	Proteobacteria	Bacteria
160550	Photobacteriumrosenbergii	Photobacterium	Vibrionaceae	Vibrionales	Gammaproteobacteria	Proteobacteria	Bacteria
128057	NA	Ferrimonas	Ferrimonadaceae	Alteromonadales	Gammaproteobacteria	Proteobacteria	Bacteria
168069	NA	Aeromonas	Aeromonadaceae	Aeromonadales	Gammaproteobacteria	Proteobacteria	Bacteria
70512	Actinobacillusporcinus	Actinobacillus	Pasteurellaceae	Pasteurellales	Gammaproteobacteria	Proteobacteria	Bacteria
9514	Actinobacillusporcinus	Actinobacillus	Pasteurellaceae	Pasteurellales	Gammaproteobacteria	Proteobacteria	Bacteria
129558	NA	NA	Pasteurellaceae	Pasteurellales	Gammaproteobacteria	Proteobacteria	Bacteria
204197	NA	Actinobacillus	Pasteurellaceae	Pasteurellales	Gammaproteobacteria	Proteobacteria	Bacteria
32352	NA	NA	Pasteurellaceae	Pasteurellales	Gammaproteobacteria	Proteobacteria	Bacteria
91583	NA	NA	Pasteurellaceae	Pasteurellales	Gammaproteobacteria	Proteobacteria	Bacteria
557614	Gallibacteriummelopsittaci	Gallibacterium	Pasteurellaceae	Pasteurellales	Gammaproteobacteria	Proteobacteria	Bacteria
558276	Gallibacteriumgenomosp.3	Gallibacterium	Pasteurellaceae	Pasteurellales	Gammaproteobacteria	Proteobacteria	Bacteria
9562	NA	NA	Pasteurellaceae	Pasteurellales	Gammaproteobacteria	Proteobacteria	Bacteria
9555	NA	NA	Pasteurellaceae	Pasteurellales	Gammaproteobacteria	Proteobacteria	Bacteria
533937	Haemophilusparainfluenzae	Haemophilus	Pasteurellaceae	Pasteurellales	Gammaproteobacteria	Proteobacteria	Bacteria
94166	Haemophilusparainfluenzae	Haemophilus	Pasteurellaceae	Pasteurellales	Gammaproteobacteria	Proteobacteria	Bacteria
140393	BisgaardTaxon10	NA	Pasteurellaceae	Pasteurellales	Gammaproteobacteria	Proteobacteria	Bacteria
9486	Pasteurellaaerogenes	NA	Pasteurellaceae	Pasteurellales	Gammaproteobacteria	Proteobacteria	Bacteria
17538	Aggregatibactersegnis	Aggregatibacter	Pasteurellaceae	Pasteurellales	Gammaproteobacteria	Proteobacteria	Bacteria
151543	NA	Haemophilus	Pasteurellaceae	Pasteurellales	Gammaproteobacteria	Proteobacteria	Bacteria
155443	NA	Haemophilus	Pasteurellaceae	Pasteurellales	Gammaproteobacteria	Proteobacteria	Bacteria
49616	Haemophilusinfluenzae	Haemophilus	Pasteurellaceae	Pasteurellales	Gammaproteobacteria	Proteobacteria	Bacteria
9510	NA	NA	Pasteurellaceae	Pasteurellales	Gammaproteobacteria	Proteobacteria	Bacteria
82772	NA	Morganella	Enterobacteriaceae	Enterobacteriales	Gammaproteobacteria	Proteobacteria	Bacteria
550960	NA	Providencia	Enterobacteriaceae	Enterobacteriales	Gammaproteobacteria	Proteobacteria	Bacteria
236788	Edwardsiellaictaluri	Edwardsiella	Enterobacteriaceae	Enterobacteriales	Gammaproteobacteria	Proteobacteria	Bacteria
33643	NA	NA	Enterobacteriaceae	Enterobacteriales	Gammaproteobacteria	Proteobacteria	Bacteria
308102	NA	Buchnera	Enterobacteriaceae	Enterobacteriales	Gammaproteobacteria	Proteobacteria	Bacteria
9639	NA	Buchnera	Enterobacteriaceae	Enterobacteriales	Gammaproteobacteria	Proteobacteria	Bacteria
135411	CandidatusBaumanniacicadellinicola	NA	Enterobacteriaceae	Enterobacteriales	Gammaproteobacteria	Proteobacteria	Bacteria
63945	NA	NA	Enterobacteriaceae	Enterobacteriales	Gammaproteobacteria	Proteobacteria	Bacteria
9796	NA	NA	Enterobacteriaceae	Enterobacteriales	Gammaproteobacteria	Proteobacteria	Bacteria
10115	NA	NA	Enterobacteriaceae	Enterobacteriales	Gammaproteobacteria	Proteobacteria	Bacteria
10189	NA	Serratia	Enterobacteriaceae	Enterobacteriales	Gammaproteobacteria	Proteobacteria	Bacteria
262838	Serratiamarcescens	Serratia	Enterobacteriaceae	Enterobacteriales	Gammaproteobacteria	Proteobacteria	Bacteria
274754	NA	Yersinia	Enterobacteriaceae	Enterobacteriales	Gammaproteobacteria	Proteobacteria	Bacteria
248470	symbiontofNoeetapupillata	NA	Enterobacteriaceae	Enterobacteriales	Gammaproteobacteria	Proteobacteria	Bacteria
561320	NA	NA	Enterobacteriaceae	Enterobacteriales	Gammaproteobacteria	Proteobacteria	Bacteria
242005	Enterobacterpulveris	Enterobacter	Enterobacteriaceae	Enterobacteriales	Gammaproteobacteria	Proteobacteria	Bacteria
292134	NA	NA	Enterobacteriaceae	Enterobacteriales	Gammaproteobacteria	Proteobacteria	Bacteria
166908	NA	NA	Enterobacteriaceae	Enterobacteriales	Gammaproteobacteria	Proteobacteria	Bacteria
236821	NA	NA	Enterobacteriaceae	Enterobacteriales	Gammaproteobacteria	Proteobacteria	Bacteria
202356	NA	NA	Enterobacteriaceae	Enterobacteriales	Gammaproteobacteria	Proteobacteria	Bacteria
592346	NA	Klebsiella	Enterobacteriaceae	Enterobacteriales	Gammaproteobacteria	Proteobacteria	Bacteria
167950	NA	Citrobacter	Enterobacteriaceae	Enterobacteriales	Gammaproteobacteria	Proteobacteria	Bacteria
368849	NA	NA	Enterobacteriaceae	Enterobacteriales	Gammaproteobacteria	Proteobacteria	Bacteria
287789	NA	NA	Enterobacteriaceae	Enterobacteriales	Gammaproteobacteria	Proteobacteria	Bacteria
316916	NA	NA	Enterobacteriaceae	Enterobacteriales	Gammaproteobacteria	Proteobacteria	Bacteria
557905	NA	Pantoea	Enterobacteriaceae	Enterobacteriales	Gammaproteobacteria	Proteobacteria	Bacteria
9912	NA	Pantoea	Enterobacteriaceae	Enterobacteriales	Gammaproteobacteria	Proteobacteria	Bacteria
534898	Pantoeaananatis	Pantoea	Enterobacteriaceae	Enterobacteriales	Gammaproteobacteria	Proteobacteria	Bacteria
218720	NA	Pantoea	Enterobacteriaceae	Enterobacteriales	Gammaproteobacteria	Proteobacteria	Bacteria
563485	NA	Erwinia	Enterobacteriaceae	Enterobacteriales	Gammaproteobacteria	Proteobacteria	Bacteria
351023	NA	Erwinia	Enterobacteriaceae	Enterobacteriales	Gammaproteobacteria	Proteobacteria	Bacteria
9812	Erwiniatoletana	Erwinia	Enterobacteriaceae	Enterobacteriales	Gammaproteobacteria	Proteobacteria	Bacteria
10113	NA	NA	Enterobacteriaceae	Enterobacteriales	Gammaproteobacteria	Proteobacteria	Bacteria
9727	NA	NA	Enterobacteriaceae	Enterobacteriales	Gammaproteobacteria	Proteobacteria	Bacteria
204864	NA	Proteus	Enterobacteriaceae	Enterobacteriales	Gammaproteobacteria	Proteobacteria	Bacteria
144049	Xenorhabdusnematophila	Xenorhabdus	Enterobacteriaceae	Enterobacteriales	Gammaproteobacteria	Proteobacteria	Bacteria
163340	Xenorhabduskozodoii	Xenorhabdus	Enterobacteriaceae	Enterobacteriales	Gammaproteobacteria	Proteobacteria	Bacteria
100956	Xenorhabduscabanillasii	Xenorhabdus	Enterobacteriaceae	Enterobacteriales	Gammaproteobacteria	Proteobacteria	Bacteria
171836	Xenorhabdusstockiae	Xenorhabdus	Enterobacteriaceae	Enterobacteriales	Gammaproteobacteria	Proteobacteria	Bacteria
164152	NA	Xenorhabdus	Enterobacteriaceae	Enterobacteriales	Gammaproteobacteria	Proteobacteria	Bacteria
524491	NA	Xenorhabdus	Enterobacteriaceae	Enterobacteriales	Gammaproteobacteria	Proteobacteria	Bacteria
157083	Psychrobactercryohalolentis	Psychrobacter	Moraxellaceae	Pseudomonadales	Gammaproteobacteria	Proteobacteria	Bacteria
110450	NA	Psychrobacter	Moraxellaceae	Pseudomonadales	Gammaproteobacteria	Proteobacteria	Bacteria
277352	NA	Psychrobacter	Moraxellaceae	Pseudomonadales	Gammaproteobacteria	Proteobacteria	Bacteria
229171	Psychrobactersp.PRwf-1	Psychrobacter	Moraxellaceae	Pseudomonadales	Gammaproteobacteria	Proteobacteria	Bacteria
467388	NA	Moraxella	Moraxellaceae	Pseudomonadales	Gammaproteobacteria	Proteobacteria	Bacteria
8249	NA	Moraxella	Moraxellaceae	Pseudomonadales	Gammaproteobacteria	Proteobacteria	Bacteria
8265	NA	Moraxella	Moraxellaceae	Pseudomonadales	Gammaproteobacteria	Proteobacteria	Bacteria
528333	NA	Moraxella	Moraxellaceae	Pseudomonadales	Gammaproteobacteria	Proteobacteria	Bacteria
112175	NA	NA	Moraxellaceae	Pseudomonadales	Gammaproteobacteria	Proteobacteria	Bacteria
484436	NA	NA	Moraxellaceae	Pseudomonadales	Gammaproteobacteria	Proteobacteria	Bacteria
392111	NA	Alkanindiges	Moraxellaceae	Pseudomonadales	Gammaproteobacteria	Proteobacteria	Bacteria
278666	NA	Alkanindiges	Moraxellaceae	Pseudomonadales	Gammaproteobacteria	Proteobacteria	Bacteria
101152	NA	Acinetobacter	Moraxellaceae	Pseudomonadales	Gammaproteobacteria	Proteobacteria	Bacteria
39819	Acinetobacterursingii	Acinetobacter	Moraxellaceae	Pseudomonadales	Gammaproteobacteria	Proteobacteria	Bacteria
584176	NA	Acinetobacter	Moraxellaceae	Pseudomonadales	Gammaproteobacteria	Proteobacteria	Bacteria
159711	Acinetobacterlwoffii	Acinetobacter	Moraxellaceae	Pseudomonadales	Gammaproteobacteria	Proteobacteria	Bacteria
30013	NA	Acinetobacter	Moraxellaceae	Pseudomonadales	Gammaproteobacteria	Proteobacteria	Bacteria
471124	Acinetobacterradioresistens	Acinetobacter	Moraxellaceae	Pseudomonadales	Gammaproteobacteria	Proteobacteria	Bacteria
103428	NA	Acinetobacter	Moraxellaceae	Pseudomonadales	Gammaproteobacteria	Proteobacteria	Bacteria
351275	NA	Acinetobacter	Moraxellaceae	Pseudomonadales	Gammaproteobacteria	Proteobacteria	Bacteria
535160	Acinetobacterjohnsonii	Acinetobacter	Moraxellaceae	Pseudomonadales	Gammaproteobacteria	Proteobacteria	Bacteria
317252	Acinetobacterjohnsonii	Acinetobacter	Moraxellaceae	Pseudomonadales	Gammaproteobacteria	Proteobacteria	Bacteria
249191	Acinetobacterjohnsonii	Acinetobacter	Moraxellaceae	Pseudomonadales	Gammaproteobacteria	Proteobacteria	Bacteria
582252	NA	Acinetobacter	Moraxellaceae	Pseudomonadales	Gammaproteobacteria	Proteobacteria	Bacteria
330302	NA	Acinetobacter	Moraxellaceae	Pseudomonadales	Gammaproteobacteria	Proteobacteria	Bacteria
60267	Acinetobactertjernbergiae	Acinetobacter	Moraxellaceae	Pseudomonadales	Gammaproteobacteria	Proteobacteria	Bacteria
353461	NA	Acinetobacter	Moraxellaceae	Pseudomonadales	Gammaproteobacteria	Proteobacteria	Bacteria
222902	NA	Acinetobacter	Moraxellaceae	Pseudomonadales	Gammaproteobacteria	Proteobacteria	Bacteria
194641	NA	Acinetobacter	Moraxellaceae	Pseudomonadales	Gammaproteobacteria	Proteobacteria	Bacteria
346926	NA	Acinetobacter	Moraxellaceae	Pseudomonadales	Gammaproteobacteria	Proteobacteria	Bacteria
568293	NA	NA	NA	NA	Gammaproteobacteria	Proteobacteria	Bacteria
140764	NA	Halomonas	Halomonadaceae	Oceanospirillales	Gammaproteobacteria	Proteobacteria	Bacteria
140325	NA	NA	Oceanospirillaceae	Oceanospirillales	Gammaproteobacteria	Proteobacteria	Bacteria
553872	NA	NA	SUP05	Oceanospirillales	Gammaproteobacteria	Proteobacteria	Bacteria
107242	NA	NA	SUP05	Oceanospirillales	Gammaproteobacteria	Proteobacteria	Bacteria
233692	NA	NA	SUP05	Oceanospirillales	Gammaproteobacteria	Proteobacteria	Bacteria
388347	NA	NA	SUP05	Oceanospirillales	Gammaproteobacteria	Proteobacteria	Bacteria
67478	NA	NA	SUP05	Oceanospirillales	Gammaproteobacteria	Proteobacteria	Bacteria
104276	NA	NA	SUP05	Oceanospirillales	Gammaproteobacteria	Proteobacteria	Bacteria
560000	NA	NA	SUP05	Oceanospirillales	Gammaproteobacteria	Proteobacteria	Bacteria
320243	NA	CandidatusPortiera	Halomonadaceae	Oceanospirillales	Gammaproteobacteria	Proteobacteria	Bacteria
545848	NA	CandidatusPortiera	Halomonadaceae	Oceanospirillales	Gammaproteobacteria	Proteobacteria	Bacteria
593801	NA	CandidatusPortiera	Halomonadaceae	Oceanospirillales	Gammaproteobacteria	Proteobacteria	Bacteria
544927	NA	CandidatusPortiera	Halomonadaceae	Oceanospirillales	Gammaproteobacteria	Proteobacteria	Bacteria
323845	NA	CandidatusPortiera	Halomonadaceae	Oceanospirillales	Gammaproteobacteria	Proteobacteria	Bacteria
303563	NA	CandidatusPortiera	Halomonadaceae	Oceanospirillales	Gammaproteobacteria	Proteobacteria	Bacteria
228449	NA	CandidatusPortiera	Halomonadaceae	Oceanospirillales	Gammaproteobacteria	Proteobacteria	Bacteria
331005	NA	CandidatusPortiera	Halomonadaceae	Oceanospirillales	Gammaproteobacteria	Proteobacteria	Bacteria
108109	NA	CandidatusPortiera	Halomonadaceae	Oceanospirillales	Gammaproteobacteria	Proteobacteria	Bacteria
106179	NA	CandidatusPortiera	Halomonadaceae	Oceanospirillales	Gammaproteobacteria	Proteobacteria	Bacteria
538133	NA	CandidatusPortiera	Halomonadaceae	Oceanospirillales	Gammaproteobacteria	Proteobacteria	Bacteria
232511	NA	CandidatusPortiera	Halomonadaceae	Oceanospirillales	Gammaproteobacteria	Proteobacteria	Bacteria
25508	NA	Alcanivorax	Alcanivoracaceae	Oceanospirillales	Gammaproteobacteria	Proteobacteria	Bacteria
344621	NA	NA	125ds10	Oceanospirillales	Gammaproteobacteria	Proteobacteria	Bacteria
264258	NA	NA	OM60	Oceanospirillales	Gammaproteobacteria	Proteobacteria	Bacteria
542803	NA	NA	OM60	Oceanospirillales	Gammaproteobacteria	Proteobacteria	Bacteria
338117	NA	NA	OM60	Oceanospirillales	Gammaproteobacteria	Proteobacteria	Bacteria
578438	NA	NA	OM60	Oceanospirillales	Gammaproteobacteria	Proteobacteria	Bacteria
312038	NA	NA	OM60	Oceanospirillales	Gammaproteobacteria	Proteobacteria	Bacteria
97734	NA	NA	OM60	Oceanospirillales	Gammaproteobacteria	Proteobacteria	Bacteria
139864	NA	NA	OM60	Oceanospirillales	Gammaproteobacteria	Proteobacteria	Bacteria
545003	NA	Congregibacter	OM60	Oceanospirillales	Gammaproteobacteria	Proteobacteria	Bacteria
336455	NA	Congregibacter	OM60	Oceanospirillales	Gammaproteobacteria	Proteobacteria	Bacteria
350845	NA	Congregibacter	OM60	Oceanospirillales	Gammaproteobacteria	Proteobacteria	Bacteria
217507	NA	Congregibacter	OM60	Oceanospirillales	Gammaproteobacteria	Proteobacteria	Bacteria
245864	NA	NA	OM60	Oceanospirillales	Gammaproteobacteria	Proteobacteria	Bacteria
185581	marinegammaproteobacteriumHTCC2080	NA	OM60	Oceanospirillales	Gammaproteobacteria	Proteobacteria	Bacteria
546020	NA	NA	OM60	Oceanospirillales	Gammaproteobacteria	Proteobacteria	Bacteria
236604	NA	NA	OM60	Oceanospirillales	Gammaproteobacteria	Proteobacteria	Bacteria
206237	NA	NA	OM60	Oceanospirillales	Gammaproteobacteria	Proteobacteria	Bacteria
126508	NA	NA	OM60	Oceanospirillales	Gammaproteobacteria	Proteobacteria	Bacteria
548862	NA	NA	OM60	Oceanospirillales	Gammaproteobacteria	Proteobacteria	Bacteria
593222	NA	NA	OM60	Oceanospirillales	Gammaproteobacteria	Proteobacteria	Bacteria
220496	NA	NA	OM60	Oceanospirillales	Gammaproteobacteria	Proteobacteria	Bacteria
279539	NA	NA	OM60	Oceanospirillales	Gammaproteobacteria	Proteobacteria	Bacteria
149014	NA	NA	OM60	Oceanospirillales	Gammaproteobacteria	Proteobacteria	Bacteria
576242	NA	NA	OM60	Oceanospirillales	Gammaproteobacteria	Proteobacteria	Bacteria
308726	NA	NA	OM60	Oceanospirillales	Gammaproteobacteria	Proteobacteria	Bacteria
103055	NA	NA	OM60	Oceanospirillales	Gammaproteobacteria	Proteobacteria	Bacteria
370014	NA	NA	OM60	Oceanospirillales	Gammaproteobacteria	Proteobacteria	Bacteria
335051	NA	NA	OM60	Oceanospirillales	Gammaproteobacteria	Proteobacteria	Bacteria
572372	NA	NA	OM60	Oceanospirillales	Gammaproteobacteria	Proteobacteria	Bacteria
257504	NA	HB2-32-21	Alteromonadaceae	Oceanospirillales	Gammaproteobacteria	Proteobacteria	Bacteria
269778	NA	Spongiibacter	Alteromonadaceae	Oceanospirillales	Gammaproteobacteria	Proteobacteria	Bacteria
310378	NA	Spongiibacter	Alteromonadaceae	Oceanospirillales	Gammaproteobacteria	Proteobacteria	Bacteria
541691	NA	Spongiibacter	Alteromonadaceae	Oceanospirillales	Gammaproteobacteria	Proteobacteria	Bacteria
105318	NA	CandidatusEndobugula	Alteromonadaceae	Oceanospirillales	Gammaproteobacteria	Proteobacteria	Bacteria
312030	NA	HTCC2207	Alteromonadaceae	Oceanospirillales	Gammaproteobacteria	Proteobacteria	Bacteria
152179	NA	HTCC2207	Alteromonadaceae	Oceanospirillales	Gammaproteobacteria	Proteobacteria	Bacteria
270409	NA	HTCC2207	Alteromonadaceae	Oceanospirillales	Gammaproteobacteria	Proteobacteria	Bacteria
96014	NA	HTCC2207	Alteromonadaceae	Oceanospirillales	Gammaproteobacteria	Proteobacteria	Bacteria
328475	NA	ZD0117	Alteromonadaceae	Oceanospirillales	Gammaproteobacteria	Proteobacteria	Bacteria
255044	NA	ZD0117	Alteromonadaceae	Oceanospirillales	Gammaproteobacteria	Proteobacteria	Bacteria
141875	NA	BD2-13	Alteromonadaceae	Oceanospirillales	Gammaproteobacteria	Proteobacteria	Bacteria
198202	NA	Teredinibacter	Alteromonadaceae	Oceanospirillales	Gammaproteobacteria	Proteobacteria	Bacteria
165894	NA	Umboniibacter	Alteromonadaceae	Oceanospirillales	Gammaproteobacteria	Proteobacteria	Bacteria
147823	NA	NA	NA	Oceanospirillales	Gammaproteobacteria	Proteobacteria	Bacteria
216695	NA	NA	HTCC2089	Oceanospirillales	Gammaproteobacteria	Proteobacteria	Bacteria
336560	NA	NA	HTCC2089	Oceanospirillales	Gammaproteobacteria	Proteobacteria	Bacteria
306969	NA	NA	HTCC2089	Oceanospirillales	Gammaproteobacteria	Proteobacteria	Bacteria
98593	NA	NA	HTCC2089	Oceanospirillales	Gammaproteobacteria	Proteobacteria	Bacteria
228537	NA	NA	HTCC2089	Oceanospirillales	Gammaproteobacteria	Proteobacteria	Bacteria
544395	NA	NA	ZA3412c	Oceanospirillales	Gammaproteobacteria	Proteobacteria	Bacteria
313341	NA	NA	ZA3412c	Oceanospirillales	Gammaproteobacteria	Proteobacteria	Bacteria
591094	NA	NA	ZA3412c	Oceanospirillales	Gammaproteobacteria	Proteobacteria	Bacteria
96902	NA	NA	ZA3412c	Oceanospirillales	Gammaproteobacteria	Proteobacteria	Bacteria
582535	NA	NA	211ds20	Oceanospirillales	Gammaproteobacteria	Proteobacteria	Bacteria
104318	NA	NA	211ds20	Oceanospirillales	Gammaproteobacteria	Proteobacteria	Bacteria
538642	NA	NA	HTCC2188	Oceanospirillales	Gammaproteobacteria	Proteobacteria	Bacteria
314090	NA	NA	HTCC2188	Oceanospirillales	Gammaproteobacteria	Proteobacteria	Bacteria
139752	NA	NA	HTCC2188	Oceanospirillales	Gammaproteobacteria	Proteobacteria	Bacteria
152853	NA	NA	HTCC2188	Oceanospirillales	Gammaproteobacteria	Proteobacteria	Bacteria
333266	NA	HTCC	HTCC2188	Oceanospirillales	Gammaproteobacteria	Proteobacteria	Bacteria
532913	NA	HTCC	HTCC2188	Oceanospirillales	Gammaproteobacteria	Proteobacteria	Bacteria
317708	NA	HTCC	HTCC2188	Oceanospirillales	Gammaproteobacteria	Proteobacteria	Bacteria
230216	NA	HTCC	HTCC2188	Oceanospirillales	Gammaproteobacteria	Proteobacteria	Bacteria
101015	NA	HTCC	HTCC2188	Oceanospirillales	Gammaproteobacteria	Proteobacteria	Bacteria
146687	NA	HTCC	HTCC2188	Oceanospirillales	Gammaproteobacteria	Proteobacteria	Bacteria
262549	NA	HTCC	HTCC2188	Oceanospirillales	Gammaproteobacteria	Proteobacteria	Bacteria
263897	NA	HTCC	HTCC2188	Oceanospirillales	Gammaproteobacteria	Proteobacteria	Bacteria
315848	NA	HTCC	HTCC2188	Oceanospirillales	Gammaproteobacteria	Proteobacteria	Bacteria
107320	NA	Hahella	Hahellaceae	Oceanospirillales	Gammaproteobacteria	Proteobacteria	Bacteria
565326	NA	NA	Litincolaceae	Oceanospirillales	Gammaproteobacteria	Proteobacteria	Bacteria
70494	NA	Litincola	Litincolaceae	Oceanospirillales	Gammaproteobacteria	Proteobacteria	Bacteria
8201	NA	Oleibacter	Oceanospirillaceae	Oceanospirillales	Gammaproteobacteria	Proteobacteria	Bacteria
8173	NA	NA	Oceanospirillaceae	Oceanospirillales	Gammaproteobacteria	Proteobacteria	Bacteria
145318	Marinomonassp.MED121	Marinomonas	Oceanospirillaceae	Oceanospirillales	Gammaproteobacteria	Proteobacteria	Bacteria
103719	NA	Marinomonas	Oceanospirillaceae	Oceanospirillales	Gammaproteobacteria	Proteobacteria	Bacteria
593776	NA	NA	Oceanospirillaceae	Oceanospirillales	Gammaproteobacteria	Proteobacteria	Bacteria
326600	NA	Marinobacterium	Oceanospirillaceae	Oceanospirillales	Gammaproteobacteria	Proteobacteria	Bacteria
100683	NA	Marinobacterium	Oceanospirillaceae	Oceanospirillales	Gammaproteobacteria	Proteobacteria	Bacteria
546823	NA	Marinobacterium	Oceanospirillaceae	Oceanospirillales	Gammaproteobacteria	Proteobacteria	Bacteria
243296	NA	Amphritea	Oceanospirillaceae	Oceanospirillales	Gammaproteobacteria	Proteobacteria	Bacteria
161773	proteobacteriumsymbiontofOsedaxsp.MB3	NA	Oceanospirillaceae	Oceanospirillales	Gammaproteobacteria	Proteobacteria	Bacteria
152723	Reinekeablandensis	Reinekea	Saccharospirillaceae	Oceanospirillales	Gammaproteobacteria	Proteobacteria	Bacteria
165647	NA	Reinekea	Saccharospirillaceae	Oceanospirillales	Gammaproteobacteria	Proteobacteria	Bacteria
354436	NA	SGUS388	Endozoicimonaceae	Oceanospirillales	Gammaproteobacteria	Proteobacteria	Bacteria
578191	NA	NA	Oleiphilaceae	Oceanospirillales	Gammaproteobacteria	Proteobacteria	Bacteria
333725	NA	Azotobacter	Pseudomonadaceae	Pseudomonadales	Gammaproteobacteria	Proteobacteria	Bacteria
340095	Pseudomonasstutzeri	Pseudomonas	Pseudomonadaceae	Pseudomonadales	Gammaproteobacteria	Proteobacteria	Bacteria
71823	Pseudomonascitronellolis	Pseudomonas	Pseudomonadaceae	Pseudomonadales	Gammaproteobacteria	Proteobacteria	Bacteria
275935	Pseudomonasmendocina	Pseudomonas	Pseudomonadaceae	Pseudomonadales	Gammaproteobacteria	Proteobacteria	Bacteria
280369	NA	Pseudomonas	Pseudomonadaceae	Pseudomonadales	Gammaproteobacteria	Proteobacteria	Bacteria
78890	NA	Pseudomonas	Pseudomonadaceae	Pseudomonadales	Gammaproteobacteria	Proteobacteria	Bacteria
510529	Pseudomonasalcaligenes	Pseudomonas	Pseudomonadaceae	Pseudomonadales	Gammaproteobacteria	Proteobacteria	Bacteria
520731	Pseudomonasalcaligenes	Pseudomonas	Pseudomonadaceae	Pseudomonadales	Gammaproteobacteria	Proteobacteria	Bacteria
157301	NA	Pseudomonas	Pseudomonadaceae	Pseudomonadales	Gammaproteobacteria	Proteobacteria	Bacteria
561000	NA	Pseudomonas	Pseudomonadaceae	Pseudomonadales	Gammaproteobacteria	Proteobacteria	Bacteria
110332	NA	Pseudomonas	Pseudomonadaceae	Pseudomonadales	Gammaproteobacteria	Proteobacteria	Bacteria
186382	NA	Pseudomonas	Pseudomonadaceae	Pseudomonadales	Gammaproteobacteria	Proteobacteria	Bacteria
327694	NA	Pseudomonas	Pseudomonadaceae	Pseudomonadales	Gammaproteobacteria	Proteobacteria	Bacteria
155221	NA	Pseudomonas	Pseudomonadaceae	Pseudomonadales	Gammaproteobacteria	Proteobacteria	Bacteria
571439	NA	Pseudomonas	Pseudomonadaceae	Pseudomonadales	Gammaproteobacteria	Proteobacteria	Bacteria
411142	NA	Pseudomonas	Pseudomonadaceae	Pseudomonadales	Gammaproteobacteria	Proteobacteria	Bacteria
276867	NA	Pseudomonas	Pseudomonadaceae	Pseudomonadales	Gammaproteobacteria	Proteobacteria	Bacteria
141206	NA	Pseudomonas	Pseudomonadaceae	Pseudomonadales	Gammaproteobacteria	Proteobacteria	Bacteria
318906	NA	Pseudomonas	Pseudomonadaceae	Pseudomonadales	Gammaproteobacteria	Proteobacteria	Bacteria
393265	NA	Pseudomonas	Pseudomonadaceae	Pseudomonadales	Gammaproteobacteria	Proteobacteria	Bacteria
140933	NA	Pseudomonas	Pseudomonadaceae	Pseudomonadales	Gammaproteobacteria	Proteobacteria	Bacteria
251989	NA	Pseudomonas	Pseudomonadaceae	Pseudomonadales	Gammaproteobacteria	Proteobacteria	Bacteria
140880	NA	Pseudomonas	Pseudomonadaceae	Pseudomonadales	Gammaproteobacteria	Proteobacteria	Bacteria
279231	Pseudomonasumsongensis	Pseudomonas	Pseudomonadaceae	Pseudomonadales	Gammaproteobacteria	Proteobacteria	Bacteria
89393	Pseudomonasviridiflava	Pseudomonas	Pseudomonadaceae	Pseudomonadales	Gammaproteobacteria	Proteobacteria	Bacteria
133961	NA	Pseudomonas	Pseudomonadaceae	Pseudomonadales	Gammaproteobacteria	Proteobacteria	Bacteria
446356	NA	Pseudomonas	Pseudomonadaceae	Pseudomonadales	Gammaproteobacteria	Proteobacteria	Bacteria
414568	NA	Pseudomonas	Pseudomonadaceae	Pseudomonadales	Gammaproteobacteria	Proteobacteria	Bacteria
25543	NA	Pseudomonas	Pseudomonadaceae	Pseudomonadales	Gammaproteobacteria	Proteobacteria	Bacteria
66020	NA	Methylophaga	Piscirickettsiaceae	Thiotrichales	Gammaproteobacteria	Proteobacteria	Bacteria
158847	Methylophagamarina	Methylophaga	Piscirickettsiaceae	Thiotrichales	Gammaproteobacteria	Proteobacteria	Bacteria
221119	Methylophagamarina	Methylophaga	Piscirickettsiaceae	Thiotrichales	Gammaproteobacteria	Proteobacteria	Bacteria
117364	NA	NA	Piscirickettsiaceae	Thiotrichales	Gammaproteobacteria	Proteobacteria	Bacteria
101411	Methylococcuscapsulatus	Methylococcus	Methylococcaceae	Methylococcales	Gammaproteobacteria	Proteobacteria	Bacteria
110041	NA	Methylocaldum	Methylococcaceae	Methylococcales	Gammaproteobacteria	Proteobacteria	Bacteria
205808	NA	Methylocaldum	Methylococcaceae	Methylococcales	Gammaproteobacteria	Proteobacteria	Bacteria
358429	NA	Methylocaldum	Methylococcaceae	Methylococcales	Gammaproteobacteria	Proteobacteria	Bacteria
309790	NA	NA	Methylococcaceae	Methylococcales	Gammaproteobacteria	Proteobacteria	Bacteria
205851	NA	Crenothrix	Crenotrichaceae	Methylococcales	Gammaproteobacteria	Proteobacteria	Bacteria
141872	NA	Crenothrix	Crenotrichaceae	Methylococcales	Gammaproteobacteria	Proteobacteria	Bacteria
8098	NA	Crenothrix	Crenotrichaceae	Methylococcales	Gammaproteobacteria	Proteobacteria	Bacteria
141423	NA	Crenothrix	Crenotrichaceae	Methylococcales	Gammaproteobacteria	Proteobacteria	Bacteria
135917	NA	Crenothrix	Crenotrichaceae	Methylococcales	Gammaproteobacteria	Proteobacteria	Bacteria
150338	NA	Crenothrix	Crenotrichaceae	Methylococcales	Gammaproteobacteria	Proteobacteria	Bacteria
48494	NA	Crenothrix	Crenotrichaceae	Methylococcales	Gammaproteobacteria	Proteobacteria	Bacteria
548160	Crenothrixpolyspora	Crenothrix	Crenotrichaceae	Methylococcales	Gammaproteobacteria	Proteobacteria	Bacteria
530612	Crenothrixpolyspora	Crenothrix	Crenotrichaceae	Methylococcales	Gammaproteobacteria	Proteobacteria	Bacteria
94840	NA	Crenothrix	Crenotrichaceae	Methylococcales	Gammaproteobacteria	Proteobacteria	Bacteria
131019	NA	Crenothrix	Crenotrichaceae	Methylococcales	Gammaproteobacteria	Proteobacteria	Bacteria
534688	NA	Crenothrix	Crenotrichaceae	Methylococcales	Gammaproteobacteria	Proteobacteria	Bacteria
8096	NA	NA	NA	Methylococcales	Gammaproteobacteria	Proteobacteria	Bacteria
224998	NA	NA	NA	Methylococcales	Gammaproteobacteria	Proteobacteria	Bacteria
335355	NA	NA	NA	Methylococcales	Gammaproteobacteria	Proteobacteria	Bacteria
525836	NA	NA	NA	Methylococcales	Gammaproteobacteria	Proteobacteria	Bacteria
16413	NA	NA	NA	Methylococcales	Gammaproteobacteria	Proteobacteria	Bacteria
218525	NA	NA	NA	Methylococcales	Gammaproteobacteria	Proteobacteria	Bacteria
294790	NA	NA	NA	Methylococcales	Gammaproteobacteria	Proteobacteria	Bacteria
265527	NA	Methylomonas	Methylococcaceae	Methylococcales	Gammaproteobacteria	Proteobacteria	Bacteria
8057	NA	Methylomonas	Methylococcaceae	Methylococcales	Gammaproteobacteria	Proteobacteria	Bacteria
8084	NA	Methylomonas	Methylococcaceae	Methylococcales	Gammaproteobacteria	Proteobacteria	Bacteria
45263	NA	Methylomonas	Methylococcaceae	Methylococcales	Gammaproteobacteria	Proteobacteria	Bacteria
286126	NA	NA	NA	Methylococcales	Gammaproteobacteria	Proteobacteria	Bacteria
574649	NA	Cycloclasticus	Piscirickettsiaceae	Methylococcales	Gammaproteobacteria	Proteobacteria	Bacteria
592523	Kangiellakoreensis	Kangiella	NA	NA	Gammaproteobacteria	Proteobacteria	Bacteria
305646	NA	NA	NA	NA	Gammaproteobacteria	Proteobacteria	Bacteria
252006	NA	Leucothrix	Thiotrichaceae	Thiotrichales	Gammaproteobacteria	Proteobacteria	Bacteria
138619	NA	Thiothrix	Thiotrichaceae	Thiotrichales	Gammaproteobacteria	Proteobacteria	Bacteria
37302	Thiothrixflexilis	Thiothrix	Thiotrichaceae	Thiotrichales	Gammaproteobacteria	Proteobacteria	Bacteria
510924	NA	Thiothrix	Thiotrichaceae	Thiotrichales	Gammaproteobacteria	Proteobacteria	Bacteria
18746	NA	Thiothrix	Thiotrichaceae	Thiotrichales	Gammaproteobacteria	Proteobacteria	Bacteria
135216	NA	Thiothrix	Thiotrichaceae	Thiotrichales	Gammaproteobacteria	Proteobacteria	Bacteria
277633	NA	NA	NA	NA	Gammaproteobacteria	Proteobacteria	Bacteria
317335	NA	NA	NA	NA	Gammaproteobacteria	Proteobacteria	Bacteria
277645	NA	NA	NA	NA	Gammaproteobacteria	Proteobacteria	Bacteria
258297	NA	NA	NA	NA	Gammaproteobacteria	Proteobacteria	Bacteria
589725	NA	NA	NA	NA	Gammaproteobacteria	Proteobacteria	Bacteria
280984	NA	NA	NA	NA	Gammaproteobacteria	Proteobacteria	Bacteria
278683	NA	NA	NA	NA	Gammaproteobacteria	Proteobacteria	Bacteria
536365	NA	NA	NA	NA	Gammaproteobacteria	Proteobacteria	Bacteria
311740	NA	NA	NA	NA	Gammaproteobacteria	Proteobacteria	Bacteria
555129	NA	NA	NA	NA	Gammaproteobacteria	Proteobacteria	Bacteria
581185	NA	NA	NA	NA	Gammaproteobacteria	Proteobacteria	Bacteria
98216	NA	NA	NA	NA	Gammaproteobacteria	Proteobacteria	Bacteria
344595	NA	NA	Coxiellaceae	Legionellales	Gammaproteobacteria	Proteobacteria	Bacteria
278735	NA	NA	Coxiellaceae	Legionellales	Gammaproteobacteria	Proteobacteria	Bacteria
419180	NA	Aquicella	Coxiellaceae	Legionellales	Gammaproteobacteria	Proteobacteria	Bacteria
555343	NA	Legionella	Legionellaceae	Legionellales	Gammaproteobacteria	Proteobacteria	Bacteria
575450	NA	NA	NA	Thiotrichales	Gammaproteobacteria	Proteobacteria	Bacteria
19290	NA	NA	Coxiellaceae	Legionellales	Gammaproteobacteria	Proteobacteria	Bacteria
83477	Coxiellaburnetii	Coxiella	Coxiellaceae	Legionellales	Gammaproteobacteria	Proteobacteria	Bacteria
313983	NA	NA	Coxiellaceae	Legionellales	Gammaproteobacteria	Proteobacteria	Bacteria
251636	NA	NA	Coxiellaceae	Legionellales	Gammaproteobacteria	Proteobacteria	Bacteria
523629	NA	NA	Coxiellaceae	Legionellales	Gammaproteobacteria	Proteobacteria	Bacteria
311786	NA	NA	NA	NA	Gammaproteobacteria	Proteobacteria	Bacteria
556502	NA	NA	NA	NA	Gammaproteobacteria	Proteobacteria	Bacteria
101210	NA	NA	NA	NA	Gammaproteobacteria	Proteobacteria	Bacteria
171373	NA	NA	NA	NA	Gammaproteobacteria	Proteobacteria	Bacteria
577330	NA	NA	NA	NA	Gammaproteobacteria	Proteobacteria	Bacteria
151600	NA	NA	NA	NA	Gammaproteobacteria	Proteobacteria	Bacteria
535870	NA	NA	NA	NA	Gammaproteobacteria	Proteobacteria	Bacteria
342284	NA	NA	NA	NA	Gammaproteobacteria	Proteobacteria	Bacteria
155418	NA	NA	NA	NA	Gammaproteobacteria	Proteobacteria	Bacteria
250968	NA	NA	NA	NA	Gammaproteobacteria	Proteobacteria	Bacteria
126228	NA	NA	NA	NA	Gammaproteobacteria	Proteobacteria	Bacteria
352770	NA	NA	NA	NA	Gammaproteobacteria	Proteobacteria	Bacteria
99301	NA	NA	NA	NA	Gammaproteobacteria	Proteobacteria	Bacteria
342374	NA	NA	NA	NA	Gammaproteobacteria	Proteobacteria	Bacteria
517810	NA	NA	NA	NA	Gammaproteobacteria	Proteobacteria	Bacteria
105115	NA	NA	NA	NA	Gammaproteobacteria	Proteobacteria	Bacteria
332804	NA	NA	NA	Chromatiales	Gammaproteobacteria	Proteobacteria	Bacteria
533132	NA	NA	NA	Chromatiales	Gammaproteobacteria	Proteobacteria	Bacteria
580575	NA	NA	NA	Chromatiales	Gammaproteobacteria	Proteobacteria	Bacteria
263960	NA	NA	NA	Chromatiales	Gammaproteobacteria	Proteobacteria	Bacteria
278306	NA	NA	NA	Chromatiales	Gammaproteobacteria	Proteobacteria	Bacteria
72638	NA	NA	NA	Chromatiales	Gammaproteobacteria	Proteobacteria	Bacteria
172303	NA	NA	NA	Chromatiales	Gammaproteobacteria	Proteobacteria	Bacteria
307033	NA	NA	NA	Chromatiales	Gammaproteobacteria	Proteobacteria	Bacteria
275872	NA	NA	NA	Chromatiales	Gammaproteobacteria	Proteobacteria	Bacteria
533025	NA	NA	NA	Chromatiales	Gammaproteobacteria	Proteobacteria	Bacteria
156200	NA	NA	NA	Chromatiales	Gammaproteobacteria	Proteobacteria	Bacteria
566137	NA	NA	NA	Chromatiales	Gammaproteobacteria	Proteobacteria	Bacteria
516020	NA	NA	NA	Chromatiales	Gammaproteobacteria	Proteobacteria	Bacteria
273520	NA	NA	NA	Chromatiales	Gammaproteobacteria	Proteobacteria	Bacteria
276375	NA	NA	NA	Chromatiales	Gammaproteobacteria	Proteobacteria	Bacteria
584938	NA	NA	NA	Chromatiales	Gammaproteobacteria	Proteobacteria	Bacteria
264798	NA	NA	NA	Chromatiales	Gammaproteobacteria	Proteobacteria	Bacteria
217304	NA	NA	NA	Chromatiales	Gammaproteobacteria	Proteobacteria	Bacteria
538780	NA	NA	NA	Chromatiales	Gammaproteobacteria	Proteobacteria	Bacteria
98768	NA	NA	NA	Chromatiales	Gammaproteobacteria	Proteobacteria	Bacteria
213821	NA	NA	NA	Chromatiales	Gammaproteobacteria	Proteobacteria	Bacteria
254195	NA	NA	NA	Chromatiales	Gammaproteobacteria	Proteobacteria	Bacteria
538297	NA	NA	NA	Chromatiales	Gammaproteobacteria	Proteobacteria	Bacteria
110147	NA	NA	NA	Chromatiales	Gammaproteobacteria	Proteobacteria	Bacteria
296708	NA	NA	NA	Chromatiales	Gammaproteobacteria	Proteobacteria	Bacteria
546867	NA	NA	NA	Chromatiales	Gammaproteobacteria	Proteobacteria	Bacteria
429948	NA	NA	NA	Chromatiales	Gammaproteobacteria	Proteobacteria	Bacteria
277870	NA	NA	NA	Chromatiales	Gammaproteobacteria	Proteobacteria	Bacteria
250082	NA	NA	NA	Chromatiales	Gammaproteobacteria	Proteobacteria	Bacteria
558137	NA	NA	NA	Chromatiales	Gammaproteobacteria	Proteobacteria	Bacteria
584923	NA	NA	NA	Chromatiales	Gammaproteobacteria	Proteobacteria	Bacteria
313357	NA	NA	NA	Chromatiales	Gammaproteobacteria	Proteobacteria	Bacteria
305967	NA	NA	NA	Chromatiales	Gammaproteobacteria	Proteobacteria	Bacteria
256660	NA	NA	NA	Chromatiales	Gammaproteobacteria	Proteobacteria	Bacteria
149753	NA	NA	NA	Chromatiales	Gammaproteobacteria	Proteobacteria	Bacteria
105207	NA	NA	NA	Chromatiales	Gammaproteobacteria	Proteobacteria	Bacteria
272596	NA	NA	NA	Chromatiales	Gammaproteobacteria	Proteobacteria	Bacteria
533202	NA	NA	NA	Chromatiales	Gammaproteobacteria	Proteobacteria	Bacteria
587974	NA	NA	NA	Chromatiales	Gammaproteobacteria	Proteobacteria	Bacteria
256886	NA	NA	NA	Chromatiales	Gammaproteobacteria	Proteobacteria	Bacteria
528941	NA	NA	NA	Chromatiales	Gammaproteobacteria	Proteobacteria	Bacteria
333875	NA	NA	NA	Chromatiales	Gammaproteobacteria	Proteobacteria	Bacteria
196530	NA	NA	NA	Chromatiales	Gammaproteobacteria	Proteobacteria	Bacteria
103037	NA	NA	NA	Chromatiales	Gammaproteobacteria	Proteobacteria	Bacteria
530809	NA	NA	Chromatiaceae	Chromatiales	Gammaproteobacteria	Proteobacteria	Bacteria
353756	NA	NA	Sinobacteraceae	Chromatiales	Gammaproteobacteria	Proteobacteria	Bacteria
156986	NA	NA	Sinobacteraceae	Chromatiales	Gammaproteobacteria	Proteobacteria	Bacteria
155536	NA	NA	Sinobacteraceae	Chromatiales	Gammaproteobacteria	Proteobacteria	Bacteria
142645	NA	NA	Sinobacteraceae	Chromatiales	Gammaproteobacteria	Proteobacteria	Bacteria
587540	NA	NA	Sinobacteraceae	Chromatiales	Gammaproteobacteria	Proteobacteria	Bacteria
244867	NA	NA	Sinobacteraceae	Chromatiales	Gammaproteobacteria	Proteobacteria	Bacteria
550828	NA	NA	Sinobacteraceae	Chromatiales	Gammaproteobacteria	Proteobacteria	Bacteria
313985	NA	Steroidobacter	Sinobacteraceae	Chromatiales	Gammaproteobacteria	Proteobacteria	Bacteria
137192	NA	NA	Sinobacteraceae	Chromatiales	Gammaproteobacteria	Proteobacteria	Bacteria
105915	NA	NA	Sinobacteraceae	Chromatiales	Gammaproteobacteria	Proteobacteria	Bacteria
581900	NA	NA	Sinobacteraceae	Chromatiales	Gammaproteobacteria	Proteobacteria	Bacteria
332476	NA	NA	Sinobacteraceae	Chromatiales	Gammaproteobacteria	Proteobacteria	Bacteria
154435	NA	NA	Sinobacteraceae	Chromatiales	Gammaproteobacteria	Proteobacteria	Bacteria
332574	NA	NA	Sinobacteraceae	Chromatiales	Gammaproteobacteria	Proteobacteria	Bacteria
84768	NA	NA	Sinobacteraceae	Chromatiales	Gammaproteobacteria	Proteobacteria	Bacteria
511463	NA	NA	Sinobacteraceae	Chromatiales	Gammaproteobacteria	Proteobacteria	Bacteria
544749	NA	NA	Sinobacteraceae	Chromatiales	Gammaproteobacteria	Proteobacteria	Bacteria
156500	NA	NA	Sinobacteraceae	Chromatiales	Gammaproteobacteria	Proteobacteria	Bacteria
509622	NA	NA	Sinobacteraceae	Chromatiales	Gammaproteobacteria	Proteobacteria	Bacteria
27669	NA	NA	Sinobacteraceae	Chromatiales	Gammaproteobacteria	Proteobacteria	Bacteria
156654	NA	NA	Sinobacteraceae	Chromatiales	Gammaproteobacteria	Proteobacteria	Bacteria
215516	NA	NA	Sinobacteraceae	Chromatiales	Gammaproteobacteria	Proteobacteria	Bacteria
572643	NA	NA	Sinobacteraceae	Chromatiales	Gammaproteobacteria	Proteobacteria	Bacteria
560106	NA	NA	Sinobacteraceae	Chromatiales	Gammaproteobacteria	Proteobacteria	Bacteria
564301	NA	NA	Sinobacteraceae	Chromatiales	Gammaproteobacteria	Proteobacteria	Bacteria
47916	NA	NA	Sinobacteraceae	Chromatiales	Gammaproteobacteria	Proteobacteria	Bacteria
522839	NA	NA	Sinobacteraceae	Chromatiales	Gammaproteobacteria	Proteobacteria	Bacteria
254180	NA	NA	Sinobacteraceae	Chromatiales	Gammaproteobacteria	Proteobacteria	Bacteria
93707	NA	NA	Sinobacteraceae	Chromatiales	Gammaproteobacteria	Proteobacteria	Bacteria
258787	NA	NA	Sinobacteraceae	Chromatiales	Gammaproteobacteria	Proteobacteria	Bacteria
194499	NA	NA	Sinobacteraceae	Chromatiales	Gammaproteobacteria	Proteobacteria	Bacteria
526439	NA	NA	Sinobacteraceae	Chromatiales	Gammaproteobacteria	Proteobacteria	Bacteria
273639	NA	NA	Sinobacteraceae	Chromatiales	Gammaproteobacteria	Proteobacteria	Bacteria
90324	NA	NA	Sinobacteraceae	Chromatiales	Gammaproteobacteria	Proteobacteria	Bacteria
545040	NA	NA	Sinobacteraceae	Chromatiales	Gammaproteobacteria	Proteobacteria	Bacteria
258873	NA	NA	Sinobacteraceae	Chromatiales	Gammaproteobacteria	Proteobacteria	Bacteria
589587	NA	NA	Sinobacteraceae	Chromatiales	Gammaproteobacteria	Proteobacteria	Bacteria
562037	NA	NA	Sinobacteraceae	Chromatiales	Gammaproteobacteria	Proteobacteria	Bacteria
7630	NA	NA	Sinobacteraceae	Chromatiales	Gammaproteobacteria	Proteobacteria	Bacteria
348724	NA	NA	Sinobacteraceae	Chromatiales	Gammaproteobacteria	Proteobacteria	Bacteria
146366	NA	NA	Sinobacteraceae	Chromatiales	Gammaproteobacteria	Proteobacteria	Bacteria
261285	NA	NA	Sinobacteraceae	Chromatiales	Gammaproteobacteria	Proteobacteria	Bacteria
341821	NA	NA	Sinobacteraceae	Chromatiales	Gammaproteobacteria	Proteobacteria	Bacteria
166442	NA	NA	Sinobacteraceae	Chromatiales	Gammaproteobacteria	Proteobacteria	Bacteria
574507	NA	NA	Sinobacteraceae	Chromatiales	Gammaproteobacteria	Proteobacteria	Bacteria
515916	NA	NA	Sinobacteraceae	Chromatiales	Gammaproteobacteria	Proteobacteria	Bacteria
513570	NA	NA	Sinobacteraceae	Chromatiales	Gammaproteobacteria	Proteobacteria	Bacteria
257849	NA	NA	Sinobacteraceae	Chromatiales	Gammaproteobacteria	Proteobacteria	Bacteria
155768	NA	NA	Sinobacteraceae	Chromatiales	Gammaproteobacteria	Proteobacteria	Bacteria
347251	NA	NA	Sinobacteraceae	Chromatiales	Gammaproteobacteria	Proteobacteria	Bacteria
137174	NA	NA	Sinobacteraceae	Chromatiales	Gammaproteobacteria	Proteobacteria	Bacteria
146458	NA	NA	Sinobacteraceae	Chromatiales	Gammaproteobacteria	Proteobacteria	Bacteria
201369	NA	NA	Sinobacteraceae	Chromatiales	Gammaproteobacteria	Proteobacteria	Bacteria
100439	NA	NA	Sinobacteraceae	Chromatiales	Gammaproteobacteria	Proteobacteria	Bacteria
7634	NA	NA	Sinobacteraceae	Chromatiales	Gammaproteobacteria	Proteobacteria	Bacteria
585866	NA	NA	Sinobacteraceae	Chromatiales	Gammaproteobacteria	Proteobacteria	Bacteria
311399	NA	NA	Sinobacteraceae	Chromatiales	Gammaproteobacteria	Proteobacteria	Bacteria
336977	NA	NA	Sinobacteraceae	Chromatiales	Gammaproteobacteria	Proteobacteria	Bacteria
338034	NA	NA	Sinobacteraceae	Chromatiales	Gammaproteobacteria	Proteobacteria	Bacteria
588362	NA	NA	Sinobacteraceae	Chromatiales	Gammaproteobacteria	Proteobacteria	Bacteria
258366	NA	NA	Sinobacteraceae	Chromatiales	Gammaproteobacteria	Proteobacteria	Bacteria
276755	NA	NA	Sinobacteraceae	Chromatiales	Gammaproteobacteria	Proteobacteria	Bacteria
559794	NA	NA	Sinobacteraceae	Chromatiales	Gammaproteobacteria	Proteobacteria	Bacteria
169426	NA	NA	Sinobacteraceae	Chromatiales	Gammaproteobacteria	Proteobacteria	Bacteria
83068	NA	NA	Sinobacteraceae	Chromatiales	Gammaproteobacteria	Proteobacteria	Bacteria
565462	NA	NA	Sinobacteraceae	Chromatiales	Gammaproteobacteria	Proteobacteria	Bacteria
263799	NA	NA	Sinobacteraceae	Chromatiales	Gammaproteobacteria	Proteobacteria	Bacteria
561386	NA	NA	Sinobacteraceae	Chromatiales	Gammaproteobacteria	Proteobacteria	Bacteria
575230	NA	NA	NA	Chromatiales	Gammaproteobacteria	Proteobacteria	Bacteria
292288	NA	NA	NA	Chromatiales	Gammaproteobacteria	Proteobacteria	Bacteria
527507	NA	NA	NA	Chromatiales	Gammaproteobacteria	Proteobacteria	Bacteria
251981	NA	NA	NA	Chromatiales	Gammaproteobacteria	Proteobacteria	Bacteria
559269	NA	NA	NA	Chromatiales	Gammaproteobacteria	Proteobacteria	Bacteria
245592	NA	Thiohalospira	Ectothiorhodospiraceae	Chromatiales	Gammaproteobacteria	Proteobacteria	Bacteria
166871	NA	NA	NA	Chromatiales	Gammaproteobacteria	Proteobacteria	Bacteria
278349	NA	NA	NA	Chromatiales	Gammaproteobacteria	Proteobacteria	Bacteria
571233	NA	NA	NA	Chromatiales	Gammaproteobacteria	Proteobacteria	Bacteria
362891	NA	NA	NA	Chromatiales	Gammaproteobacteria	Proteobacteria	Bacteria
241066	NA	NA	NA	Chromatiales	Gammaproteobacteria	Proteobacteria	Bacteria
154047	NA	NA	NA	Chromatiales	Gammaproteobacteria	Proteobacteria	Bacteria
331064	NA	NA	NA	Chromatiales	Gammaproteobacteria	Proteobacteria	Bacteria
32280	NA	NA	NA	Chromatiales	Gammaproteobacteria	Proteobacteria	Bacteria
7606	NA	NA	NA	Chromatiales	Gammaproteobacteria	Proteobacteria	Bacteria
7598	NA	NA	NA	Chromatiales	Gammaproteobacteria	Proteobacteria	Bacteria
169677	NA	NA	NA	Chromatiales	Gammaproteobacteria	Proteobacteria	Bacteria
7619	NA	NA	NA	Chromatiales	Gammaproteobacteria	Proteobacteria	Bacteria
7624	NA	NA	NA	Chromatiales	Gammaproteobacteria	Proteobacteria	Bacteria
7621	NA	NA	NA	Chromatiales	Gammaproteobacteria	Proteobacteria	Bacteria
565944	NA	NA	NA	Chromatiales	Gammaproteobacteria	Proteobacteria	Bacteria
147990	NA	NA	NA	Chromatiales	Gammaproteobacteria	Proteobacteria	Bacteria
96909	NA	NA	NA	Chromatiales	Gammaproteobacteria	Proteobacteria	Bacteria
76061	NA	NA	NA	Chromatiales	Gammaproteobacteria	Proteobacteria	Bacteria
114044	NA	NA	NA	Chromatiales	Gammaproteobacteria	Proteobacteria	Bacteria
153466	NA	NA	NA	Chromatiales	Gammaproteobacteria	Proteobacteria	Bacteria
346479	NA	NA	NA	Chromatiales	Gammaproteobacteria	Proteobacteria	Bacteria
207297	NA	NA	NA	Chromatiales	Gammaproteobacteria	Proteobacteria	Bacteria
585574	NA	NA	NA	Chromatiales	Gammaproteobacteria	Proteobacteria	Bacteria
553141	NA	NA	NA	Chromatiales	Gammaproteobacteria	Proteobacteria	Bacteria
340951	NA	NA	NA	Chromatiales	Gammaproteobacteria	Proteobacteria	Bacteria
589101	NA	NA	NA	Chromatiales	Gammaproteobacteria	Proteobacteria	Bacteria
261838	NA	NA	NA	Chromatiales	Gammaproteobacteria	Proteobacteria	Bacteria
581393	NA	NA	NA	Chromatiales	Gammaproteobacteria	Proteobacteria	Bacteria
354483	NA	NA	NA	Chromatiales	Gammaproteobacteria	Proteobacteria	Bacteria
7649	NA	NA	NA	Chromatiales	Gammaproteobacteria	Proteobacteria	Bacteria
316871	NA	NA	NA	Chromatiales	Gammaproteobacteria	Proteobacteria	Bacteria
159272	NA	NA	NA	Chromatiales	Gammaproteobacteria	Proteobacteria	Bacteria
315780	NA	NA	NA	Chromatiales	Gammaproteobacteria	Proteobacteria	Bacteria
593544	NA	NA	NA	Chromatiales	Gammaproteobacteria	Proteobacteria	Bacteria
535059	NA	NA	NA	Chromatiales	Gammaproteobacteria	Proteobacteria	Bacteria
107140	NA	NA	NA	Chromatiales	Gammaproteobacteria	Proteobacteria	Bacteria
193004	NA	NA	NA	Chromatiales	Gammaproteobacteria	Proteobacteria	Bacteria
553983	NA	NA	Chromatiaceae	Chromatiales	Gammaproteobacteria	Proteobacteria	Bacteria
197820	NA	NA	Chromatiaceae	Chromatiales	Gammaproteobacteria	Proteobacteria	Bacteria
7541	NA	Lamprocystis	Chromatiaceae	Chromatiales	Gammaproteobacteria	Proteobacteria	Bacteria
159398	NA	Halochromatium	Chromatiaceae	Chromatiales	Gammaproteobacteria	Proteobacteria	Bacteria
168507	NA	NA	NA	Chromatiales	Gammaproteobacteria	Proteobacteria	Bacteria
91521	NA	NA	Thiotrichaceae	Chromatiales	Gammaproteobacteria	Proteobacteria	Bacteria
7609	NA	Achromatium	Thiotrichaceae	Chromatiales	Gammaproteobacteria	Proteobacteria	Bacteria
553528	NA	NA	NA	Chromatiales	Gammaproteobacteria	Proteobacteria	Bacteria
568472	NA	NA	NA	Chromatiales	Gammaproteobacteria	Proteobacteria	Bacteria
528872	NA	Salinisphaera	Salinisphaeraceae	Salinisphaerales	Gammaproteobacteria	Proteobacteria	Bacteria
511925	NA	NA	NA	NA	Gammaproteobacteria	Proteobacteria	Bacteria
56552	NA	NA	NA	NA	Gammaproteobacteria	Proteobacteria	Bacteria
573373	NA	NA	NA	NA	Gammaproteobacteria	Proteobacteria	Bacteria
350596	NA	NA	NA	NA	Gammaproteobacteria	Proteobacteria	Bacteria
155504	NA	NA	NA	NA	Gammaproteobacteria	Proteobacteria	Bacteria
539199	NA	NA	NA	NA	Gammaproteobacteria	Proteobacteria	Bacteria
359435	NA	NA	NA	NA	Gammaproteobacteria	Proteobacteria	Bacteria
278173	NA	NA	NA	Xanthomonadales	Gammaproteobacteria	Proteobacteria	Bacteria
182827	NA	Nevskia	Sinobacteraceae	Xanthomonadales	Gammaproteobacteria	Proteobacteria	Bacteria
320911	NA	NA	NA	Xanthomonadales	Gammaproteobacteria	Proteobacteria	Bacteria
204506	NA	NA	NA	Xanthomonadales	Gammaproteobacteria	Proteobacteria	Bacteria
101731	NA	Aquimonas	Xanthomonadaceae	Xanthomonadales	Gammaproteobacteria	Proteobacteria	Bacteria
554502	NA	Dokdonella	Xanthomonadaceae	Xanthomonadales	Gammaproteobacteria	Proteobacteria	Bacteria
567662	NA	Lysobacter	Xanthomonadaceae	Xanthomonadales	Gammaproteobacteria	Proteobacteria	Bacteria
79280	Thermomonasfusca	Thermomonas	Xanthomonadaceae	Xanthomonadales	Gammaproteobacteria	Proteobacteria	Bacteria
76350	Thermomonasfusca	Thermomonas	Xanthomonadaceae	Xanthomonadales	Gammaproteobacteria	Proteobacteria	Bacteria
245102	NA	Thermomonas	Xanthomonadaceae	Xanthomonadales	Gammaproteobacteria	Proteobacteria	Bacteria
559836	NA	NA	Xanthomonadaceae	Xanthomonadales	Gammaproteobacteria	Proteobacteria	Bacteria
253894	NA	NA	Xanthomonadaceae	Xanthomonadales	Gammaproteobacteria	Proteobacteria	Bacteria
577244	NA	Lysobacter	Xanthomonadaceae	Xanthomonadales	Gammaproteobacteria	Proteobacteria	Bacteria
254119	NA	Lysobacter	Xanthomonadaceae	Xanthomonadales	Gammaproteobacteria	Proteobacteria	Bacteria
333628	NA	Lysobacter	Xanthomonadaceae	Xanthomonadales	Gammaproteobacteria	Proteobacteria	Bacteria
591221	Xanthomonasaxonopodis	Xanthomonas	Xanthomonadaceae	Xanthomonadales	Gammaproteobacteria	Proteobacteria	Bacteria
149430	NA	Pseudoxanthomonas	Xanthomonadaceae	Xanthomonadales	Gammaproteobacteria	Proteobacteria	Bacteria
41720	Pseudoxanthomonasmexicana	Pseudoxanthomonas	Xanthomonadaceae	Xanthomonadales	Gammaproteobacteria	Proteobacteria	Bacteria
593848	NA	Stenotrophomonas	Xanthomonadaceae	Xanthomonadales	Gammaproteobacteria	Proteobacteria	Bacteria
275171	NA	Stenotrophomonas	Xanthomonadaceae	Xanthomonadales	Gammaproteobacteria	Proteobacteria	Bacteria
389700	NA	Stenotrophomonas	Xanthomonadaceae	Xanthomonadales	Gammaproteobacteria	Proteobacteria	Bacteria
150537	NA	Luteimonas	Xanthomonadaceae	Xanthomonadales	Gammaproteobacteria	Proteobacteria	Bacteria
297307	NA	NA	Xanthomonadaceae	Xanthomonadales	Gammaproteobacteria	Proteobacteria	Bacteria
593908	NA	NA	Xanthomonadaceae	Xanthomonadales	Gammaproteobacteria	Proteobacteria	Bacteria
105946	NA	NA	Xanthomonadaceae	Xanthomonadales	Gammaproteobacteria	Proteobacteria	Bacteria
253292	NA	CandidatusOdyssella	NA	Rickettsiales	Alphaproteobacteria	Proteobacteria	Bacteria
143746	NA	CandidatusOdyssella	NA	Rickettsiales	Alphaproteobacteria	Proteobacteria	Bacteria
231677	NA	CandidatusPelagibacter	NA	Rickettsiales	Alphaproteobacteria	Proteobacteria	Bacteria
232066	NA	CandidatusPelagibacter	NA	Rickettsiales	Alphaproteobacteria	Proteobacteria	Bacteria
325911	NA	CandidatusPelagibacter	NA	Rickettsiales	Alphaproteobacteria	Proteobacteria	Bacteria
228764	NA	CandidatusPelagibacter	NA	Rickettsiales	Alphaproteobacteria	Proteobacteria	Bacteria
571516	NA	CandidatusPelagibacter	NA	Rickettsiales	Alphaproteobacteria	Proteobacteria	Bacteria
116334	NA	CandidatusPelagibacter	NA	Rickettsiales	Alphaproteobacteria	Proteobacteria	Bacteria
560655	NA	CandidatusPelagibacter	NA	Rickettsiales	Alphaproteobacteria	Proteobacteria	Bacteria
333113	NA	CandidatusPelagibacter	NA	Rickettsiales	Alphaproteobacteria	Proteobacteria	Bacteria
276028	NA	CandidatusPelagibacter	NA	Rickettsiales	Alphaproteobacteria	Proteobacteria	Bacteria
322879	NA	CandidatusPelagibacter	NA	Rickettsiales	Alphaproteobacteria	Proteobacteria	Bacteria
234504	NA	CandidatusPelagibacter	NA	Rickettsiales	Alphaproteobacteria	Proteobacteria	Bacteria
349307	NA	CandidatusPelagibacter	NA	Rickettsiales	Alphaproteobacteria	Proteobacteria	Bacteria
564936	NA	CandidatusPelagibacter	NA	Rickettsiales	Alphaproteobacteria	Proteobacteria	Bacteria
236718	CandidatusPelagibacterubique	CandidatusPelagibacter	NA	Rickettsiales	Alphaproteobacteria	Proteobacteria	Bacteria
233274	NA	CandidatusPelagibacter	NA	Rickettsiales	Alphaproteobacteria	Proteobacteria	Bacteria
68974	NA	CandidatusPelagibacter	NA	Rickettsiales	Alphaproteobacteria	Proteobacteria	Bacteria
5950	NA	Rickettsia	Rickettsiaceae	Rickettsiales	Alphaproteobacteria	Proteobacteria	Bacteria
254127	NA	NA	Rickettsiaceae	Rickettsiales	Alphaproteobacteria	Proteobacteria	Bacteria
256955	NA	NA	NA	Rickettsiales	Alphaproteobacteria	Proteobacteria	Bacteria
261777	NA	NA	Phyllobacteriaceae	Rhizobiales	Alphaproteobacteria	Proteobacteria	Bacteria
155236	NA	NA	NA	Rhizobiales	Alphaproteobacteria	Proteobacteria	Bacteria
471451	NA	Ensifer	Rhizobiaceae	Rhizobiales	Alphaproteobacteria	Proteobacteria	Bacteria
539390	NA	Rhizobium	Rhizobiaceae	Rhizobiales	Alphaproteobacteria	Proteobacteria	Bacteria
206709	NA	Rhizobium	Rhizobiaceae	Rhizobiales	Alphaproteobacteria	Proteobacteria	Bacteria
589676	NA	Rhizobium	Rhizobiaceae	Rhizobiales	Alphaproteobacteria	Proteobacteria	Bacteria
216594	NA	Rhizobium	Rhizobiaceae	Rhizobiales	Alphaproteobacteria	Proteobacteria	Bacteria
200464	NA	Rhizobium	Rhizobiaceae	Rhizobiales	Alphaproteobacteria	Proteobacteria	Bacteria
199327	NA	Rhizobium	Rhizobiaceae	Rhizobiales	Alphaproteobacteria	Proteobacteria	Bacteria
47066	NA	Rhizobium	Rhizobiaceae	Rhizobiales	Alphaproteobacteria	Proteobacteria	Bacteria
99135	NA	Rhizobium	Rhizobiaceae	Rhizobiales	Alphaproteobacteria	Proteobacteria	Bacteria
103710	NA	Bartonella	Bartonellaceae	Rhizobiales	Alphaproteobacteria	Proteobacteria	Bacteria
578761	NA	Shinella	Rhizobiaceae	Rhizobiales	Alphaproteobacteria	Proteobacteria	Bacteria
74262	Rhizobiumsullae	Rhizobium	Rhizobiaceae	Rhizobiales	Alphaproteobacteria	Proteobacteria	Bacteria
144720	NA	Agrobacterium	Rhizobiaceae	Rhizobiales	Alphaproteobacteria	Proteobacteria	Bacteria
243024	NA	Agrobacterium	Rhizobiaceae	Rhizobiales	Alphaproteobacteria	Proteobacteria	Bacteria
214126	Rhizobiumsp.IRBG74	Agrobacterium	Rhizobiaceae	Rhizobiales	Alphaproteobacteria	Proteobacteria	Bacteria
244531	NA	Agrobacterium	Rhizobiaceae	Rhizobiales	Alphaproteobacteria	Proteobacteria	Bacteria
66930	NA	Agrobacterium	Rhizobiaceae	Rhizobiales	Alphaproteobacteria	Proteobacteria	Bacteria
150990	Aurantimonasmanganoxydans	Aurantimonas	Aurantimonadaceae	Rhizobiales	Alphaproteobacteria	Proteobacteria	Bacteria
275257	Aurantimonasaltamirensis	Aurantimonas	Aurantimonadaceae	Rhizobiales	Alphaproteobacteria	Proteobacteria	Bacteria
129415	Chelativoransmultitrophicus	Chelativorans	Phyllobacteriaceae	Rhizobiales	Alphaproteobacteria	Proteobacteria	Bacteria
5135	NA	NA	NA	Rhizobiales	Alphaproteobacteria	Proteobacteria	Bacteria
557392	NA	NA	NA	Rhizobiales	Alphaproteobacteria	Proteobacteria	Bacteria
552671	NA	NA	Phyllobacteriaceae	Rhizobiales	Alphaproteobacteria	Proteobacteria	Bacteria
316301	NA	NA	Phyllobacteriaceae	Rhizobiales	Alphaproteobacteria	Proteobacteria	Bacteria
170119	NA	NA	Phyllobacteriaceae	Rhizobiales	Alphaproteobacteria	Proteobacteria	Bacteria
240197	NA	NA	Phyllobacteriaceae	Rhizobiales	Alphaproteobacteria	Proteobacteria	Bacteria
538811	NA	NA	Phyllobacteriaceae	Rhizobiales	Alphaproteobacteria	Proteobacteria	Bacteria
588630	NA	NA	Phyllobacteriaceae	Rhizobiales	Alphaproteobacteria	Proteobacteria	Bacteria
215375	NA	NA	Phyllobacteriaceae	Rhizobiales	Alphaproteobacteria	Proteobacteria	Bacteria
240591	NA	NA	Phyllobacteriaceae	Rhizobiales	Alphaproteobacteria	Proteobacteria	Bacteria
548592	NA	NA	Phyllobacteriaceae	Rhizobiales	Alphaproteobacteria	Proteobacteria	Bacteria
144079	NA	NA	Phyllobacteriaceae	Rhizobiales	Alphaproteobacteria	Proteobacteria	Bacteria
322591	NA	NA	Phyllobacteriaceae	Rhizobiales	Alphaproteobacteria	Proteobacteria	Bacteria
270010	NA	NA	Phyllobacteriaceae	Rhizobiales	Alphaproteobacteria	Proteobacteria	Bacteria
320821	NA	NA	Phyllobacteriaceae	Rhizobiales	Alphaproteobacteria	Proteobacteria	Bacteria
132474	NA	NA	Phyllobacteriaceae	Rhizobiales	Alphaproteobacteria	Proteobacteria	Bacteria
289355	NA	NA	Phyllobacteriaceae	Rhizobiales	Alphaproteobacteria	Proteobacteria	Bacteria
228302	NA	NA	Phyllobacteriaceae	Rhizobiales	Alphaproteobacteria	Proteobacteria	Bacteria
155540	NA	NA	Phyllobacteriaceae	Rhizobiales	Alphaproteobacteria	Proteobacteria	Bacteria
5066	Rhodobiumorientis	Rhodobium	Rhodobiaceae	Rhizobiales	Alphaproteobacteria	Proteobacteria	Bacteria
219291	NA	Devosia	Hyphomicrobiaceae	Rhizobiales	Alphaproteobacteria	Proteobacteria	Bacteria
575419	NA	Devosia	Hyphomicrobiaceae	Rhizobiales	Alphaproteobacteria	Proteobacteria	Bacteria
175383	NA	Devosia	Hyphomicrobiaceae	Rhizobiales	Alphaproteobacteria	Proteobacteria	Bacteria
544772	NA	Devosia	Hyphomicrobiaceae	Rhizobiales	Alphaproteobacteria	Proteobacteria	Bacteria
107461	NA	NA	Methylocystaceae	Rhizobiales	Alphaproteobacteria	Proteobacteria	Bacteria
344447	NA	NA	NA	Rhizobiales	Alphaproteobacteria	Proteobacteria	Bacteria
586430	NA	NA	NA	Rhizobiales	Alphaproteobacteria	Proteobacteria	Bacteria
287211	NA	NA	NA	Rhizobiales	Alphaproteobacteria	Proteobacteria	Bacteria
338715	NA	NA	NA	Rhizobiales	Alphaproteobacteria	Proteobacteria	Bacteria
351644	NA	NA	NA	Rhizobiales	Alphaproteobacteria	Proteobacteria	Bacteria
105545	NA	NA	Xanthobacteraceae	Rhizobiales	Alphaproteobacteria	Proteobacteria	Bacteria
350760	NA	NA	Xanthobacteraceae	Rhizobiales	Alphaproteobacteria	Proteobacteria	Bacteria
558957	NA	Methylopila	Methylocystaceae	Rhizobiales	Alphaproteobacteria	Proteobacteria	Bacteria
588231	NA	NA	Bradyrhizobiaceae	Rhizobiales	Alphaproteobacteria	Proteobacteria	Bacteria
560101	NA	NA	Bradyrhizobiaceae	Rhizobiales	Alphaproteobacteria	Proteobacteria	Bacteria
330207	NA	NA	Bradyrhizobiaceae	Rhizobiales	Alphaproteobacteria	Proteobacteria	Bacteria
309753	NA	NA	Bradyrhizobiaceae	Rhizobiales	Alphaproteobacteria	Proteobacteria	Bacteria
573135	NA	NA	Bradyrhizobiaceae	Rhizobiales	Alphaproteobacteria	Proteobacteria	Bacteria
100954	NA	Bradyrhizobium	Bradyrhizobiaceae	Rhizobiales	Alphaproteobacteria	Proteobacteria	Bacteria
166851	NA	Bradyrhizobium	Bradyrhizobiaceae	Rhizobiales	Alphaproteobacteria	Proteobacteria	Bacteria
237616	NA	Rhodopseudomonas	Bradyrhizobiaceae	Rhizobiales	Alphaproteobacteria	Proteobacteria	Bacteria
136238	NA	Rhodoplanes	Hyphomicrobiaceae	Rhizobiales	Alphaproteobacteria	Proteobacteria	Bacteria
248505	NA	Rhodoplanes	Hyphomicrobiaceae	Rhizobiales	Alphaproteobacteria	Proteobacteria	Bacteria
70100	NA	Rhodoplanes	Hyphomicrobiaceae	Rhizobiales	Alphaproteobacteria	Proteobacteria	Bacteria
112955	NA	Rhodoplanes	Hyphomicrobiaceae	Rhizobiales	Alphaproteobacteria	Proteobacteria	Bacteria
205156	NA	Rhodoplanes	Hyphomicrobiaceae	Rhizobiales	Alphaproteobacteria	Proteobacteria	Bacteria
114396	NA	Rhodoplanes	Hyphomicrobiaceae	Rhizobiales	Alphaproteobacteria	Proteobacteria	Bacteria
584598	NA	Rhodoplanes	Hyphomicrobiaceae	Rhizobiales	Alphaproteobacteria	Proteobacteria	Bacteria
20976	NA	Rhodoplanes	Hyphomicrobiaceae	Rhizobiales	Alphaproteobacteria	Proteobacteria	Bacteria
76270	NA	Rhodoplanes	Hyphomicrobiaceae	Rhizobiales	Alphaproteobacteria	Proteobacteria	Bacteria
308892	NA	Rhodoplanes	Hyphomicrobiaceae	Rhizobiales	Alphaproteobacteria	Proteobacteria	Bacteria
97561	NA	Rhodoplanes	Hyphomicrobiaceae	Rhizobiales	Alphaproteobacteria	Proteobacteria	Bacteria
566886	NA	Rhodoplanes	Hyphomicrobiaceae	Rhizobiales	Alphaproteobacteria	Proteobacteria	Bacteria
544615	NA	Rhodoplanes	Hyphomicrobiaceae	Rhizobiales	Alphaproteobacteria	Proteobacteria	Bacteria
265043	NA	Rhodoplanes	Hyphomicrobiaceae	Rhizobiales	Alphaproteobacteria	Proteobacteria	Bacteria
152124	NA	Rhodoplanes	Hyphomicrobiaceae	Rhizobiales	Alphaproteobacteria	Proteobacteria	Bacteria
63879	Rhodoplaneselegans	Rhodoplanes	Hyphomicrobiaceae	Rhizobiales	Alphaproteobacteria	Proteobacteria	Bacteria
315986	NA	Rhodoplanes	Hyphomicrobiaceae	Rhizobiales	Alphaproteobacteria	Proteobacteria	Bacteria
538266	NA	Balneimonas	Bradyrhizobiaceae	Rhizobiales	Alphaproteobacteria	Proteobacteria	Bacteria
279499	NA	NA	Bradyrhizobiaceae	Rhizobiales	Alphaproteobacteria	Proteobacteria	Bacteria
335585	NA	Methylobacterium	Methylobacteriaceae	Rhizobiales	Alphaproteobacteria	Proteobacteria	Bacteria
579710	NA	Methylobacterium	Methylobacteriaceae	Rhizobiales	Alphaproteobacteria	Proteobacteria	Bacteria
85734	NA	Methylobacterium	Methylobacteriaceae	Rhizobiales	Alphaproteobacteria	Proteobacteria	Bacteria
303793	NA	Methylobacterium	Methylobacteriaceae	Rhizobiales	Alphaproteobacteria	Proteobacteria	Bacteria
316924	NA	Methylobacterium	Methylobacteriaceae	Rhizobiales	Alphaproteobacteria	Proteobacteria	Bacteria
105899	NA	Methylobacterium	Methylobacteriaceae	Rhizobiales	Alphaproteobacteria	Proteobacteria	Bacteria
223155	NA	Bosea	Bradyrhizobiaceae	Rhizobiales	Alphaproteobacteria	Proteobacteria	Bacteria
583653	NA	Bosea	Bradyrhizobiaceae	Rhizobiales	Alphaproteobacteria	Proteobacteria	Bacteria
471399	Beijerinckiaindica	Beijerinckia	Beijerinckiaceae	Rhizobiales	Alphaproteobacteria	Proteobacteria	Bacteria
32333	NA	NA	Beijerinckiaceae	Rhizobiales	Alphaproteobacteria	Proteobacteria	Bacteria
19989	NA	NA	Beijerinckiaceae	Rhizobiales	Alphaproteobacteria	Proteobacteria	Bacteria
580939	NA	NA	NA	Rhizobiales	Alphaproteobacteria	Proteobacteria	Bacteria
252325	NA	NA	NA	Rhizobiales	Alphaproteobacteria	Proteobacteria	Bacteria
4760	NA	NA	NA	Rhizobiales	Alphaproteobacteria	Proteobacteria	Bacteria
338628	NA	NA	NA	Rhizobiales	Alphaproteobacteria	Proteobacteria	Bacteria
136235	NA	NA	NA	Rhizobiales	Alphaproteobacteria	Proteobacteria	Bacteria
162179	NA	NA	NA	Rhizobiales	Alphaproteobacteria	Proteobacteria	Bacteria
162925	NA	NA	Methylocystaceae	Rhizobiales	Alphaproteobacteria	Proteobacteria	Bacteria
537864	NA	NA	Methylocystaceae	Rhizobiales	Alphaproteobacteria	Proteobacteria	Bacteria
156044	NA	NA	Methylocystaceae	Rhizobiales	Alphaproteobacteria	Proteobacteria	Bacteria
161177	Methylosinussporium	Methylosinus	Methylocystaceae	Rhizobiales	Alphaproteobacteria	Proteobacteria	Bacteria
236892	NA	Methylocystis	Methylocystaceae	Rhizobiales	Alphaproteobacteria	Proteobacteria	Bacteria
152696	NA	Methylosinus	Methylocystaceae	Rhizobiales	Alphaproteobacteria	Proteobacteria	Bacteria
513254	NA	NA	NA	Rhizobiales	Alphaproteobacteria	Proteobacteria	Bacteria
142726	NA	NA	NA	Rhizobiales	Alphaproteobacteria	Proteobacteria	Bacteria
155413	NA	NA	NA	Rhizobiales	Alphaproteobacteria	Proteobacteria	Bacteria
225699	NA	NA	NA	Rhizobiales	Alphaproteobacteria	Proteobacteria	Bacteria
156227	NA	NA	Hyphomicrobiaceae	Rhizobiales	Alphaproteobacteria	Proteobacteria	Bacteria
152480	NA	Rhodomicrobium	Hyphomicrobiaceae	Rhizobiales	Alphaproteobacteria	Proteobacteria	Bacteria
560143	NA	NA	Hyphomicrobiaceae	Rhizobiales	Alphaproteobacteria	Proteobacteria	Bacteria
262760	NA	NA	Hyphomicrobiaceae	Rhizobiales	Alphaproteobacteria	Proteobacteria	Bacteria
519258	NA	NA	Hyphomicrobiaceae	Rhizobiales	Alphaproteobacteria	Proteobacteria	Bacteria
26693	NA	Hyphomicrobium	Hyphomicrobiaceae	Rhizobiales	Alphaproteobacteria	Proteobacteria	Bacteria
586152	NA	NA	Hyphomicrobiaceae	Rhizobiales	Alphaproteobacteria	Proteobacteria	Bacteria
305643	NA	Pedomicrobium	Hyphomicrobiaceae	Rhizobiales	Alphaproteobacteria	Proteobacteria	Bacteria
240757	NA	Pedomicrobium	Hyphomicrobiaceae	Rhizobiales	Alphaproteobacteria	Proteobacteria	Bacteria
114978	NA	Hyphomicrobium	Hyphomicrobiaceae	Rhizobiales	Alphaproteobacteria	Proteobacteria	Bacteria
4620	NA	Hyphomicrobium	Hyphomicrobiaceae	Rhizobiales	Alphaproteobacteria	Proteobacteria	Bacteria
172883	NA	Hyphomicrobium	Hyphomicrobiaceae	Rhizobiales	Alphaproteobacteria	Proteobacteria	Bacteria
172128	NA	Hyphomicrobium	Hyphomicrobiaceae	Rhizobiales	Alphaproteobacteria	Proteobacteria	Bacteria
144964	NA	Hyphomicrobium	Hyphomicrobiaceae	Rhizobiales	Alphaproteobacteria	Proteobacteria	Bacteria
248682	NA	NA	Hyphomicrobiaceae	Rhizobiales	Alphaproteobacteria	Proteobacteria	Bacteria
34344	NA	Hyphomicrobium	Hyphomicrobiaceae	Rhizobiales	Alphaproteobacteria	Proteobacteria	Bacteria
559937	NA	Hyphomicrobium	Hyphomicrobiaceae	Rhizobiales	Alphaproteobacteria	Proteobacteria	Bacteria
573659	NA	Hyphomicrobium	Hyphomicrobiaceae	Rhizobiales	Alphaproteobacteria	Proteobacteria	Bacteria
4641	Hyphomicrobiumzavarzinii	Hyphomicrobium	Hyphomicrobiaceae	Rhizobiales	Alphaproteobacteria	Proteobacteria	Bacteria
198749	NA	Hyphomicrobium	Hyphomicrobiaceae	Rhizobiales	Alphaproteobacteria	Proteobacteria	Bacteria
566212	NA	NA	NA	Rhizobiales	Alphaproteobacteria	Proteobacteria	Bacteria
583294	NA	NA	NA	Rhizobiales	Alphaproteobacteria	Proteobacteria	Bacteria
591539	NA	NA	NA	Rhizobiales	Alphaproteobacteria	Proteobacteria	Bacteria
136944	NA	NA	NA	Rhizobiales	Alphaproteobacteria	Proteobacteria	Bacteria
573041	NA	NA	NA	Rhizobiales	Alphaproteobacteria	Proteobacteria	Bacteria
525648	NA	NA	NA	Rhizobiales	Alphaproteobacteria	Proteobacteria	Bacteria
355688	NA	NA	NA	Rhizobiales	Alphaproteobacteria	Proteobacteria	Bacteria
306234	NA	NA	NA	Rhizobiales	Alphaproteobacteria	Proteobacteria	Bacteria
581542	NA	NA	Rhodobacteraceae	Rhizobiales	Alphaproteobacteria	Proteobacteria	Bacteria
123474	NA	NA	Rhodobacteraceae	Rhodobacterales	Alphaproteobacteria	Proteobacteria	Bacteria
278733	NA	NA	Rhodobacteraceae	Rhodobacterales	Alphaproteobacteria	Proteobacteria	Bacteria
594080	NA	NA	Rhodobacteraceae	Rhodobacterales	Alphaproteobacteria	Proteobacteria	Bacteria
553131	NA	NA	Rhodobacteraceae	Rhodobacterales	Alphaproteobacteria	Proteobacteria	Bacteria
165827	NA	Rubellimicrobium	Rhodobacteraceae	Rhodobacterales	Alphaproteobacteria	Proteobacteria	Bacteria
566238	NA	NA	Rhodobacteraceae	Rhodobacterales	Alphaproteobacteria	Proteobacteria	Bacteria
110731	NA	NA	Rhodobacteraceae	Rhodobacterales	Alphaproteobacteria	Proteobacteria	Bacteria
320764	NA	NA	Rhodobacteraceae	Rhodobacterales	Alphaproteobacteria	Proteobacteria	Bacteria
217471	NA	NA	Rhodobacteraceae	Rhodobacterales	Alphaproteobacteria	Proteobacteria	Bacteria
100203	Loktanellahongkongensis	Methylarcula	Rhodobacteraceae	Rhodobacterales	Alphaproteobacteria	Proteobacteria	Bacteria
75890	Loktanellahongkongensis	Methylarcula	Rhodobacteraceae	Rhodobacterales	Alphaproteobacteria	Proteobacteria	Bacteria
544367	NA	Methylarcula	Rhodobacteraceae	Rhodobacterales	Alphaproteobacteria	Proteobacteria	Bacteria
549968	NA	NA	Rhodobacteraceae	Rhodobacterales	Alphaproteobacteria	Proteobacteria	Bacteria
170549	NA	NA	Rhodobacteraceae	Rhodobacterales	Alphaproteobacteria	Proteobacteria	Bacteria
105613	NA	Loktanella	Rhodobacteraceae	Rhodobacterales	Alphaproteobacteria	Proteobacteria	Bacteria
328838	NA	Loktanella	Rhodobacteraceae	Rhodobacterales	Alphaproteobacteria	Proteobacteria	Bacteria
580223	NA	NA	Rhodobacteraceae	Rhodobacterales	Alphaproteobacteria	Proteobacteria	Bacteria
5681	NA	Sulfitobacter	Rhodobacteraceae	Rhodobacterales	Alphaproteobacteria	Proteobacteria	Bacteria
202204	NA	NA	Rhodobacteraceae	Rhodobacterales	Alphaproteobacteria	Proteobacteria	Bacteria
101660	NA	NA	Rhodobacteraceae	Rhodobacterales	Alphaproteobacteria	Proteobacteria	Bacteria
257413	NA	NA	Rhodobacteraceae	Rhodobacterales	Alphaproteobacteria	Proteobacteria	Bacteria
277670	NA	NA	Rhodobacteraceae	Rhodobacterales	Alphaproteobacteria	Proteobacteria	Bacteria
251325	NA	NA	Rhodobacteraceae	Rhodobacterales	Alphaproteobacteria	Proteobacteria	Bacteria
226155	NA	Roseovarius	Rhodobacteraceae	Rhodobacterales	Alphaproteobacteria	Proteobacteria	Bacteria
318367	NA	NA	Rhodobacteraceae	Rhodobacterales	Alphaproteobacteria	Proteobacteria	Bacteria
186153	NA	Loktanella	Rhodobacteraceae	Rhodobacterales	Alphaproteobacteria	Proteobacteria	Bacteria
240900	NA	NA	Rhodobacteraceae	Rhodobacterales	Alphaproteobacteria	Proteobacteria	Bacteria
341986	NA	NA	Rhodobacteraceae	Rhodobacterales	Alphaproteobacteria	Proteobacteria	Bacteria
550938	NA	NA	Rhodobacteraceae	Rhodobacterales	Alphaproteobacteria	Proteobacteria	Bacteria
138930	NA	NA	Rhodobacteraceae	Rhodobacterales	Alphaproteobacteria	Proteobacteria	Bacteria
142136	NA	NA	Rhodobacteraceae	Rhodobacterales	Alphaproteobacteria	Proteobacteria	Bacteria
112728	NA	NA	Rhodobacteraceae	Rhodobacterales	Alphaproteobacteria	Proteobacteria	Bacteria
565725	NA	NA	Rhodobacteraceae	Rhodobacterales	Alphaproteobacteria	Proteobacteria	Bacteria
334722	NA	NA	Rhodobacteraceae	Rhodobacterales	Alphaproteobacteria	Proteobacteria	Bacteria
336543	NA	NA	Rhodobacteraceae	Rhodobacterales	Alphaproteobacteria	Proteobacteria	Bacteria
534609	NA	NA	Rhodobacteraceae	Rhodobacterales	Alphaproteobacteria	Proteobacteria	Bacteria
591725	NA	NA	Rhodobacteraceae	Rhodobacterales	Alphaproteobacteria	Proteobacteria	Bacteria
346324	NA	Nereida	Rhodobacteraceae	Rhodobacterales	Alphaproteobacteria	Proteobacteria	Bacteria
556772	NA	Marivita	Rhodobacteraceae	Rhodobacterales	Alphaproteobacteria	Proteobacteria	Bacteria
546740	NA	NA	Rhodobacteraceae	Rhodobacterales	Alphaproteobacteria	Proteobacteria	Bacteria
5632	NA	NA	Rhodobacteraceae	Rhodobacterales	Alphaproteobacteria	Proteobacteria	Bacteria
153572	Oceanicolagranulosus	Oceanicola	Rhodobacteraceae	Rhodobacterales	Alphaproteobacteria	Proteobacteria	Bacteria
347949	NA	NA	Rhodobacteraceae	Rhodobacterales	Alphaproteobacteria	Proteobacteria	Bacteria
186396	Dinoroseobactershibae	Dinoroseobacter	Rhodobacteraceae	Rhodobacterales	Alphaproteobacteria	Proteobacteria	Bacteria
152417	NA	NA	Rhodobacteraceae	Rhodobacterales	Alphaproteobacteria	Proteobacteria	Bacteria
276208	NA	NA	Rhodobacteraceae	Rhodobacterales	Alphaproteobacteria	Proteobacteria	Bacteria
333269	NA	NA	Rhodobacteraceae	Rhodobacterales	Alphaproteobacteria	Proteobacteria	Bacteria
140817	NA	NA	Rhodobacteraceae	Rhodobacterales	Alphaproteobacteria	Proteobacteria	Bacteria
159563	Ruegeriasp.TM1040	Ruegeria	Rhodobacteraceae	Rhodobacterales	Alphaproteobacteria	Proteobacteria	Bacteria
111879	Ruegeriapomeroyi	Ruegeria	Rhodobacteraceae	Rhodobacterales	Alphaproteobacteria	Proteobacteria	Bacteria
334773	NA	Pseudoruegeria	Rhodobacteraceae	Rhodobacterales	Alphaproteobacteria	Proteobacteria	Bacteria
275025	NA	Pseudoruegeria	Rhodobacteraceae	Rhodobacterales	Alphaproteobacteria	Proteobacteria	Bacteria
236240	NA	NA	Rhodobacteraceae	Rhodobacterales	Alphaproteobacteria	Proteobacteria	Bacteria
219093	NA	NA	Rhodobacteraceae	Rhodobacterales	Alphaproteobacteria	Proteobacteria	Bacteria
133856	NA	NA	Rhodobacteraceae	Rhodobacterales	Alphaproteobacteria	Proteobacteria	Bacteria
574171	NA	NA	Rhodobacteraceae	Rhodobacterales	Alphaproteobacteria	Proteobacteria	Bacteria
5771	Paracoccusmarcusii	Paracoccus	Rhodobacteraceae	Rhodobacterales	Alphaproteobacteria	Proteobacteria	Bacteria
527854	NA	Paracoccus	Rhodobacteraceae	Rhodobacterales	Alphaproteobacteria	Proteobacteria	Bacteria
155546	NA	Paracoccus	Rhodobacteraceae	Rhodobacterales	Alphaproteobacteria	Proteobacteria	Bacteria
539762	NA	Paracoccus	Rhodobacteraceae	Rhodobacterales	Alphaproteobacteria	Proteobacteria	Bacteria
44012	Paracoccusyeei	Paracoccus	Rhodobacteraceae	Rhodobacterales	Alphaproteobacteria	Proteobacteria	Bacteria
179555	Paracoccusdenitrificans	Paracoccus	Rhodobacteraceae	Rhodobacterales	Alphaproteobacteria	Proteobacteria	Bacteria
325153	NA	Rhodobacter	Rhodobacteraceae	Rhodobacterales	Alphaproteobacteria	Proteobacteria	Bacteria
532163	Rhodobactersphaeroides	Rhodobacter	Rhodobacteraceae	Rhodobacterales	Alphaproteobacteria	Proteobacteria	Bacteria
83643	NA	Haematobacter	Rhodobacteraceae	Rhodobacterales	Alphaproteobacteria	Proteobacteria	Bacteria
516703	NA	NA	Rhodobacteraceae	Rhodobacterales	Alphaproteobacteria	Proteobacteria	Bacteria
98295	NA	Rhodobacter	Rhodobacteraceae	Rhodobacterales	Alphaproteobacteria	Proteobacteria	Bacteria
5802	NA	Rhodobacter	Rhodobacteraceae	Rhodobacterales	Alphaproteobacteria	Proteobacteria	Bacteria
199683	NA	Rhodobacter	Rhodobacteraceae	Rhodobacterales	Alphaproteobacteria	Proteobacteria	Bacteria
591092	NA	NA	Rhodobacteraceae	Rhodobacterales	Alphaproteobacteria	Proteobacteria	Bacteria
144544	NA	NA	Rhodobacteraceae	Rhodobacterales	Alphaproteobacteria	Proteobacteria	Bacteria
591654	NA	NA	Rhodobacteraceae	Rhodobacterales	Alphaproteobacteria	Proteobacteria	Bacteria
568966	NA	NA	Rhodobacteraceae	Rhodobacterales	Alphaproteobacteria	Proteobacteria	Bacteria
333160	NA	NA	Rhodobacteraceae	Rhodobacterales	Alphaproteobacteria	Proteobacteria	Bacteria
525801	NA	NA	Rhodobacteraceae	Rhodobacterales	Alphaproteobacteria	Proteobacteria	Bacteria
323018	NA	NA	Rhodobacteraceae	Rhodobacterales	Alphaproteobacteria	Proteobacteria	Bacteria
140189	NA	NA	Rhodobacteraceae	Rhodobacterales	Alphaproteobacteria	Proteobacteria	Bacteria
256939	NA	NA	Rhodobacteraceae	Rhodobacterales	Alphaproteobacteria	Proteobacteria	Bacteria
233567	NA	Thioclava	Rhodobacteraceae	Rhodobacterales	Alphaproteobacteria	Proteobacteria	Bacteria
114095	NA	Thioclava	Rhodobacteraceae	Rhodobacterales	Alphaproteobacteria	Proteobacteria	Bacteria
220130	NA	Thioclava	Rhodobacteraceae	Rhodobacterales	Alphaproteobacteria	Proteobacteria	Bacteria
522283	NA	Thioclava	Rhodobacteraceae	Rhodobacterales	Alphaproteobacteria	Proteobacteria	Bacteria
341958	NA	NA	Rhodobacteraceae	Rhodobacterales	Alphaproteobacteria	Proteobacteria	Bacteria
464901	NA	Amaricoccus	Rhodobacteraceae	Rhodobacterales	Alphaproteobacteria	Proteobacteria	Bacteria
524932	NA	Amaricoccus	Rhodobacteraceae	Rhodobacterales	Alphaproteobacteria	Proteobacteria	Bacteria
151324	NA	Amaricoccus	Rhodobacteraceae	Rhodobacterales	Alphaproteobacteria	Proteobacteria	Bacteria
230022	NA	NA	Rhodobacteraceae	Rhodobacterales	Alphaproteobacteria	Proteobacteria	Bacteria
509892	NA	NA	Rhodobacteraceae	Rhodobacterales	Alphaproteobacteria	Proteobacteria	Bacteria
541086	NA	NA	Rhodobacteraceae	Rhodobacterales	Alphaproteobacteria	Proteobacteria	Bacteria
153105	NA	NA	Hyphomonadaceae	Rhodobacterales	Alphaproteobacteria	Proteobacteria	Bacteria
100847	NA	Hyphomonas	Hyphomonadaceae	Rhodobacterales	Alphaproteobacteria	Proteobacteria	Bacteria
111797	NA	NA	Hyphomonadaceae	Rhodobacterales	Alphaproteobacteria	Proteobacteria	Bacteria
509163	NA	NA	Hyphomonadaceae	Rhodobacterales	Alphaproteobacteria	Proteobacteria	Bacteria
18609	NA	NA	Hyphomonadaceae	Rhodobacterales	Alphaproteobacteria	Proteobacteria	Bacteria
303607	NA	NA	Hyphomonadaceae	Rhodobacterales	Alphaproteobacteria	Proteobacteria	Bacteria
211469	NA	NA	Hyphomonadaceae	Rhodobacterales	Alphaproteobacteria	Proteobacteria	Bacteria
519257	NA	NA	Hyphomonadaceae	Rhodobacterales	Alphaproteobacteria	Proteobacteria	Bacteria
530619	NA	NA	Hyphomonadaceae	Rhodobacterales	Alphaproteobacteria	Proteobacteria	Bacteria
5851	Maricaulismaris	Maricaulis	Hyphomonadaceae	Rhodobacterales	Alphaproteobacteria	Proteobacteria	Bacteria
514038	NA	NA	Hyphomonadaceae	Rhodobacterales	Alphaproteobacteria	Proteobacteria	Bacteria
318593	NA	NA	NA	Rhodobacterales	Alphaproteobacteria	Proteobacteria	Bacteria
355315	NA	Brevundimonas	Caulobacteraceae	Caulobacterales	Alphaproteobacteria	Proteobacteria	Bacteria
305547	NA	Brevundimonas	Caulobacteraceae	Caulobacterales	Alphaproteobacteria	Proteobacteria	Bacteria
90161	NA	Brevundimonas	Caulobacteraceae	Caulobacterales	Alphaproteobacteria	Proteobacteria	Bacteria
110830	NA	Mycoplana	Caulobacteraceae	Caulobacterales	Alphaproteobacteria	Proteobacteria	Bacteria
265057	Brevundimonasdiminuta	Brevundimonas	Caulobacteraceae	Caulobacterales	Alphaproteobacteria	Proteobacteria	Bacteria
565413	NA	NA	Caulobacteraceae	Caulobacterales	Alphaproteobacteria	Proteobacteria	Bacteria
346819	NA	NA	Caulobacteraceae	Caulobacterales	Alphaproteobacteria	Proteobacteria	Bacteria
231965	NA	NA	Caulobacteraceae	Caulobacterales	Alphaproteobacteria	Proteobacteria	Bacteria
574416	NA	Phenylobacterium	Caulobacteraceae	Caulobacterales	Alphaproteobacteria	Proteobacteria	Bacteria
219048	NA	Phenylobacterium	Caulobacteraceae	Caulobacterales	Alphaproteobacteria	Proteobacteria	Bacteria
190723	NA	Phenylobacterium	Caulobacteraceae	Caulobacterales	Alphaproteobacteria	Proteobacteria	Bacteria
5552	NA	Phenylobacterium	Caulobacteraceae	Caulobacterales	Alphaproteobacteria	Proteobacteria	Bacteria
199553	NA	Phenylobacterium	Caulobacteraceae	Caulobacterales	Alphaproteobacteria	Proteobacteria	Bacteria
111099	NA	Phenylobacterium	Caulobacteraceae	Caulobacterales	Alphaproteobacteria	Proteobacteria	Bacteria
106146	NA	Caulobacter	Caulobacteraceae	Caulobacterales	Alphaproteobacteria	Proteobacteria	Bacteria
164042	NA	Caulobacter	Caulobacteraceae	Caulobacterales	Alphaproteobacteria	Proteobacteria	Bacteria
568425	NA	NA	NA	NA	Alphaproteobacteria	Proteobacteria	Bacteria
511230	NA	NA	NA	NA	Alphaproteobacteria	Proteobacteria	Bacteria
532912	NA	NA	NA	NA	Alphaproteobacteria	Proteobacteria	Bacteria
544302	NA	NA	NA	NA	Alphaproteobacteria	Proteobacteria	Bacteria
103846	NA	NA	Rhodospirillaceae	Rhodospirillales	Alphaproteobacteria	Proteobacteria	Bacteria
171372	NA	NA	Rhodospirillaceae	Rhodospirillales	Alphaproteobacteria	Proteobacteria	Bacteria
155338	NA	NA	Rhodospirillaceae	Rhodospirillales	Alphaproteobacteria	Proteobacteria	Bacteria
574275	NA	NA	Rhodospirillaceae	Rhodospirillales	Alphaproteobacteria	Proteobacteria	Bacteria
4574	NA	NA	Rhodospirillaceae	Rhodospirillales	Alphaproteobacteria	Proteobacteria	Bacteria
317373	NA	NA	Rhodospirillaceae	Rhodospirillales	Alphaproteobacteria	Proteobacteria	Bacteria
354693	NA	NA	Rhodospirillaceae	Rhodospirillales	Alphaproteobacteria	Proteobacteria	Bacteria
228239	NA	NA	Rhodospirillaceae	Rhodospirillales	Alphaproteobacteria	Proteobacteria	Bacteria
126392	NA	NA	Rhodospirillaceae	Rhodospirillales	Alphaproteobacteria	Proteobacteria	Bacteria
233886	NA	NA	Rhodospirillaceae	Rhodospirillales	Alphaproteobacteria	Proteobacteria	Bacteria
310134	NA	NA	Rhodospirillaceae	Rhodospirillales	Alphaproteobacteria	Proteobacteria	Bacteria
115653	NA	NA	Rhodospirillaceae	Rhodospirillales	Alphaproteobacteria	Proteobacteria	Bacteria
4585	NA	NA	Rhodospirillaceae	Rhodospirillales	Alphaproteobacteria	Proteobacteria	Bacteria
342146	NA	NA	Rhodospirillaceae	Rhodospirillales	Alphaproteobacteria	Proteobacteria	Bacteria
545263	NA	NA	Rhodospirillaceae	Rhodospirillales	Alphaproteobacteria	Proteobacteria	Bacteria
103709	NA	NA	Rhodospirillaceae	Rhodospirillales	Alphaproteobacteria	Proteobacteria	Bacteria
155692	NA	NA	Rhodospirillaceae	Rhodospirillales	Alphaproteobacteria	Proteobacteria	Bacteria
335943	NA	NA	Rhodospirillaceae	Rhodospirillales	Alphaproteobacteria	Proteobacteria	Bacteria
336443	NA	NA	Rhodospirillaceae	Rhodospirillales	Alphaproteobacteria	Proteobacteria	Bacteria
136616	NA	Rhodovibrio	Rhodospirillaceae	Rhodospirillales	Alphaproteobacteria	Proteobacteria	Bacteria
356548	NA	Rhodovibrio	Rhodospirillaceae	Rhodospirillales	Alphaproteobacteria	Proteobacteria	Bacteria
323748	NA	NA	Rhodospirillaceae	Rhodospirillales	Alphaproteobacteria	Proteobacteria	Bacteria
211365	NA	NA	Rhodospirillaceae	Rhodospirillales	Alphaproteobacteria	Proteobacteria	Bacteria
176117	NA	NA	Rhodospirillaceae	Rhodospirillales	Alphaproteobacteria	Proteobacteria	Bacteria
574536	NA	NA	Rhodospirillaceae	Rhodospirillales	Alphaproteobacteria	Proteobacteria	Bacteria
222549	NA	NA	Rhodospirillaceae	Rhodospirillales	Alphaproteobacteria	Proteobacteria	Bacteria
266612	NA	NA	Rhodospirillaceae	Rhodospirillales	Alphaproteobacteria	Proteobacteria	Bacteria
267833	NA	NA	Rhodospirillaceae	Rhodospirillales	Alphaproteobacteria	Proteobacteria	Bacteria
272622	NA	NA	Rhodospirillaceae	Rhodospirillales	Alphaproteobacteria	Proteobacteria	Bacteria
549399	NA	NA	Rhodospirillaceae	Rhodospirillales	Alphaproteobacteria	Proteobacteria	Bacteria
278603	NA	NA	Rhodospirillaceae	Rhodospirillales	Alphaproteobacteria	Proteobacteria	Bacteria
319668	NA	NA	Rhodospirillaceae	Rhodospirillales	Alphaproteobacteria	Proteobacteria	Bacteria
250376	NA	NA	Rhodospirillaceae	Rhodospirillales	Alphaproteobacteria	Proteobacteria	Bacteria
554299	NA	NA	Rhodospirillaceae	Rhodospirillales	Alphaproteobacteria	Proteobacteria	Bacteria
143931	NA	Skermanella	Rhodospirillaceae	Rhodospirillales	Alphaproteobacteria	Proteobacteria	Bacteria
165020	NA	Skermanella	Rhodospirillaceae	Rhodospirillales	Alphaproteobacteria	Proteobacteria	Bacteria
58135	NA	NA	Rhodospirillaceae	Rhodospirillales	Alphaproteobacteria	Proteobacteria	Bacteria
557664	NA	NA	Rhodospirillaceae	Rhodospirillales	Alphaproteobacteria	Proteobacteria	Bacteria
236397	NA	NA	Rhodospirillaceae	Rhodospirillales	Alphaproteobacteria	Proteobacteria	Bacteria
89799	NA	NA	Rhodospirillaceae	Rhodospirillales	Alphaproteobacteria	Proteobacteria	Bacteria
341445	NA	NA	Rhodospirillaceae	Rhodospirillales	Alphaproteobacteria	Proteobacteria	Bacteria
259136	NA	NA	Rhodospirillaceae	Rhodospirillales	Alphaproteobacteria	Proteobacteria	Bacteria
542481	NA	NA	Rhodospirillaceae	Rhodospirillales	Alphaproteobacteria	Proteobacteria	Bacteria
289382	NA	NA	Rhodospirillaceae	Rhodospirillales	Alphaproteobacteria	Proteobacteria	Bacteria
152931	NA	NA	Rhodospirillaceae	Rhodospirillales	Alphaproteobacteria	Proteobacteria	Bacteria
230366	NA	NA	Rhodospirillaceae	Rhodospirillales	Alphaproteobacteria	Proteobacteria	Bacteria
234763	NA	NA	Rhodospirillaceae	Rhodospirillales	Alphaproteobacteria	Proteobacteria	Bacteria
548884	NA	NA	Rhodospirillaceae	Rhodospirillales	Alphaproteobacteria	Proteobacteria	Bacteria
256038	NA	NA	Rhodospirillaceae	Rhodospirillales	Alphaproteobacteria	Proteobacteria	Bacteria
588899	NA	NA	Rhodospirillaceae	Rhodospirillales	Alphaproteobacteria	Proteobacteria	Bacteria
249530	NA	NA	Rhodospirillaceae	Rhodospirillales	Alphaproteobacteria	Proteobacteria	Bacteria
139738	NA	NA	Rhodospirillaceae	Rhodospirillales	Alphaproteobacteria	Proteobacteria	Bacteria
275770	NA	NA	Rhodospirillaceae	Rhodospirillales	Alphaproteobacteria	Proteobacteria	Bacteria
554284	NA	Roseococcus	Acetobacteraceae	Rhodospirillales	Alphaproteobacteria	Proteobacteria	Bacteria
217968	NA	Roseomonas	Acetobacteraceae	Rhodospirillales	Alphaproteobacteria	Proteobacteria	Bacteria
319537	NA	Roseomonas	Acetobacteraceae	Rhodospirillales	Alphaproteobacteria	Proteobacteria	Bacteria
163698	NA	Roseomonas	Acetobacteraceae	Rhodospirillales	Alphaproteobacteria	Proteobacteria	Bacteria
269416	NA	Roseomonas	Acetobacteraceae	Rhodospirillales	Alphaproteobacteria	Proteobacteria	Bacteria
75079	NA	Roseomonas	Acetobacteraceae	Rhodospirillales	Alphaproteobacteria	Proteobacteria	Bacteria
459459	NA	Roseomonas	Acetobacteraceae	Rhodospirillales	Alphaproteobacteria	Proteobacteria	Bacteria
21795	NA	NA	Acetobacteraceae	Rhodospirillales	Alphaproteobacteria	Proteobacteria	Bacteria
407742	NA	NA	Acetobacteraceae	Rhodospirillales	Alphaproteobacteria	Proteobacteria	Bacteria
271221	NA	NA	Rhodospirillaceae	Rhodospirillales	Alphaproteobacteria	Proteobacteria	Bacteria
4597	NA	NA	Rhodospirillaceae	Rhodospirillales	Alphaproteobacteria	Proteobacteria	Bacteria
565674	NA	NA	Rhodospirillaceae	Rhodospirillales	Alphaproteobacteria	Proteobacteria	Bacteria
277643	NA	NA	NA	Sphingomonadales	Alphaproteobacteria	Proteobacteria	Bacteria
129759	Sphingosinicellamicrocystinivorans	Sphingosinicella	Sphingomonadaceae	Sphingomonadales	Alphaproteobacteria	Proteobacteria	Bacteria
161477	NA	NA	NA	Sphingomonadales	Alphaproteobacteria	Proteobacteria	Bacteria
240173	NA	Sphingomonas	Sphingomonadaceae	Sphingomonadales	Alphaproteobacteria	Proteobacteria	Bacteria
158370	NA	Sphingomonas	Sphingomonadaceae	Sphingomonadales	Alphaproteobacteria	Proteobacteria	Bacteria
328359	NA	Sphingomonas	Sphingomonadaceae	Sphingomonadales	Alphaproteobacteria	Proteobacteria	Bacteria
334940	NA	Sphingomonas	Sphingomonadaceae	Sphingomonadales	Alphaproteobacteria	Proteobacteria	Bacteria
319666	NA	Sphingomonas	Sphingomonadaceae	Sphingomonadales	Alphaproteobacteria	Proteobacteria	Bacteria
162721	NA	Sphingomonas	Sphingomonadaceae	Sphingomonadales	Alphaproteobacteria	Proteobacteria	Bacteria
344395	NA	Sphingomonas	Sphingomonadaceae	Sphingomonadales	Alphaproteobacteria	Proteobacteria	Bacteria
102265	NA	Sphingomonas	Sphingomonadaceae	Sphingomonadales	Alphaproteobacteria	Proteobacteria	Bacteria
367659	NA	Sphingomonas	Sphingomonadaceae	Sphingomonadales	Alphaproteobacteria	Proteobacteria	Bacteria
562526	Sphingomonasazotifigens	Sphingomonas	Sphingomonadaceae	Sphingomonadales	Alphaproteobacteria	Proteobacteria	Bacteria
560773	Sphingomonasasaccharolytica	Sphingomonas	Sphingomonadaceae	Sphingomonadales	Alphaproteobacteria	Proteobacteria	Bacteria
312453	NA	Sphingomonas	Sphingomonadaceae	Sphingomonadales	Alphaproteobacteria	Proteobacteria	Bacteria
60251	NA	Sphingomonas	Sphingomonadaceae	Sphingomonadales	Alphaproteobacteria	Proteobacteria	Bacteria
311780	NA	Sphingomonas	Sphingomonadaceae	Sphingomonadales	Alphaproteobacteria	Proteobacteria	Bacteria
133194	Sphingopyxisalaskensis	Sphingopyxis	Sphingomonadaceae	Sphingomonadales	Alphaproteobacteria	Proteobacteria	Bacteria
6320	NA	NA	Sphingomonadaceae	Sphingomonadales	Alphaproteobacteria	Proteobacteria	Bacteria
160114	NA	NA	Sphingomonadaceae	Sphingomonadales	Alphaproteobacteria	Proteobacteria	Bacteria
570614	NA	NA	Sphingomonadaceae	Sphingomonadales	Alphaproteobacteria	Proteobacteria	Bacteria
345950	NA	NA	Sphingomonadaceae	Sphingomonadales	Alphaproteobacteria	Proteobacteria	Bacteria
217733	NA	NA	Sphingomonadaceae	Sphingomonadales	Alphaproteobacteria	Proteobacteria	Bacteria
133044	NA	NA	Sphingomonadaceae	Sphingomonadales	Alphaproteobacteria	Proteobacteria	Bacteria
360253	NA	Novosphingobium	Sphingomonadaceae	Sphingomonadales	Alphaproteobacteria	Proteobacteria	Bacteria
92490	NA	Novosphingobium	Sphingomonadaceae	Sphingomonadales	Alphaproteobacteria	Proteobacteria	Bacteria
38548	NA	Novosphingobium	Sphingomonadaceae	Sphingomonadales	Alphaproteobacteria	Proteobacteria	Bacteria
224427	NA	Novosphingobium	Sphingomonadaceae	Sphingomonadales	Alphaproteobacteria	Proteobacteria	Bacteria
563756	NA	Novosphingobium	Sphingomonadaceae	Sphingomonadales	Alphaproteobacteria	Proteobacteria	Bacteria
180839	NA	Novosphingobium	Sphingomonadaceae	Sphingomonadales	Alphaproteobacteria	Proteobacteria	Bacteria
192248	NA	Novosphingobium	Sphingomonadaceae	Sphingomonadales	Alphaproteobacteria	Proteobacteria	Bacteria
164830	NA	NA	NA	Sphingomonadales	Alphaproteobacteria	Proteobacteria	Bacteria
53381	NA	Lutibacterium	Erythrobacteraceae	Sphingomonadales	Alphaproteobacteria	Proteobacteria	Bacteria
158572	NA	Lutibacterium	Erythrobacteraceae	Sphingomonadales	Alphaproteobacteria	Proteobacteria	Bacteria
354557	NA	NA	Erythrobacteraceae	Sphingomonadales	Alphaproteobacteria	Proteobacteria	Bacteria
147665	NA	NA	NA	Sphingomonadales	Alphaproteobacteria	Proteobacteria	Bacteria
352352	NA	NA	NA	Sphingomonadales	Alphaproteobacteria	Proteobacteria	Bacteria
263034	NA	NA	NA	Sphingomonadales	Alphaproteobacteria	Proteobacteria	Bacteria
249507	NA	NA	NA	Sphingomonadales	Alphaproteobacteria	Proteobacteria	Bacteria
489457	NA	NA	NA	Sphingomonadales	Alphaproteobacteria	Proteobacteria	Bacteria
200533	NA	NA	NA	Sphingomonadales	Alphaproteobacteria	Proteobacteria	Bacteria
147648	NA	NA	NA	Sphingomonadales	Alphaproteobacteria	Proteobacteria	Bacteria
352641	Sphingomonassp.SKA58	Sphingobium	Sphingomonadaceae	Sphingomonadales	Alphaproteobacteria	Proteobacteria	Bacteria
360298	NA	NA	Sphingomonadaceae	Sphingomonadales	Alphaproteobacteria	Proteobacteria	Bacteria
511844	NA	NA	Sphingomonadaceae	Sphingomonadales	Alphaproteobacteria	Proteobacteria	Bacteria
543139	Sphingomonaswittichii	Sphingomonas	Sphingomonadaceae	Sphingomonadales	Alphaproteobacteria	Proteobacteria	Bacteria
158069	Sphingomonaswittichii	Sphingomonas	Sphingomonadaceae	Sphingomonadales	Alphaproteobacteria	Proteobacteria	Bacteria
494339	Sphingomonaswittichii	Sphingomonas	Sphingomonadaceae	Sphingomonadales	Alphaproteobacteria	Proteobacteria	Bacteria
31402	Sphingomonaswittichii	Sphingomonas	Sphingomonadaceae	Sphingomonadales	Alphaproteobacteria	Proteobacteria	Bacteria
262714	NA	Kaistobacter	Sphingomonadaceae	Sphingomonadales	Alphaproteobacteria	Proteobacteria	Bacteria
203846	NA	Kaistobacter	Sphingomonadaceae	Sphingomonadales	Alphaproteobacteria	Proteobacteria	Bacteria
145518	NA	Kaistobacter	Sphingomonadaceae	Sphingomonadales	Alphaproteobacteria	Proteobacteria	Bacteria
242675	NA	Kaistobacter	Sphingomonadaceae	Sphingomonadales	Alphaproteobacteria	Proteobacteria	Bacteria
278075	NA	Zymomonas	Sphingomonadaceae	Sphingomonadales	Alphaproteobacteria	Proteobacteria	Bacteria
6365	NA	NA	NA	Sphingomonadales	Alphaproteobacteria	Proteobacteria	Bacteria
541547	NA	NA	NA	NA	Alphaproteobacteria	Proteobacteria	Bacteria
114901	NA	NA	NA	NA	Alphaproteobacteria	Proteobacteria	Bacteria
211720	NA	NA	NA	NA	Alphaproteobacteria	Proteobacteria	Bacteria
114029	NA	NA	NA	NA	Alphaproteobacteria	Proteobacteria	Bacteria
100730	NA	Kordiimonas	Kordiimonadaceae	Kordiimonadales	Alphaproteobacteria	Proteobacteria	Bacteria
277150	NA	NA	NA	NKB15	Deltaproteobacteria	Proteobacteria	Bacteria
217352	NA	NA	NA	NKB15	Deltaproteobacteria	Proteobacteria	Bacteria
255615	NA	NA	NA	NA	Deltaproteobacteria	Proteobacteria	Bacteria
594198	NA	NA	NA	NA	Deltaproteobacteria	Proteobacteria	Bacteria
239473	NA	NA	NA	NA	Deltaproteobacteria	Proteobacteria	Bacteria
590108	NA	NA	NA	NA	Deltaproteobacteria	Proteobacteria	Bacteria
266671	NA	NA	NA	NA	Deltaproteobacteria	Proteobacteria	Bacteria
151807	NA	NA	NA	NA	Deltaproteobacteria	Proteobacteria	Bacteria
509157	NA	NA	NA	NA	Deltaproteobacteria	Proteobacteria	Bacteria
547121	NA	NA	NA	NA	Deltaproteobacteria	Proteobacteria	Bacteria
441506	NA	NA	NA	NA	Deltaproteobacteria	Proteobacteria	Bacteria
572347	NA	NA	NA	NA	Deltaproteobacteria	Proteobacteria	Bacteria
590338	NA	NA	NA	NA	Deltaproteobacteria	Proteobacteria	Bacteria
583342	NA	NA	NA	NA	Deltaproteobacteria	Proteobacteria	Bacteria
219858	NA	NA	NA	NA	Deltaproteobacteria	Proteobacteria	Bacteria
553256	NA	NA	NA	NA	Deltaproteobacteria	Proteobacteria	Bacteria
534747	NA	NA	NA	NA	Deltaproteobacteria	Proteobacteria	Bacteria
154329	NA	NA	NA	NA	Deltaproteobacteria	Proteobacteria	Bacteria
149503	NA	NA	NA	NA	Deltaproteobacteria	Proteobacteria	Bacteria
232064	NA	NA	NA	NA	Deltaproteobacteria	Proteobacteria	Bacteria
265934	NA	NA	NA	NA	Deltaproteobacteria	Proteobacteria	Bacteria
10776	NA	Desulfobacca	Syntrophaceae	Syntrophobacterales	Deltaproteobacteria	Proteobacteria	Bacteria
558853	NA	Desulfobacca	Syntrophaceae	Syntrophobacterales	Deltaproteobacteria	Proteobacteria	Bacteria
536721	NA	Desulfobacca	Syntrophaceae	Syntrophobacterales	Deltaproteobacteria	Proteobacteria	Bacteria
155465	NA	Desulfobacca	Syntrophaceae	Syntrophobacterales	Deltaproteobacteria	Proteobacteria	Bacteria
513540	NA	NA	Syntrophobacteraceae	Syntrophobacterales	Deltaproteobacteria	Proteobacteria	Bacteria
560302	NA	NA	Syntrophobacteraceae	Syntrophobacterales	Deltaproteobacteria	Proteobacteria	Bacteria
165767	NA	NA	Syntrophobacteraceae	Syntrophobacterales	Deltaproteobacteria	Proteobacteria	Bacteria
219894	NA	NA	Syntrophobacteraceae	Syntrophobacterales	Deltaproteobacteria	Proteobacteria	Bacteria
578505	NA	NA	Syntrophobacteraceae	Syntrophobacterales	Deltaproteobacteria	Proteobacteria	Bacteria
262663	NA	NA	Syntrophobacteraceae	Syntrophobacterales	Deltaproteobacteria	Proteobacteria	Bacteria
571785	NA	Syntrophobacter	Syntrophobacteraceae	Syntrophobacterales	Deltaproteobacteria	Proteobacteria	Bacteria
161965	NA	Syntrophobacter	Syntrophobacteraceae	Syntrophobacterales	Deltaproteobacteria	Proteobacteria	Bacteria
77292	NA	Syntrophobacter	Syntrophobacteraceae	Syntrophobacterales	Deltaproteobacteria	Proteobacteria	Bacteria
149053	NA	Syntrophobacter	Syntrophobacteraceae	Syntrophobacterales	Deltaproteobacteria	Proteobacteria	Bacteria
543826	NA	Syntrophobacter	Syntrophobacteraceae	Syntrophobacterales	Deltaproteobacteria	Proteobacteria	Bacteria
224441	NA	Syntrophobacter	Syntrophobacteraceae	Syntrophobacterales	Deltaproteobacteria	Proteobacteria	Bacteria
10754	NA	NA	Syntrophobacteraceae	Syntrophobacterales	Deltaproteobacteria	Proteobacteria	Bacteria
552003	NA	Desulfomonile	Syntrophaceae	Syntrophobacterales	Deltaproteobacteria	Proteobacteria	Bacteria
173034	NA	NA	Syntrophaceae	Syntrophobacterales	Deltaproteobacteria	Proteobacteria	Bacteria
590543	NA	Desulfococcus	Desulfobacteraceae	Syntrophobacterales	Deltaproteobacteria	Proteobacteria	Bacteria
10865	NA	NA	Desulfobacteraceae	Syntrophobacterales	Deltaproteobacteria	Proteobacteria	Bacteria
148326	NA	NA	Desulfobacteraceae	Syntrophobacterales	Deltaproteobacteria	Proteobacteria	Bacteria
217198	NA	NA	Desulfobacteraceae	Syntrophobacterales	Deltaproteobacteria	Proteobacteria	Bacteria
561928	NA	NA	Desulfobacteraceae	Syntrophobacterales	Deltaproteobacteria	Proteobacteria	Bacteria
378495	NA	NA	Desulfobacteraceae	Syntrophobacterales	Deltaproteobacteria	Proteobacteria	Bacteria
309076	NA	NA	Desulfobacteraceae	Syntrophobacterales	Deltaproteobacteria	Proteobacteria	Bacteria
570484	NA	Desulfosarcina	Desulfobacteraceae	Syntrophobacterales	Deltaproteobacteria	Proteobacteria	Bacteria
10888	NA	Desulfosarcina	Desulfobacteraceae	Syntrophobacterales	Deltaproteobacteria	Proteobacteria	Bacteria
289889	NA	Desulfosarcina	Desulfobacteraceae	Syntrophobacterales	Deltaproteobacteria	Proteobacteria	Bacteria
583955	NA	Desulfosarcina	Desulfobacteraceae	Syntrophobacterales	Deltaproteobacteria	Proteobacteria	Bacteria
557184	NA	NA	Desulfobacteraceae	Syntrophobacterales	Deltaproteobacteria	Proteobacteria	Bacteria
163459	NA	NA	Desulfobacteraceae	Syntrophobacterales	Deltaproteobacteria	Proteobacteria	Bacteria
154663	NA	NA	Desulfobacteraceae	Syntrophobacterales	Deltaproteobacteria	Proteobacteria	Bacteria
19549	NA	NA	Desulfobacteraceae	Syntrophobacterales	Deltaproteobacteria	Proteobacteria	Bacteria
150803	NA	NA	Desulfobacteraceae	Syntrophobacterales	Deltaproteobacteria	Proteobacteria	Bacteria
109282	NA	NA	Desulfobacteraceae	Syntrophobacterales	Deltaproteobacteria	Proteobacteria	Bacteria
348411	NA	NA	Desulfobacteraceae	Syntrophobacterales	Deltaproteobacteria	Proteobacteria	Bacteria
154062	NA	NA	Desulfobacteraceae	Syntrophobacterales	Deltaproteobacteria	Proteobacteria	Bacteria
171180	NA	NA	Desulfobacteraceae	Syntrophobacterales	Deltaproteobacteria	Proteobacteria	Bacteria
568791	NA	NA	Desulfobacteraceae	Syntrophobacterales	Deltaproteobacteria	Proteobacteria	Bacteria
554116	NA	NA	Desulfobacteraceae	Syntrophobacterales	Deltaproteobacteria	Proteobacteria	Bacteria
574156	NA	NA	Desulfobacteraceae	Syntrophobacterales	Deltaproteobacteria	Proteobacteria	Bacteria
557537	NA	NA	Desulfobacteraceae	Syntrophobacterales	Deltaproteobacteria	Proteobacteria	Bacteria
192150	NA	NA	Desulfobacteraceae	Syntrophobacterales	Deltaproteobacteria	Proteobacteria	Bacteria
109278	NA	NA	Desulfobacteraceae	Syntrophobacterales	Deltaproteobacteria	Proteobacteria	Bacteria
77873	NA	NA	Desulfobacteraceae	Syntrophobacterales	Deltaproteobacteria	Proteobacteria	Bacteria
587834	NA	NA	Desulfobacteraceae	Syntrophobacterales	Deltaproteobacteria	Proteobacteria	Bacteria
578329	NA	NA	Desulfobacteraceae	Syntrophobacterales	Deltaproteobacteria	Proteobacteria	Bacteria
249656	NA	Desulfobacterium	Desulfobacteraceae	Syntrophobacterales	Deltaproteobacteria	Proteobacteria	Bacteria
543630	NA	Desulfobacterium	Desulfobacteraceae	Syntrophobacterales	Deltaproteobacteria	Proteobacteria	Bacteria
513824	NA	Desulfobacterium	Desulfobacteraceae	Syntrophobacterales	Deltaproteobacteria	Proteobacteria	Bacteria
10890	NA	Desulfobacterium	Desulfobacteraceae	Syntrophobacterales	Deltaproteobacteria	Proteobacteria	Bacteria
113166	NA	Desulfobacterium	Desulfobacteraceae	Syntrophobacterales	Deltaproteobacteria	Proteobacteria	Bacteria
591936	NA	Desulfobacterium	Desulfobacteraceae	Syntrophobacterales	Deltaproteobacteria	Proteobacteria	Bacteria
566769	NA	Desulfobacterium	Desulfobacteraceae	Syntrophobacterales	Deltaproteobacteria	Proteobacteria	Bacteria
540242	NA	Desulfobacterium	Desulfobacteraceae	Syntrophobacterales	Deltaproteobacteria	Proteobacteria	Bacteria
328502	NA	Desulfobacterium	Desulfobacteraceae	Syntrophobacterales	Deltaproteobacteria	Proteobacteria	Bacteria
339335	NA	Desulfobacterium	Desulfobacteraceae	Syntrophobacterales	Deltaproteobacteria	Proteobacteria	Bacteria
145576	NA	Desulfobacterium	Desulfobacteraceae	Syntrophobacterales	Deltaproteobacteria	Proteobacteria	Bacteria
584649	NA	Desulfobacterium	Desulfobacteraceae	Syntrophobacterales	Deltaproteobacteria	Proteobacteria	Bacteria
166759	NA	Desulfobacterium	Desulfobacteraceae	Syntrophobacterales	Deltaproteobacteria	Proteobacteria	Bacteria
113116	NA	Desulfobacterium	Desulfobacteraceae	Syntrophobacterales	Deltaproteobacteria	Proteobacteria	Bacteria
536561	NA	Desulfobacterium	Desulfobacteraceae	Syntrophobacterales	Deltaproteobacteria	Proteobacteria	Bacteria
534317	NA	Desulfobacterium	Desulfobacteraceae	Syntrophobacterales	Deltaproteobacteria	Proteobacteria	Bacteria
559617	NA	Desulfobacterium	Desulfobacteraceae	Syntrophobacterales	Deltaproteobacteria	Proteobacteria	Bacteria
537744	NA	NA	Desulfobacteraceae	Syntrophobacterales	Deltaproteobacteria	Proteobacteria	Bacteria
150612	NA	NA	Desulfobacteraceae	Syntrophobacterales	Deltaproteobacteria	Proteobacteria	Bacteria
552734	NA	NA	Desulfobacteraceae	Syntrophobacterales	Deltaproteobacteria	Proteobacteria	Bacteria
94853	NA	NA	Syntrophaceae	Syntrophobacterales	Deltaproteobacteria	Proteobacteria	Bacteria
34985	NA	NA	Syntrophaceae	Syntrophobacterales	Deltaproteobacteria	Proteobacteria	Bacteria
295289	NA	NA	Syntrophaceae	Syntrophobacterales	Deltaproteobacteria	Proteobacteria	Bacteria
284321	Syntrophussp.	Syntrophus	Syntrophaceae	Syntrophobacterales	Deltaproteobacteria	Proteobacteria	Bacteria
10860	Syntrophussp.	Syntrophus	Syntrophaceae	Syntrophobacterales	Deltaproteobacteria	Proteobacteria	Bacteria
10845	Syntrophussp.	Syntrophus	Syntrophaceae	Syntrophobacterales	Deltaproteobacteria	Proteobacteria	Bacteria
151169	Syntrophussp.	Syntrophus	Syntrophaceae	Syntrophobacterales	Deltaproteobacteria	Proteobacteria	Bacteria
261781	Syntrophussp.	Syntrophus	Syntrophaceae	Syntrophobacterales	Deltaproteobacteria	Proteobacteria	Bacteria
10858	Syntrophussp.	Syntrophus	Syntrophaceae	Syntrophobacterales	Deltaproteobacteria	Proteobacteria	Bacteria
271079	NA	Syntrophus	Syntrophaceae	Syntrophobacterales	Deltaproteobacteria	Proteobacteria	Bacteria
269237	NA	NA	Syntrophaceae	Syntrophobacterales	Deltaproteobacteria	Proteobacteria	Bacteria
587689	NA	NA	Syntrophaceae	Syntrophobacterales	Deltaproteobacteria	Proteobacteria	Bacteria
133542	NA	NA	Syntrophaceae	Syntrophobacterales	Deltaproteobacteria	Proteobacteria	Bacteria
586738	NA	NA	Syntrophaceae	Syntrophobacterales	Deltaproteobacteria	Proteobacteria	Bacteria
203169	NA	NA	Syntrophaceae	Syntrophobacterales	Deltaproteobacteria	Proteobacteria	Bacteria
534010	NA	NA	Syntrophaceae	Syntrophobacterales	Deltaproteobacteria	Proteobacteria	Bacteria
162776	NA	NA	Syntrophaceae	Syntrophobacterales	Deltaproteobacteria	Proteobacteria	Bacteria
546745	NA	NA	Syntrophaceae	Syntrophobacterales	Deltaproteobacteria	Proteobacteria	Bacteria
282165	NA	NA	Syntrophaceae	Syntrophobacterales	Deltaproteobacteria	Proteobacteria	Bacteria
102521	NA	NA	Syntrophaceae	Syntrophobacterales	Deltaproteobacteria	Proteobacteria	Bacteria
269542	NA	NA	NA	Syntrophobacterales	Deltaproteobacteria	Proteobacteria	Bacteria
280179	NA	NA	NA	Syntrophobacterales	Deltaproteobacteria	Proteobacteria	Bacteria
145398	NA	NA	NA	Syntrophobacterales	Deltaproteobacteria	Proteobacteria	Bacteria
56266	NA	NA	NA	Syntrophobacterales	Deltaproteobacteria	Proteobacteria	Bacteria
589224	NA	NA	Desulfobulbaceae	Desulfobacterales	Deltaproteobacteria	Proteobacteria	Bacteria
154397	NA	NA	Desulfobulbaceae	Desulfobacterales	Deltaproteobacteria	Proteobacteria	Bacteria
279049	NA	NA	Desulfobulbaceae	Desulfobacterales	Deltaproteobacteria	Proteobacteria	Bacteria
112173	NA	NA	Desulfobulbaceae	Desulfobacterales	Deltaproteobacteria	Proteobacteria	Bacteria
278071	NA	NA	Desulfobulbaceae	Desulfobacterales	Deltaproteobacteria	Proteobacteria	Bacteria
102062	NA	NA	Desulfobulbaceae	Desulfobacterales	Deltaproteobacteria	Proteobacteria	Bacteria
334143	NA	NA	Desulfobulbaceae	Desulfobacterales	Deltaproteobacteria	Proteobacteria	Bacteria
105497	NA	Desulfobulbus	Desulfobulbaceae	Desulfobacterales	Deltaproteobacteria	Proteobacteria	Bacteria
142768	NA	Desulfobulbus	Desulfobulbaceae	Desulfobacterales	Deltaproteobacteria	Proteobacteria	Bacteria
72613	NA	NA	Desulfobulbaceae	Desulfobacterales	Deltaproteobacteria	Proteobacteria	Bacteria
162310	NA	NA	Desulfobulbaceae	Desulfobacterales	Deltaproteobacteria	Proteobacteria	Bacteria
141610	NA	NA	Desulfobulbaceae	Desulfobacterales	Deltaproteobacteria	Proteobacteria	Bacteria
583279	NA	Desulfocapsa	Desulfobulbaceae	Desulfobacterales	Deltaproteobacteria	Proteobacteria	Bacteria
319044	NA	NA	Desulfobulbaceae	Desulfobacterales	Deltaproteobacteria	Proteobacteria	Bacteria
25548	NA	NA	Desulfobulbaceae	Desulfobacterales	Deltaproteobacteria	Proteobacteria	Bacteria
87194	NA	NA	Desulfobulbaceae	Desulfobacterales	Deltaproteobacteria	Proteobacteria	Bacteria
109273	NA	NA	Desulfobulbaceae	Desulfobacterales	Deltaproteobacteria	Proteobacteria	Bacteria
109272	NA	NA	Desulfobulbaceae	Desulfobacterales	Deltaproteobacteria	Proteobacteria	Bacteria
307864	NA	NA	Desulfobulbaceae	Desulfobacterales	Deltaproteobacteria	Proteobacteria	Bacteria
245906	NA	NA	Desulfobulbaceae	Desulfobacterales	Deltaproteobacteria	Proteobacteria	Bacteria
100033	NA	NA	Desulfobulbaceae	Desulfobacterales	Deltaproteobacteria	Proteobacteria	Bacteria
509769	NA	NA	Desulfobulbaceae	Desulfobacterales	Deltaproteobacteria	Proteobacteria	Bacteria
223812	NA	NA	Desulfobulbaceae	Desulfobacterales	Deltaproteobacteria	Proteobacteria	Bacteria
184429	NA	NA	Desulfobulbaceae	Desulfobacterales	Deltaproteobacteria	Proteobacteria	Bacteria
567464	NA	NA	Desulfobulbaceae	Desulfobacterales	Deltaproteobacteria	Proteobacteria	Bacteria
309672	NA	NA	Desulfobulbaceae	Desulfobacterales	Deltaproteobacteria	Proteobacteria	Bacteria
549531	NA	Desulforhopalus	Desulfobulbaceae	Desulfobacterales	Deltaproteobacteria	Proteobacteria	Bacteria
590689	NA	Desulforhopalus	Desulfobulbaceae	Desulfobacterales	Deltaproteobacteria	Proteobacteria	Bacteria
581436	NA	NA	Desulfobulbaceae	Desulfobacterales	Deltaproteobacteria	Proteobacteria	Bacteria
308423	NA	NA	Desulfobulbaceae	Desulfobacterales	Deltaproteobacteria	Proteobacteria	Bacteria
82114	NA	NA	Desulfobulbaceae	Desulfobacterales	Deltaproteobacteria	Proteobacteria	Bacteria
131172	NA	NA	Desulfobulbaceae	Desulfobacterales	Deltaproteobacteria	Proteobacteria	Bacteria
169282	NA	NA	Desulfobulbaceae	Desulfobacterales	Deltaproteobacteria	Proteobacteria	Bacteria
561836	NA	NA	Desulfobulbaceae	Desulfobacterales	Deltaproteobacteria	Proteobacteria	Bacteria
346330	NA	NA	Desulfobulbaceae	Desulfobacterales	Deltaproteobacteria	Proteobacteria	Bacteria
548857	NA	NA	Desulfobulbaceae	Desulfobacterales	Deltaproteobacteria	Proteobacteria	Bacteria
166413	NA	NA	Desulfobulbaceae	Desulfobacterales	Deltaproteobacteria	Proteobacteria	Bacteria
532903	NA	NA	NA	Desulfobacterales	Deltaproteobacteria	Proteobacteria	Bacteria
546717	NA	NA	NA	Desulfobacterales	Deltaproteobacteria	Proteobacteria	Bacteria
184957	NA	NA	NA	Desulfobacterales	Deltaproteobacteria	Proteobacteria	Bacteria
593701	NA	NA	NA	Desulfobacterales	Deltaproteobacteria	Proteobacteria	Bacteria
512958	NA	NA	NA	Desulfobacterales	Deltaproteobacteria	Proteobacteria	Bacteria
81732	NA	NA	NA	Desulfobacterales	Deltaproteobacteria	Proteobacteria	Bacteria
66925	NA	NA	NA	Desulfobacterales	Deltaproteobacteria	Proteobacteria	Bacteria
131091	NA	NA	NA	Desulfobacterales	Deltaproteobacteria	Proteobacteria	Bacteria
143834	NA	NA	Syntrophorhabdaceae	NA	Deltaproteobacteria	Proteobacteria	Bacteria
554930	NA	NA	Syntrophorhabdaceae	NA	Deltaproteobacteria	Proteobacteria	Bacteria
569150	NA	NA	Syntrophorhabdaceae	NA	Deltaproteobacteria	Proteobacteria	Bacteria
63254	NA	NA	Syntrophorhabdaceae	NA	Deltaproteobacteria	Proteobacteria	Bacteria
29387	NA	NA	Syntrophorhabdaceae	NA	Deltaproteobacteria	Proteobacteria	Bacteria
34143	NA	NA	Syntrophorhabdaceae	NA	Deltaproteobacteria	Proteobacteria	Bacteria
590259	NA	NA	Syntrophorhabdaceae	NA	Deltaproteobacteria	Proteobacteria	Bacteria
263319	NA	NA	Syntrophorhabdaceae	NA	Deltaproteobacteria	Proteobacteria	Bacteria
180225	NA	NA	Syntrophorhabdaceae	NA	Deltaproteobacteria	Proteobacteria	Bacteria
569641	NA	NA	Syntrophorhabdaceae	NA	Deltaproteobacteria	Proteobacteria	Bacteria
49295	Bdellovibriobacteriovorus	Bdellovibrio	Bdellovibrionaceae	Bdellovibrionales	Deltaproteobacteria	Proteobacteria	Bacteria
105561	NA	Bdellovibrio	Bdellovibrionaceae	Bdellovibrionales	Deltaproteobacteria	Proteobacteria	Bacteria
137132	NA	Bdellovibrio	Bdellovibrionaceae	Bdellovibrionales	Deltaproteobacteria	Proteobacteria	Bacteria
328281	NA	NA	NA	NA	Deltaproteobacteria	Proteobacteria	Bacteria
233140	NA	NA	NA	NA	Deltaproteobacteria	Proteobacteria	Bacteria
155720	NA	NA	NA	NA	Deltaproteobacteria	Proteobacteria	Bacteria
553766	NA	NA	NA	NA	Deltaproteobacteria	Proteobacteria	Bacteria
577706	NA	NA	NA	NA	Deltaproteobacteria	Proteobacteria	Bacteria
198258	NA	NA	NA	NA	Deltaproteobacteria	Proteobacteria	Bacteria
229528	NA	NA	NA	NA	Deltaproteobacteria	Proteobacteria	Bacteria
589130	NA	NA	NA	NA	Deltaproteobacteria	Proteobacteria	Bacteria
10690	NA	NA	NA	NA	Deltaproteobacteria	Proteobacteria	Bacteria
275503	NA	NA	NA	NA	Deltaproteobacteria	Proteobacteria	Bacteria
274122	NA	NA	NA	NA	Deltaproteobacteria	Proteobacteria	Bacteria
10661	NA	NA	NA	NA	Deltaproteobacteria	Proteobacteria	Bacteria
275844	NA	NA	NA	NA	Deltaproteobacteria	Proteobacteria	Bacteria
218005	NA	NA	Bacteriovoracaceae	Bdellovibrionales	Deltaproteobacteria	Proteobacteria	Bacteria
277698	NA	Bacteriovorax	Bacteriovoracaceae	Bdellovibrionales	Deltaproteobacteria	Proteobacteria	Bacteria
239066	NA	NA	Bacteriovoracaceae	Bdellovibrionales	Deltaproteobacteria	Proteobacteria	Bacteria
246382	NA	NA	NA	MIZ46	Deltaproteobacteria	Proteobacteria	Bacteria
119236	NA	NA	NA	MIZ46	Deltaproteobacteria	Proteobacteria	Bacteria
246321	NA	NA	NA	MIZ46	Deltaproteobacteria	Proteobacteria	Bacteria
381777	NA	NA	Syntrophobacteraceae	Syntrophobacterales	Deltaproteobacteria	Proteobacteria	Bacteria
565064	NA	NA	Syntrophobacteraceae	Syntrophobacterales	Deltaproteobacteria	Proteobacteria	Bacteria
346925	NA	NA	Syntrophobacteraceae	Syntrophobacterales	Deltaproteobacteria	Proteobacteria	Bacteria
535437	NA	NA	Syntrophobacteraceae	Syntrophobacterales	Deltaproteobacteria	Proteobacteria	Bacteria
276445	NA	NA	Syntrophobacteraceae	Syntrophobacterales	Deltaproteobacteria	Proteobacteria	Bacteria
540681	NA	NA	Syntrophobacteraceae	Syntrophobacterales	Deltaproteobacteria	Proteobacteria	Bacteria
192369	NA	NA	Syntrophobacteraceae	Syntrophobacterales	Deltaproteobacteria	Proteobacteria	Bacteria
60598	NA	NA	Syntrophobacteraceae	Syntrophobacterales	Deltaproteobacteria	Proteobacteria	Bacteria
535087	NA	NA	Syntrophobacteraceae	Syntrophobacterales	Deltaproteobacteria	Proteobacteria	Bacteria
581516	NA	NA	Syntrophobacteraceae	Syntrophobacterales	Deltaproteobacteria	Proteobacteria	Bacteria
308535	NA	NA	Syntrophobacteraceae	Syntrophobacterales	Deltaproteobacteria	Proteobacteria	Bacteria
546729	NA	NA	Syntrophobacteraceae	Syntrophobacterales	Deltaproteobacteria	Proteobacteria	Bacteria
344633	NA	NA	NA	NB1-j	Deltaproteobacteria	Proteobacteria	Bacteria
565517	NA	NA	JTB38	NB1-j	Deltaproteobacteria	Proteobacteria	Bacteria
537008	NA	NA	JTB38	NB1-j	Deltaproteobacteria	Proteobacteria	Bacteria
570102	NA	NA	JTB38	NB1-j	Deltaproteobacteria	Proteobacteria	Bacteria
268705	NA	NA	JTB38	NB1-j	Deltaproteobacteria	Proteobacteria	Bacteria
111722	NA	NA	JTB38	NB1-j	Deltaproteobacteria	Proteobacteria	Bacteria
178175	NA	NA	JTB38	NB1-j	Deltaproteobacteria	Proteobacteria	Bacteria
562069	NA	NA	NA	NB1-j	Deltaproteobacteria	Proteobacteria	Bacteria
325961	NA	NA	NB1-i	NB1-j	Deltaproteobacteria	Proteobacteria	Bacteria
195498	NA	NA	NA	Myxococcales	Deltaproteobacteria	Proteobacteria	Bacteria
274528	NA	NA	NA	Myxococcales	Deltaproteobacteria	Proteobacteria	Bacteria
225442	NA	NA	NA	Myxococcales	Deltaproteobacteria	Proteobacteria	Bacteria
254949	NA	NA	NA	Myxococcales	Deltaproteobacteria	Proteobacteria	Bacteria
254628	NA	NA	NA	Myxococcales	Deltaproteobacteria	Proteobacteria	Bacteria
75196	NA	NA	NA	Myxococcales	Deltaproteobacteria	Proteobacteria	Bacteria
560806	NA	NA	NA	Myxococcales	Deltaproteobacteria	Proteobacteria	Bacteria
237963	NA	NA	NA	Myxococcales	Deltaproteobacteria	Proteobacteria	Bacteria
554552	NA	NA	NA	Myxococcales	Deltaproteobacteria	Proteobacteria	Bacteria
539276	NA	NA	NA	Myxococcales	Deltaproteobacteria	Proteobacteria	Bacteria
218567	NA	NA	NA	Myxococcales	Deltaproteobacteria	Proteobacteria	Bacteria
113261	NA	NA	NA	Myxococcales	Deltaproteobacteria	Proteobacteria	Bacteria
562536	NA	NA	NA	Myxococcales	Deltaproteobacteria	Proteobacteria	Bacteria
156870	NA	NA	NA	Myxococcales	Deltaproteobacteria	Proteobacteria	Bacteria
586966	NA	NA	NA	Myxococcales	Deltaproteobacteria	Proteobacteria	Bacteria
251592	NA	NA	NA	Myxococcales	Deltaproteobacteria	Proteobacteria	Bacteria
565643	NA	NA	NA	Myxococcales	Deltaproteobacteria	Proteobacteria	Bacteria
539496	NA	NA	NA	Myxococcales	Deltaproteobacteria	Proteobacteria	Bacteria
362520	NA	Chondromyces	Polyangiaceae	Myxococcales	Deltaproteobacteria	Proteobacteria	Bacteria
347524	NA	NA	Polyangiaceae	Myxococcales	Deltaproteobacteria	Proteobacteria	Bacteria
108677	NA	NA	Polyangiaceae	Myxococcales	Deltaproteobacteria	Proteobacteria	Bacteria
222900	NA	NA	Polyangiaceae	Myxococcales	Deltaproteobacteria	Proteobacteria	Bacteria
542445	NA	NA	NA	Myxococcales	Deltaproteobacteria	Proteobacteria	Bacteria
522005	NA	NA	NA	Myxococcales	Deltaproteobacteria	Proteobacteria	Bacteria
546642	NA	NA	Haliangiaceae	Myxococcales	Deltaproteobacteria	Proteobacteria	Bacteria
236312	NA	NA	Haliangiaceae	Myxococcales	Deltaproteobacteria	Proteobacteria	Bacteria
279253	NA	NA	Haliangiaceae	Myxococcales	Deltaproteobacteria	Proteobacteria	Bacteria
332464	NA	NA	Haliangiaceae	Myxococcales	Deltaproteobacteria	Proteobacteria	Bacteria
278622	NA	NA	Haliangiaceae	Myxococcales	Deltaproteobacteria	Proteobacteria	Bacteria
565375	NA	NA	Haliangiaceae	Myxococcales	Deltaproteobacteria	Proteobacteria	Bacteria
207878	NA	NA	Haliangiaceae	Myxococcales	Deltaproteobacteria	Proteobacteria	Bacteria
136119	NA	NA	NA	Myxococcales	Deltaproteobacteria	Proteobacteria	Bacteria
130774	NA	Anaeromyxobacter	Myxococcaceae	Myxococcales	Deltaproteobacteria	Proteobacteria	Bacteria
582110	NA	Anaeromyxobacter	Myxococcaceae	Myxococcales	Deltaproteobacteria	Proteobacteria	Bacteria
234490	NA	Anaeromyxobacter	Myxococcaceae	Myxococcales	Deltaproteobacteria	Proteobacteria	Bacteria
242301	NA	Anaeromyxobacter	Myxococcaceae	Myxococcales	Deltaproteobacteria	Proteobacteria	Bacteria
532843	NA	Anaeromyxobacter	Myxococcaceae	Myxococcales	Deltaproteobacteria	Proteobacteria	Bacteria
177418	Anaeromyxobactersp.Fw109-5	Anaeromyxobacter	Myxococcaceae	Myxococcales	Deltaproteobacteria	Proteobacteria	Bacteria
169586	NA	Anaeromyxobacter	Myxococcaceae	Myxococcales	Deltaproteobacteria	Proteobacteria	Bacteria
133876	NA	Stigmatella	Cystobacteraceae	Myxococcales	Deltaproteobacteria	Proteobacteria	Bacteria
584276	NA	NA	NA	Myxococcales	Deltaproteobacteria	Proteobacteria	Bacteria
236994	NA	NA	NA	Myxococcales	Deltaproteobacteria	Proteobacteria	Bacteria
141394	NA	NA	NA	Myxococcales	Deltaproteobacteria	Proteobacteria	Bacteria
237842	NA	NA	NA	Myxococcales	Deltaproteobacteria	Proteobacteria	Bacteria
143335	NA	Geobacter	Geobacteraceae	Desulfuromonadales	Deltaproteobacteria	Proteobacteria	Bacteria
244045	NA	Geobacter	Geobacteraceae	Desulfuromonadales	Deltaproteobacteria	Proteobacteria	Bacteria
146553	NA	Geobacter	Geobacteraceae	Desulfuromonadales	Deltaproteobacteria	Proteobacteria	Bacteria
259279	NA	Geobacter	Geobacteraceae	Desulfuromonadales	Deltaproteobacteria	Proteobacteria	Bacteria
591167	NA	Geobacter	Geobacteraceae	Desulfuromonadales	Deltaproteobacteria	Proteobacteria	Bacteria
582001	NA	Geobacter	Geobacteraceae	Desulfuromonadales	Deltaproteobacteria	Proteobacteria	Bacteria
104157	NA	Geobacter	Geobacteraceae	Desulfuromonadales	Deltaproteobacteria	Proteobacteria	Bacteria
527719	NA	Geobacter	Geobacteraceae	Desulfuromonadales	Deltaproteobacteria	Proteobacteria	Bacteria
571587	NA	Geobacter	Geobacteraceae	Desulfuromonadales	Deltaproteobacteria	Proteobacteria	Bacteria
326474	NA	Geobacter	Geobacteraceae	Desulfuromonadales	Deltaproteobacteria	Proteobacteria	Bacteria
141399	NA	Geobacter	Geobacteraceae	Desulfuromonadales	Deltaproteobacteria	Proteobacteria	Bacteria
109573	NA	Geobacter	Geobacteraceae	Desulfuromonadales	Deltaproteobacteria	Proteobacteria	Bacteria
202514	NA	Geobacter	Geobacteraceae	Desulfuromonadales	Deltaproteobacteria	Proteobacteria	Bacteria
242051	NA	Geobacter	Geobacteraceae	Desulfuromonadales	Deltaproteobacteria	Proteobacteria	Bacteria
160740	NA	Geobacter	Geobacteraceae	Desulfuromonadales	Deltaproteobacteria	Proteobacteria	Bacteria
509640	NA	Geobacter	Geobacteraceae	Desulfuromonadales	Deltaproteobacteria	Proteobacteria	Bacteria
10719	NA	Geobacter	Geobacteraceae	Desulfuromonadales	Deltaproteobacteria	Proteobacteria	Bacteria
541076	NA	Geobacter	Geobacteraceae	Desulfuromonadales	Deltaproteobacteria	Proteobacteria	Bacteria
149523	NA	Geobacter	Geobacteraceae	Desulfuromonadales	Deltaproteobacteria	Proteobacteria	Bacteria
163641	NA	Geobacter	Geobacteraceae	Desulfuromonadales	Deltaproteobacteria	Proteobacteria	Bacteria
142841	NA	Geobacter	Geobacteraceae	Desulfuromonadales	Deltaproteobacteria	Proteobacteria	Bacteria
229376	NA	Geobacter	Geobacteraceae	Desulfuromonadales	Deltaproteobacteria	Proteobacteria	Bacteria
10733	NA	Geobacter	Geobacteraceae	Desulfuromonadales	Deltaproteobacteria	Proteobacteria	Bacteria
90570	NA	Geobacter	Geobacteraceae	Desulfuromonadales	Deltaproteobacteria	Proteobacteria	Bacteria
239296	NA	Geobacter	Geobacteraceae	Desulfuromonadales	Deltaproteobacteria	Proteobacteria	Bacteria
132337	Geobactermetallireducens	Geobacter	Geobacteraceae	Desulfuromonadales	Deltaproteobacteria	Proteobacteria	Bacteria
141881	NA	NA	Geobacteraceae	Desulfuromonadales	Deltaproteobacteria	Proteobacteria	Bacteria
549687	NA	NA	Geobacteraceae	Desulfuromonadales	Deltaproteobacteria	Proteobacteria	Bacteria
140482	Pelobactercarbinolicus	Pelobacter	Pelobacteraceae	Desulfuromonadales	Deltaproteobacteria	Proteobacteria	Bacteria
41059	NA	Pelobacter	Pelobacteraceae	Desulfuromonadales	Deltaproteobacteria	Proteobacteria	Bacteria
103899	NA	Pelobacter	Pelobacteraceae	Desulfuromonadales	Deltaproteobacteria	Proteobacteria	Bacteria
525862	NA	Desulfuromonas	Desulfuromonadaceae	Desulfuromonadales	Deltaproteobacteria	Proteobacteria	Bacteria
210461	NA	Desulfuromonas	Desulfuromonadaceae	Desulfuromonadales	Deltaproteobacteria	Proteobacteria	Bacteria
554911	NA	NA	NA	Desulfuromonadales	Deltaproteobacteria	Proteobacteria	Bacteria
509809	NA	NA	NA	Desulfuromonadales	Deltaproteobacteria	Proteobacteria	Bacteria
263005	NA	NA	NA	Desulfuromonadales	Deltaproteobacteria	Proteobacteria	Bacteria
10662	NA	NA	NA	Desulfuromonadales	Deltaproteobacteria	Proteobacteria	Bacteria
568378	NA	NA	Desulfuromonadaceae	Desulfuromonadales	Deltaproteobacteria	Proteobacteria	Bacteria
559852	NA	NA	Desulfuromonadaceae	Desulfuromonadales	Deltaproteobacteria	Proteobacteria	Bacteria
511753	NA	NA	Desulfuromonadaceae	Desulfuromonadales	Deltaproteobacteria	Proteobacteria	Bacteria
449515	NA	NA	Desulfuromonadaceae	Desulfuromonadales	Deltaproteobacteria	Proteobacteria	Bacteria
108675	NA	NA	Desulfuromonadaceae	Desulfuromonadales	Deltaproteobacteria	Proteobacteria	Bacteria
237074	NA	NA	Desulfuromonadaceae	Desulfuromonadales	Deltaproteobacteria	Proteobacteria	Bacteria
286079	NA	NA	Desulfuromonadaceae	Desulfuromonadales	Deltaproteobacteria	Proteobacteria	Bacteria
10658	NA	NA	Desulfuromonadaceae	Desulfuromonadales	Deltaproteobacteria	Proteobacteria	Bacteria
10686	NA	NA	Desulfuromonadaceae	Desulfuromonadales	Deltaproteobacteria	Proteobacteria	Bacteria
110229	NA	NA	Desulfuromonadaceae	Desulfuromonadales	Deltaproteobacteria	Proteobacteria	Bacteria
78716	NA	NA	Desulfuromonadaceae	Desulfuromonadales	Deltaproteobacteria	Proteobacteria	Bacteria
136482	NA	NA	NA	NA	Deltaproteobacteria	Proteobacteria	Bacteria
234098	NA	NA	NA	NA	Deltaproteobacteria	Proteobacteria	Bacteria
225464	NA	NA	NA	NA	RB384	GOUTA4	Bacteria
325820	NA	NA	NA	GN09	TG3-1	TG3	Bacteria
91023	NA	NA	NA	ZB1	Ignavibacteria	Chlorobi	Bacteria
240724	NA	Ignavibacterium	Ignavibacteriaceae	Ignavibacteriales	Ignavibacteria	Chlorobi	Bacteria
213866	NA	NA	Ignavibacteriaceae	Ignavibacteriales	Ignavibacteria	Chlorobi	Bacteria
337082	NA	NA	Ignavibacteriaceae	Ignavibacteriales	Ignavibacteria	Chlorobi	Bacteria
363429	NA	NA	Ignavibacteriaceae	Ignavibacteriales	Ignavibacteria	Chlorobi	Bacteria
258229	NA	NA	NA	NA	SM1B09	Chlorobi	Bacteria
141738	NA	NA	NA	NA	SJA-28	Chlorobi	Bacteria
60815	NA	NA	NA	NA	SJA-28	Chlorobi	Bacteria
241447	NA	NA	NA	NA	SJA-28	Chlorobi	Bacteria
222624	NA	NA	NA	NA	SJA-28	Chlorobi	Bacteria
217881	NA	NA	NA	NA	SJA-28	Chlorobi	Bacteria
152291	NA	NA	NA	NA	SJA-28	Chlorobi	Bacteria
360408	NA	NA	NA	NA	SJA-28	Chlorobi	Bacteria
586390	NA	NA	NA	NA	SJA-28	Chlorobi	Bacteria
114547	NA	NA	NA	NA	SJA-28	Chlorobi	Bacteria
152302	NA	NA	NA	NA	BSV19	Chlorobi	Bacteria
408758	NA	NA	NA	NA	BSV19	Chlorobi	Bacteria
569201	NA	NA	NA	NA	BSV19	Chlorobi	Bacteria
196940	NA	NA	NA	NA	BSV19	Chlorobi	Bacteria
172221	NA	NA	NA	NA	BSV19	Chlorobi	Bacteria
145701	NA	NA	NA	NA	BSV19	Chlorobi	Bacteria
230544	NA	NA	NA	NA	BSV19	Chlorobi	Bacteria
565618	NA	NA	NA	NA	BSV19	Chlorobi	Bacteria
170662	NA	NA	NA	NA	BSV19	Chlorobi	Bacteria
149135	NA	NA	NA	NA	BSV19	Chlorobi	Bacteria
554198	NA	NA	NA	NA	BSV19	Chlorobi	Bacteria
561793	NA	NA	NA	NA	BSV19	Chlorobi	Bacteria
578382	NA	NA	NA	NA	BSV19	Chlorobi	Bacteria
554668	NA	Balneola	Balneolaceae	Sphingobacteriales	Sphingobacteria	Bacteroidetes	Bacteria
320231	NA	NA	NA	NA	Flavobacteria	Bacteroidetes	Bacteria
525955	NA	NA	NA	NA	Flavobacteria	Bacteroidetes	Bacteria
101215	NA	NA	NA	NA	Flavobacteria	Bacteroidetes	Bacteria
190481	NA	NA	NA	NA	Flavobacteria	Bacteroidetes	Bacteria
342087	NA	NA	NA	NA	Flavobacteria	Bacteroidetes	Bacteria
66632	NA	NA	NA	NA	Flavobacteria	Bacteroidetes	Bacteria
573049	NA	NA	NA	NA	Flavobacteria	Bacteroidetes	Bacteria
230500	NA	NA	NA	NA	Flavobacteria	Bacteroidetes	Bacteria
172515	NA	NA	NA	NA	Flavobacteria	Bacteroidetes	Bacteria
576998	NA	NA	NA	NA	Flavobacteria	Bacteroidetes	Bacteria
578477	NA	NA	NA	NA	Flavobacteria	Bacteroidetes	Bacteria
227744	NA	NA	NA	NA	Flavobacteria	Bacteroidetes	Bacteria
590041	NA	NA	NA	NA	Flavobacteria	Bacteroidetes	Bacteria
141750	NA	NA	NA	NA	Flavobacteria	Bacteroidetes	Bacteria
575472	NA	NA	NA	NA	Flavobacteria	Bacteroidetes	Bacteria
248998	NA	NA	NA	NA	Flavobacteria	Bacteroidetes	Bacteria
561016	NA	NA	NA	NA	Flavobacteria	Bacteroidetes	Bacteria
542989	NA	NA	NA	NA	Flavobacteria	Bacteroidetes	Bacteria
450857	NA	NA	NA	NA	Flavobacteria	Bacteroidetes	Bacteria
356497	NA	NA	NA	NA	Flavobacteria	Bacteroidetes	Bacteria
575686	NA	NA	NA	NA	Flavobacteria	Bacteroidetes	Bacteria
339261	NA	NA	NA	NA	Flavobacteria	Bacteroidetes	Bacteria
100077	NA	NA	NA	NA	Flavobacteria	Bacteroidetes	Bacteria
254573	NA	NA	NA	NA	Flavobacteria	Bacteroidetes	Bacteria
511108	NA	NA	NA	NA	Flavobacteria	Bacteroidetes	Bacteria
252859	NA	NA	NA	NA	Flavobacteria	Bacteroidetes	Bacteria
562142	NA	NA	NA	NA	Flavobacteria	Bacteroidetes	Bacteria
541389	NA	NA	NA	NA	Flavobacteria	Bacteroidetes	Bacteria
104489	NA	NA	NA	NA	Flavobacteria	Bacteroidetes	Bacteria
103421	NA	NA	NA	NA	Flavobacteria	Bacteroidetes	Bacteria
545820	NA	NA	NA	NA	Flavobacteria	Bacteroidetes	Bacteria
232667	NA	NA	NA	NA	Flavobacteria	Bacteroidetes	Bacteria
150756	NA	NA	NA	NA	Flavobacteria	Bacteroidetes	Bacteria
230882	NA	NA	NA	NA	Flavobacteria	Bacteroidetes	Bacteria
560419	NA	NA	NA	NA	Flavobacteria	Bacteroidetes	Bacteria
591187	NA	NA	NA	NA	Flavobacteria	Bacteroidetes	Bacteria
246595	NA	NA	NA	NA	Flavobacteria	Bacteroidetes	Bacteria
548838	NA	NA	NA	NA	Flavobacteria	Bacteroidetes	Bacteria
136894	NA	NA	NA	NA	Flavobacteria	Bacteroidetes	Bacteria
233682	NA	NA	NA	NA	Flavobacteria	Bacteroidetes	Bacteria
286813	NA	NA	Flavobacteriaceae	Flavobacteriales	Flavobacteria	Bacteroidetes	Bacteria
249994	NA	NA	Flavobacteriaceae	Flavobacteriales	Flavobacteria	Bacteroidetes	Bacteria
330803	NA	NA	Flavobacteriaceae	Flavobacteriales	Flavobacteria	Bacteroidetes	Bacteria
233328	NA	NA	Flavobacteriaceae	Flavobacteriales	Flavobacteria	Bacteroidetes	Bacteria
68987	NA	NA	Flavobacteriaceae	Flavobacteriales	Flavobacteria	Bacteroidetes	Bacteria
105331	NA	NA	Flavobacteriaceae	Flavobacteriales	Flavobacteria	Bacteroidetes	Bacteria
230145	NA	NA	Flavobacteriaceae	Flavobacteriales	Flavobacteria	Bacteroidetes	Bacteria
551808	NA	NA	Flavobacteriaceae	Flavobacteriales	Flavobacteria	Bacteroidetes	Bacteria
188334	NA	NA	Flavobacteriaceae	Flavobacteriales	Flavobacteria	Bacteroidetes	Bacteria
230843	NA	NA	Flavobacteriaceae	Flavobacteriales	Flavobacteria	Bacteroidetes	Bacteria
348941	NA	NA	Flavobacteriaceae	Flavobacteriales	Flavobacteria	Bacteroidetes	Bacteria
228170	NA	NA	Flavobacteriaceae	Flavobacteriales	Flavobacteria	Bacteroidetes	Bacteria
171189	NA	NA	Flavobacteriaceae	Flavobacteriales	Flavobacteria	Bacteroidetes	Bacteria
341072	NA	NA	Flavobacteriaceae	Flavobacteriales	Flavobacteria	Bacteroidetes	Bacteria
170720	NA	NA	Flavobacteriaceae	Flavobacteriales	Flavobacteria	Bacteroidetes	Bacteria
343127	NA	NA	Flavobacteriaceae	Flavobacteriales	Flavobacteria	Bacteroidetes	Bacteria
585343	NA	NA	Flavobacteriaceae	Flavobacteriales	Flavobacteria	Bacteroidetes	Bacteria
118817	NA	NA	Flavobacteriaceae	Flavobacteriales	Flavobacteria	Bacteroidetes	Bacteria
334598	NA	NA	Flavobacteriaceae	Flavobacteriales	Flavobacteria	Bacteroidetes	Bacteria
61189	NA	NA	Flavobacteriaceae	Flavobacteriales	Flavobacteria	Bacteroidetes	Bacteria
319928	NA	NA	Flavobacteriaceae	Flavobacteriales	Flavobacteria	Bacteroidetes	Bacteria
234071	NA	NA	Flavobacteriaceae	Flavobacteriales	Flavobacteria	Bacteroidetes	Bacteria
573052	NA	NA	Flavobacteriaceae	Flavobacteriales	Flavobacteria	Bacteroidetes	Bacteria
548700	NA	NA	Flavobacteriaceae	Flavobacteriales	Flavobacteria	Bacteroidetes	Bacteria
501319	NA	Capnocytophaga	Flavobacteriaceae	Flavobacteriales	Flavobacteria	Bacteroidetes	Bacteria
2375	NA	Capnocytophaga	Flavobacteriaceae	Flavobacteriales	Flavobacteria	Bacteroidetes	Bacteria
428237	NA	Capnocytophaga	Flavobacteriaceae	Flavobacteriales	Flavobacteria	Bacteroidetes	Bacteria
125969	Capnocytophagahaemolytica	Capnocytophaga	Flavobacteriaceae	Flavobacteriales	Flavobacteria	Bacteroidetes	Bacteria
361804	Capnocytophagasputigena	Capnocytophaga	Flavobacteriaceae	Flavobacteriales	Flavobacteria	Bacteroidetes	Bacteria
2394	Capnocytophagaochracea	Capnocytophaga	Flavobacteriaceae	Flavobacteriales	Flavobacteria	Bacteroidetes	Bacteria
165694	NA	Capnocytophaga	Flavobacteriaceae	Flavobacteriales	Flavobacteria	Bacteroidetes	Bacteria
56208	NA	Capnocytophaga	Flavobacteriaceae	Flavobacteriales	Flavobacteria	Bacteroidetes	Bacteria
241520	NA	Capnocytophaga	Flavobacteriaceae	Flavobacteriales	Flavobacteria	Bacteroidetes	Bacteria
112578	NA	NA	Flavobacteriaceae	Flavobacteriales	Flavobacteria	Bacteroidetes	Bacteria
179042	NA	NA	Flavobacteriaceae	Flavobacteriales	Flavobacteria	Bacteroidetes	Bacteria
107484	NA	NA	Flavobacteriaceae	Flavobacteriales	Flavobacteria	Bacteroidetes	Bacteria
272591	NA	Flavobacterium	Flavobacteriaceae	Flavobacteriales	Flavobacteria	Bacteroidetes	Bacteria
60733	NA	Flavobacterium	Flavobacteriaceae	Flavobacteriales	Flavobacteria	Bacteroidetes	Bacteria
388912	NA	Flavobacterium	Flavobacteriaceae	Flavobacteriales	Flavobacteria	Bacteroidetes	Bacteria
442300	NA	Flavobacterium	Flavobacteriaceae	Flavobacteriales	Flavobacteria	Bacteroidetes	Bacteria
355611	NA	Flavobacterium	Flavobacteriaceae	Flavobacteriales	Flavobacteria	Bacteroidetes	Bacteria
203518	NA	Flavobacterium	Flavobacteriaceae	Flavobacteriales	Flavobacteria	Bacteroidetes	Bacteria
263225	NA	Flavobacterium	Flavobacteriaceae	Flavobacteriales	Flavobacteria	Bacteroidetes	Bacteria
39294	NA	Flavobacterium	Flavobacteriaceae	Flavobacteriales	Flavobacteria	Bacteroidetes	Bacteria
499875	NA	Flavobacterium	Flavobacteriaceae	Flavobacteriales	Flavobacteria	Bacteroidetes	Bacteria
534899	NA	Flavobacterium	Flavobacteriaceae	Flavobacteriales	Flavobacteria	Bacteroidetes	Bacteria
574039	NA	Flavobacterium	Flavobacteriaceae	Flavobacteriales	Flavobacteria	Bacteroidetes	Bacteria
426016	NA	Flavobacterium	Flavobacteriaceae	Flavobacteriales	Flavobacteria	Bacteroidetes	Bacteria
83993	NA	Flavobacterium	Flavobacteriaceae	Flavobacteriales	Flavobacteria	Bacteroidetes	Bacteria
341862	NA	Flavobacterium	Flavobacteriaceae	Flavobacteriales	Flavobacteria	Bacteroidetes	Bacteria
172143	Flavobacteriumsuccinicans	Flavobacterium	Flavobacteriaceae	Flavobacteriales	Flavobacteria	Bacteroidetes	Bacteria
140859	Flavobacteriumsuccinicans	Flavobacterium	Flavobacteriaceae	Flavobacteriales	Flavobacteria	Bacteroidetes	Bacteria
426108	NA	Flavobacterium	Flavobacteriaceae	Flavobacteriales	Flavobacteria	Bacteroidetes	Bacteria
270711	NA	Flavobacterium	Flavobacteriaceae	Flavobacteriales	Flavobacteria	Bacteroidetes	Bacteria
329653	NA	Flavobacterium	Flavobacteriaceae	Flavobacteriales	Flavobacteria	Bacteroidetes	Bacteria
471192	Flavobacteriumpsychrophilum	Flavobacterium	Flavobacteriaceae	Flavobacteriales	Flavobacteria	Bacteroidetes	Bacteria
558797	NA	Flavobacterium	Flavobacteriaceae	Flavobacteriales	Flavobacteria	Bacteroidetes	Bacteria
144140	NA	Flavobacterium	Flavobacteriaceae	Flavobacteriales	Flavobacteria	Bacteroidetes	Bacteria
248359	NA	Flavobacterium	Flavobacteriaceae	Flavobacteriales	Flavobacteria	Bacteroidetes	Bacteria
212836	NA	Flavobacterium	Flavobacteriaceae	Flavobacteriales	Flavobacteria	Bacteroidetes	Bacteria
540329	NA	Flavobacterium	Flavobacteriaceae	Flavobacteriales	Flavobacteria	Bacteroidetes	Bacteria
456274	NA	Flavobacterium	Flavobacteriaceae	Flavobacteriales	Flavobacteria	Bacteroidetes	Bacteria
469382	NA	Flavobacterium	Flavobacteriaceae	Flavobacteriales	Flavobacteria	Bacteroidetes	Bacteria
397003	NA	Flavobacterium	Flavobacteriaceae	Flavobacteriales	Flavobacteria	Bacteroidetes	Bacteria
114965	NA	Flavobacterium	Flavobacteriaceae	Flavobacteriales	Flavobacteria	Bacteroidetes	Bacteria
249853	NA	Flavobacterium	Flavobacteriaceae	Flavobacteriales	Flavobacteria	Bacteroidetes	Bacteria
571350	NA	Flavobacterium	Flavobacteriaceae	Flavobacteriales	Flavobacteria	Bacteroidetes	Bacteria
44265	NA	Flavobacterium	Flavobacteriaceae	Flavobacteriales	Flavobacteria	Bacteroidetes	Bacteria
99956	NA	Flavobacterium	Flavobacteriaceae	Flavobacteriales	Flavobacteria	Bacteroidetes	Bacteria
509233	NA	Flavobacterium	Flavobacteriaceae	Flavobacteriales	Flavobacteria	Bacteroidetes	Bacteria
550030	NA	NA	Flavobacteriaceae	Flavobacteriales	Flavobacteria	Bacteroidetes	Bacteria
241828	NA	Gillisia	Flavobacteriaceae	Flavobacteriales	Flavobacteria	Bacteroidetes	Bacteria
139680	NA	Salegentibacter	Flavobacteriaceae	Flavobacteriales	Flavobacteria	Bacteroidetes	Bacteria
154890	NA	NA	Flavobacteriaceae	Flavobacteriales	Flavobacteria	Bacteroidetes	Bacteria
165728	NA	NA	Flavobacteriaceae	Flavobacteriales	Flavobacteria	Bacteroidetes	Bacteria
143925	NA	NA	Flavobacteriaceae	Flavobacteriales	Flavobacteria	Bacteroidetes	Bacteria
243681	NA	NA	Flavobacteriaceae	Flavobacteriales	Flavobacteria	Bacteroidetes	Bacteria
556808	NA	NA	Flavobacteriaceae	Flavobacteriales	Flavobacteria	Bacteroidetes	Bacteria
166621	NA	NA	Flavobacteriaceae	Flavobacteriales	Flavobacteria	Bacteroidetes	Bacteria
86285	NA	Sediminicola	Flavobacteriaceae	Flavobacteriales	Flavobacteria	Bacteroidetes	Bacteria
107130	NA	Sediminicola	Flavobacteriaceae	Flavobacteriales	Flavobacteria	Bacteroidetes	Bacteria
187417	NA	Robiginitalea	Flavobacteriaceae	Flavobacteriales	Flavobacteria	Bacteroidetes	Bacteria
312668	NA	Muricauda	Flavobacteriaceae	Flavobacteriales	Flavobacteria	Bacteroidetes	Bacteria
264786	NA	NA	Flavobacteriaceae	Flavobacteriales	Flavobacteria	Bacteroidetes	Bacteria
306834	NA	NA	Flavobacteriaceae	Flavobacteriales	Flavobacteria	Bacteroidetes	Bacteria
348807	NA	NA	Flavobacteriaceae	Flavobacteriales	Flavobacteria	Bacteroidetes	Bacteria
278872	NA	NA	Flavobacteriaceae	Flavobacteriales	Flavobacteria	Bacteroidetes	Bacteria
185297	NA	NA	Flavobacteriaceae	Flavobacteriales	Flavobacteria	Bacteroidetes	Bacteria
171297	NA	NA	Flavobacteriaceae	Flavobacteriales	Flavobacteria	Bacteroidetes	Bacteria
99909	NA	Winogradskyella	Flavobacteriaceae	Flavobacteriales	Flavobacteria	Bacteroidetes	Bacteria
323607	NA	NA	Flavobacteriaceae	Flavobacteriales	Flavobacteria	Bacteroidetes	Bacteria
80764	NA	NA	Flavobacteriaceae	Flavobacteriales	Flavobacteria	Bacteroidetes	Bacteria
177653	NA	NA	Flavobacteriaceae	Flavobacteriales	Flavobacteria	Bacteroidetes	Bacteria
342471	NA	NA	Flavobacteriaceae	Flavobacteriales	Flavobacteria	Bacteroidetes	Bacteria
558722	NA	NA	Flavobacteriaceae	Flavobacteriales	Flavobacteria	Bacteroidetes	Bacteria
93188	NA	NA	Flavobacteriaceae	Flavobacteriales	Flavobacteria	Bacteroidetes	Bacteria
226929	NA	NA	Flavobacteriaceae	Flavobacteriales	Flavobacteria	Bacteroidetes	Bacteria
362896	NA	NA	Flavobacteriaceae	Flavobacteriales	Flavobacteria	Bacteroidetes	Bacteria
151803	NA	NA	Flavobacteriaceae	Flavobacteriales	Flavobacteria	Bacteroidetes	Bacteria
100807	NA	NA	Flavobacteriaceae	Flavobacteriales	Flavobacteria	Bacteroidetes	Bacteria
564133	NA	NA	Flavobacteriaceae	Flavobacteriales	Flavobacteria	Bacteroidetes	Bacteria
2450	NA	Psychroserpens	Flavobacteriaceae	Flavobacteriales	Flavobacteria	Bacteroidetes	Bacteria
150437	NA	Psychroserpens	Flavobacteriaceae	Flavobacteriales	Flavobacteria	Bacteroidetes	Bacteria
262661	NA	NA	Flavobacteriaceae	Flavobacteriales	Flavobacteria	Bacteroidetes	Bacteria
93722	NA	NA	Flavobacteriaceae	Flavobacteriales	Flavobacteria	Bacteroidetes	Bacteria
590020	NA	NA	Flavobacteriaceae	Flavobacteriales	Flavobacteria	Bacteroidetes	Bacteria
93747	NA	NA	Flavobacteriaceae	Flavobacteriales	Flavobacteria	Bacteroidetes	Bacteria
510003	NA	NA	Flavobacteriaceae	Flavobacteriales	Flavobacteria	Bacteroidetes	Bacteria
243677	NA	NA	Flavobacteriaceae	Flavobacteriales	Flavobacteria	Bacteroidetes	Bacteria
139205	NA	Lacinutrix	Flavobacteriaceae	Flavobacteriales	Flavobacteria	Bacteroidetes	Bacteria
231727	NA	NA	Flavobacteriaceae	Flavobacteriales	Flavobacteria	Bacteroidetes	Bacteria
165871	NA	NA	Flavobacteriaceae	Flavobacteriales	Flavobacteria	Bacteroidetes	Bacteria
332554	NA	NA	Flavobacteriaceae	Flavobacteriales	Flavobacteria	Bacteroidetes	Bacteria
353843	NA	NA	Flavobacteriaceae	Flavobacteriales	Flavobacteria	Bacteroidetes	Bacteria
317388	NA	Olleya	Flavobacteriaceae	Flavobacteriales	Flavobacteria	Bacteroidetes	Bacteria
246587	NA	NA	Flavobacteriaceae	Flavobacteriales	Flavobacteria	Bacteroidetes	Bacteria
353655	NA	NA	Flavobacteriaceae	Flavobacteriales	Flavobacteria	Bacteroidetes	Bacteria
557116	NA	NA	Flavobacteriaceae	Flavobacteriales	Flavobacteria	Bacteroidetes	Bacteria
258097	NA	NA	Flavobacteriaceae	Flavobacteriales	Flavobacteria	Bacteroidetes	Bacteria
521453	NA	NA	Flavobacteriaceae	Flavobacteriales	Flavobacteria	Bacteroidetes	Bacteria
569609	NA	NA	Flavobacteriaceae	Flavobacteriales	Flavobacteria	Bacteroidetes	Bacteria
203630	NA	NA	Flavobacteriaceae	Flavobacteriales	Flavobacteria	Bacteroidetes	Bacteria
544791	NA	NA	Flavobacteriaceae	Flavobacteriales	Flavobacteria	Bacteroidetes	Bacteria
152452	NA	NA	Flavobacteriaceae	Flavobacteriales	Flavobacteria	Bacteroidetes	Bacteria
224838	NA	NA	Flavobacteriaceae	Flavobacteriales	Flavobacteria	Bacteroidetes	Bacteria
548650	NA	NA	Flavobacteriaceae	Flavobacteriales	Flavobacteria	Bacteroidetes	Bacteria
179639	NA	NA	Flavobacteriaceae	Flavobacteriales	Flavobacteria	Bacteroidetes	Bacteria
148990	NA	NA	Flavobacteriaceae	Flavobacteriales	Flavobacteria	Bacteroidetes	Bacteria
252313	NA	NA	Flavobacteriaceae	Flavobacteriales	Flavobacteria	Bacteroidetes	Bacteria
358831	NA	Polaribacter	Flavobacteriaceae	Flavobacteriales	Flavobacteria	Bacteroidetes	Bacteria
205919	NA	Polaribacter	Flavobacteriaceae	Flavobacteriales	Flavobacteria	Bacteroidetes	Bacteria
192041	NA	Polaribacter	Flavobacteriaceae	Flavobacteriales	Flavobacteria	Bacteroidetes	Bacteria
179748	NA	Polaribacter	Flavobacteriaceae	Flavobacteriales	Flavobacteria	Bacteroidetes	Bacteria
250970	NA	Polaribacter	Flavobacteriaceae	Flavobacteriales	Flavobacteria	Bacteroidetes	Bacteria
81979	NA	Polaribacter	Flavobacteriaceae	Flavobacteriales	Flavobacteria	Bacteroidetes	Bacteria
535272	NA	Tenacibaculum	Flavobacteriaceae	Flavobacteriales	Flavobacteria	Bacteroidetes	Bacteria
233273	Tenacibaculumsoleae	Tenacibaculum	Flavobacteriaceae	Flavobacteriales	Flavobacteria	Bacteroidetes	Bacteria
580835	NA	Tenacibaculum	Flavobacteriaceae	Flavobacteriales	Flavobacteria	Bacteroidetes	Bacteria
61125	NA	Tenacibaculum	Flavobacteriaceae	Flavobacteriales	Flavobacteria	Bacteroidetes	Bacteria
113326	NA	NA	Flavobacteriaceae	Flavobacteriales	Flavobacteria	Bacteroidetes	Bacteria
512761	NA	NA	Flavobacteriaceae	Flavobacteriales	Flavobacteria	Bacteroidetes	Bacteria
176313	NA	NA	Flavobacteriaceae	Flavobacteriales	Flavobacteria	Bacteroidetes	Bacteria
154027	NA	NA	Flavobacteriaceae	Flavobacteriales	Flavobacteria	Bacteroidetes	Bacteria
292328	NA	NA	Flavobacteriaceae	Flavobacteriales	Flavobacteria	Bacteroidetes	Bacteria
82260	NA	NA	Flavobacteriaceae	Flavobacteriales	Flavobacteria	Bacteroidetes	Bacteria
263010	NA	NA	Flavobacteriaceae	Flavobacteriales	Flavobacteria	Bacteroidetes	Bacteria
215211	NA	NA	Flavobacteriaceae	Flavobacteriales	Flavobacteria	Bacteroidetes	Bacteria
353686	NA	NA	Flavobacteriaceae	Flavobacteriales	Flavobacteria	Bacteroidetes	Bacteria
183535	NA	Haloanella	Flavobacteriaceae	Flavobacteriales	Flavobacteria	Bacteroidetes	Bacteria
335420	NA	Sejongia	Flavobacteriaceae	Flavobacteriales	Flavobacteria	Bacteroidetes	Bacteria
253429	NA	NA	Flavobacteriaceae	Flavobacteriales	Flavobacteria	Bacteroidetes	Bacteria
115159	NA	Chryseobacterium	Flavobacteriaceae	Flavobacteriales	Flavobacteria	Bacteroidetes	Bacteria
155194	NA	Chryseobacterium	Flavobacteriaceae	Flavobacteriales	Flavobacteria	Bacteroidetes	Bacteria
286716	NA	NA	Flavobacteriaceae	Flavobacteriales	Flavobacteria	Bacteroidetes	Bacteria
137197	NA	NA	Flavobacteriaceae	Flavobacteriales	Flavobacteria	Bacteroidetes	Bacteria
142000	NA	NA	Flavobacteriaceae	Flavobacteriales	Flavobacteria	Bacteroidetes	Bacteria
204845	NA	NA	Flavobacteriaceae	Flavobacteriales	Flavobacteria	Bacteroidetes	Bacteria
148090	Wautersiellafalsenii	Wautersiella	Flavobacteriaceae	Flavobacteriales	Flavobacteria	Bacteroidetes	Bacteria
136955	NA	NA	NA	Flavobacteriales	Flavobacteria	Bacteroidetes	Bacteria
572612	NA	NA	Cryomorphaceae	Flavobacteriales	Flavobacteria	Bacteroidetes	Bacteria
58645	NA	NA	Cryomorphaceae	Flavobacteriales	Flavobacteria	Bacteroidetes	Bacteria
80707	NA	NA	Cryomorphaceae	Flavobacteriales	Flavobacteria	Bacteroidetes	Bacteria
293440	NA	NA	Cryomorphaceae	Flavobacteriales	Flavobacteria	Bacteroidetes	Bacteria
326618	NA	NA	Cryomorphaceae	Flavobacteriales	Flavobacteria	Bacteroidetes	Bacteria
277616	NA	NA	Cryomorphaceae	Flavobacteriales	Flavobacteria	Bacteroidetes	Bacteria
327084	NA	NA	Cryomorphaceae	Flavobacteriales	Flavobacteria	Bacteroidetes	Bacteria
308722	NA	NA	Cryomorphaceae	Flavobacteriales	Flavobacteria	Bacteroidetes	Bacteria
195676	NA	NA	Cryomorphaceae	Flavobacteriales	Flavobacteria	Bacteroidetes	Bacteria
560879	NA	Fluviicola	Cryomorphaceae	Flavobacteriales	Flavobacteria	Bacteroidetes	Bacteria
142093	NA	Fluviicola	Cryomorphaceae	Flavobacteriales	Flavobacteria	Bacteroidetes	Bacteria
402252	NA	Fluviicola	Cryomorphaceae	Flavobacteriales	Flavobacteria	Bacteroidetes	Bacteria
546283	NA	Fluviicola	Cryomorphaceae	Flavobacteriales	Flavobacteria	Bacteroidetes	Bacteria
228555	NA	Fluviicola	Cryomorphaceae	Flavobacteriales	Flavobacteria	Bacteroidetes	Bacteria
378282	NA	Fluviicola	Cryomorphaceae	Flavobacteriales	Flavobacteria	Bacteroidetes	Bacteria
20456	NA	Fluviicola	Cryomorphaceae	Flavobacteriales	Flavobacteria	Bacteroidetes	Bacteria
533497	NA	Fluviicola	Cryomorphaceae	Flavobacteriales	Flavobacteria	Bacteroidetes	Bacteria
468138	NA	Fluviicola	Cryomorphaceae	Flavobacteriales	Flavobacteria	Bacteroidetes	Bacteria
237434	NA	NA	Cryomorphaceae	Flavobacteriales	Flavobacteria	Bacteroidetes	Bacteria
140107	NA	NA	Cryomorphaceae	Flavobacteriales	Flavobacteria	Bacteroidetes	Bacteria
103229	NA	NA	Cryomorphaceae	Flavobacteriales	Flavobacteria	Bacteroidetes	Bacteria
179461	NA	NA	Cryomorphaceae	Flavobacteriales	Flavobacteria	Bacteroidetes	Bacteria
260072	NA	NA	Cryomorphaceae	Flavobacteriales	Flavobacteria	Bacteroidetes	Bacteria
225149	NA	NA	Marinilabiaceae	Bacteroidales	Bacteroidia	Bacteroidetes	Bacteria
510458	NA	NA	NA	Bacteroidales	Bacteroidia	Bacteroidetes	Bacteria
174634	NA	NA	NA	Bacteroidales	Bacteroidia	Bacteroidetes	Bacteria
197817	NA	NA	Porphyromonadaceae	Bacteroidales	Bacteroidia	Bacteroidetes	Bacteria
347862	NA	Odoribacter	Porphyromonadaceae	Bacteroidales	Bacteroidia	Bacteroidetes	Bacteria
107252	NA	NA	Porphyromonadaceae	Bacteroidales	Bacteroidia	Bacteroidetes	Bacteria
366044	NA	NA	Porphyromonadaceae	Bacteroidales	Bacteroidia	Bacteroidetes	Bacteria
354185	NA	NA	Porphyromonadaceae	Bacteroidales	Bacteroidia	Bacteroidetes	Bacteria
525962	NA	NA	NA	Bacteroidales	Bacteroidia	Bacteroidetes	Bacteria
382628	NA	NA	NA	Bacteroidales	Bacteroidia	Bacteroidetes	Bacteria
584987	NA	NA	NA	Bacteroidales	Bacteroidia	Bacteroidetes	Bacteria
571300	NA	NA	NA	Bacteroidales	Bacteroidia	Bacteroidetes	Bacteria
554622	NA	NA	NA	Bacteroidales	Bacteroidia	Bacteroidetes	Bacteria
146517	NA	NA	NA	Bacteroidales	Bacteroidia	Bacteroidetes	Bacteria
325619	NA	NA	NA	Bacteroidales	Bacteroidia	Bacteroidetes	Bacteria
545634	NA	NA	NA	Bacteroidales	Bacteroidia	Bacteroidetes	Bacteria
258102	NA	NA	NA	Bacteroidales	Bacteroidia	Bacteroidetes	Bacteria
59897	NA	NA	NA	Bacteroidales	Bacteroidia	Bacteroidetes	Bacteria
247849	NA	NA	NA	Bacteroidales	Bacteroidia	Bacteroidetes	Bacteria
108426	NA	NA	NA	Bacteroidales	Bacteroidia	Bacteroidetes	Bacteria
560122	NA	NA	NA	Bacteroidales	Bacteroidia	Bacteroidetes	Bacteria
458762	NA	NA	NA	Bacteroidales	Bacteroidia	Bacteroidetes	Bacteria
75260	NA	NA	NA	Bacteroidales	Bacteroidia	Bacteroidetes	Bacteria
284431	NA	NA	NA	Bacteroidales	Bacteroidia	Bacteroidetes	Bacteria
232382	NA	NA	NA	Bacteroidales	Bacteroidia	Bacteroidetes	Bacteria
518407	NA	NA	NA	Bacteroidales	Bacteroidia	Bacteroidetes	Bacteria
202437	NA	NA	NA	Bacteroidales	Bacteroidia	Bacteroidetes	Bacteria
253703	NA	NA	NA	Bacteroidales	Bacteroidia	Bacteroidetes	Bacteria
232933	NA	NA	NA	Bacteroidales	Bacteroidia	Bacteroidetes	Bacteria
544483	NA	NA	NA	Bacteroidales	Bacteroidia	Bacteroidetes	Bacteria
247883	NA	NA	NA	Bacteroidales	Bacteroidia	Bacteroidetes	Bacteria
141996	NA	NA	NA	Bacteroidales	Bacteroidia	Bacteroidetes	Bacteria
213042	NA	NA	NA	Bacteroidales	Bacteroidia	Bacteroidetes	Bacteria
1896	NA	NA	NA	Bacteroidales	Bacteroidia	Bacteroidetes	Bacteria
578372	NA	NA	NA	Bacteroidales	Bacteroidia	Bacteroidetes	Bacteria
549388	NA	NA	NA	Bacteroidales	Bacteroidia	Bacteroidetes	Bacteria
80197	NA	NA	NA	Bacteroidales	Bacteroidia	Bacteroidetes	Bacteria
286918	NA	NA	NA	Bacteroidales	Bacteroidia	Bacteroidetes	Bacteria
284550	NA	NA	NA	Bacteroidales	Bacteroidia	Bacteroidetes	Bacteria
511725	NA	NA	NA	Bacteroidales	Bacteroidia	Bacteroidetes	Bacteria
583211	NA	NA	NA	Bacteroidales	Bacteroidia	Bacteroidetes	Bacteria
544325	NA	NA	NA	Bacteroidales	Bacteroidia	Bacteroidetes	Bacteria
586380	NA	NA	NA	Bacteroidales	Bacteroidia	Bacteroidetes	Bacteria
282750	NA	NA	NA	Bacteroidales	Bacteroidia	Bacteroidetes	Bacteria
245082	NA	NA	NA	Bacteroidales	Bacteroidia	Bacteroidetes	Bacteria
105837	NA	NA	NA	Bacteroidales	Bacteroidia	Bacteroidetes	Bacteria
184224	NA	NA	NA	Bacteroidales	Bacteroidia	Bacteroidetes	Bacteria
572774	NA	NA	NA	Bacteroidales	Bacteroidia	Bacteroidetes	Bacteria
285668	NA	NA	NA	Bacteroidales	Bacteroidia	Bacteroidetes	Bacteria
109168	NA	NA	NA	Bacteroidales	Bacteroidia	Bacteroidetes	Bacteria
52484	NA	NA	NA	Bacteroidales	Bacteroidia	Bacteroidetes	Bacteria
112727	NA	NA	NA	Bacteroidales	Bacteroidia	Bacteroidetes	Bacteria
282451	NA	NA	NA	Bacteroidales	Bacteroidia	Bacteroidetes	Bacteria
533883	NA	NA	NA	Bacteroidales	Bacteroidia	Bacteroidetes	Bacteria
156416	NA	NA	NA	Bacteroidales	Bacteroidia	Bacteroidetes	Bacteria
255253	NA	NA	NA	Bacteroidales	Bacteroidia	Bacteroidetes	Bacteria
2476	NA	NA	NA	Bacteroidales	Bacteroidia	Bacteroidetes	Bacteria
252310	NA	NA	NA	Bacteroidales	Bacteroidia	Bacteroidetes	Bacteria
239769	NA	NA	NA	Bacteroidales	Bacteroidia	Bacteroidetes	Bacteria
251268	NA	NA	NA	Bacteroidales	Bacteroidia	Bacteroidetes	Bacteria
533502	NA	NA	NA	Bacteroidales	Bacteroidia	Bacteroidetes	Bacteria
100286	NA	NA	NA	Bacteroidales	Bacteroidia	Bacteroidetes	Bacteria
551394	NA	NA	NA	Bacteroidales	Bacteroidia	Bacteroidetes	Bacteria
159207	NA	NA	NA	Bacteroidales	Bacteroidia	Bacteroidetes	Bacteria
139354	NA	NA	NA	Bacteroidales	Bacteroidia	Bacteroidetes	Bacteria
565133	NA	NA	NA	Bacteroidales	Bacteroidia	Bacteroidetes	Bacteria
149156	NA	NA	NA	Bacteroidales	Bacteroidia	Bacteroidetes	Bacteria
364844	NA	NA	NA	Bacteroidales	Bacteroidia	Bacteroidetes	Bacteria
74314	NA	NA	NA	Bacteroidales	Bacteroidia	Bacteroidetes	Bacteria
578799	NA	NA	NA	Bacteroidales	Bacteroidia	Bacteroidetes	Bacteria
278873	NA	NA	NA	Bacteroidales	Bacteroidia	Bacteroidetes	Bacteria
517293	NA	NA	NA	Bacteroidales	Bacteroidia	Bacteroidetes	Bacteria
2000	Bacteroidesfragilis	Bacteroides	Bacteroidaceae	Bacteroidales	Bacteroidia	Bacteroidetes	Bacteria
130007	Bacteroidesfragilis	Bacteroides	Bacteroidaceae	Bacteroidales	Bacteroidia	Bacteroidetes	Bacteria
322235	Bacteroidesuniformis	Bacteroides	Bacteroidaceae	Bacteroidales	Bacteroidia	Bacteroidetes	Bacteria
174194	NA	Bacteroides	Bacteroidaceae	Bacteroidales	Bacteroidia	Bacteroidetes	Bacteria
175617	NA	Bacteroides	Bacteroidaceae	Bacteroidales	Bacteroidia	Bacteroidetes	Bacteria
469778	Bacteroidescoprophilus	Bacteroides	Bacteroidaceae	Bacteroidales	Bacteroidia	Bacteroidetes	Bacteria
356051	NA	Bacteroides	Bacteroidaceae	Bacteroidales	Bacteroidia	Bacteroidetes	Bacteria
213284	NA	Bacteroides	Bacteroidaceae	Bacteroidales	Bacteroidia	Bacteroidetes	Bacteria
196778	NA	Bacteroides	Bacteroidaceae	Bacteroidales	Bacteroidia	Bacteroidetes	Bacteria
550814	NA	Bacteroides	Bacteroidaceae	Bacteroidales	Bacteroidia	Bacteroidetes	Bacteria
158660	NA	Bacteroides	Bacteroidaceae	Bacteroidales	Bacteroidia	Bacteroidetes	Bacteria
331820	NA	Bacteroides	Bacteroidaceae	Bacteroidales	Bacteroidia	Bacteroidetes	Bacteria
174809	NA	Bacteroides	Bacteroidaceae	Bacteroidales	Bacteroidia	Bacteroidetes	Bacteria
366374	NA	Bacteroides	Bacteroidaceae	Bacteroidales	Bacteroidia	Bacteroidetes	Bacteria
469709	Bacteroidesdorei	Bacteroides	Bacteroidaceae	Bacteroidales	Bacteroidia	Bacteroidetes	Bacteria
244304	NA	Bacteroides	Bacteroidaceae	Bacteroidales	Bacteroidia	Bacteroidetes	Bacteria
205290	NA	Bacteroides	Bacteroidaceae	Bacteroidales	Bacteroidia	Bacteroidetes	Bacteria
315575	Bacteroidescoprocola	Bacteroides	Bacteroidaceae	Bacteroidales	Bacteroidia	Bacteroidetes	Bacteria
187179	NA	Bacteroides	Bacteroidaceae	Bacteroidales	Bacteroidia	Bacteroidetes	Bacteria
208972	NA	Bacteroides	Bacteroidaceae	Bacteroidales	Bacteroidia	Bacteroidetes	Bacteria
537247	NA	Bacteroides	Bacteroidaceae	Bacteroidales	Bacteroidia	Bacteroidetes	Bacteria
532612	NA	Bacteroides	Bacteroidaceae	Bacteroidales	Bacteroidia	Bacteroidetes	Bacteria
130228	Bacteroidesplebeius	Bacteroides	Bacteroidaceae	Bacteroidales	Bacteroidia	Bacteroidetes	Bacteria
564649	NA	Bacteroides	Bacteroidaceae	Bacteroidales	Bacteroidia	Bacteroidetes	Bacteria
242308	NA	Bacteroides	Bacteroidaceae	Bacteroidales	Bacteroidia	Bacteroidetes	Bacteria
415631	NA	Bacteroides	Bacteroidaceae	Bacteroidales	Bacteroidia	Bacteroidetes	Bacteria
89232	NA	Prevotella	Prevotellaceae	Bacteroidales	Bacteroidia	Bacteroidetes	Bacteria
588912	NA	Prevotella	Prevotellaceae	Bacteroidales	Bacteroidia	Bacteroidetes	Bacteria
532929	NA	Prevotella	Prevotellaceae	Bacteroidales	Bacteroidia	Bacteroidetes	Bacteria
2181	NA	Prevotella	Prevotellaceae	Bacteroidales	Bacteroidia	Bacteroidetes	Bacteria
404318	NA	Prevotella	Prevotellaceae	Bacteroidales	Bacteroidia	Bacteroidetes	Bacteria
114946	Prevotellananceiensis	Prevotella	Prevotellaceae	Bacteroidales	Bacteroidia	Bacteroidetes	Bacteria
543900	NA	Prevotella	Prevotellaceae	Bacteroidales	Bacteroidia	Bacteroidetes	Bacteria
495394	NA	Prevotella	Prevotellaceae	Bacteroidales	Bacteroidia	Bacteroidetes	Bacteria
181627	NA	Prevotella	Prevotellaceae	Bacteroidales	Bacteroidia	Bacteroidetes	Bacteria
295322	NA	Prevotella	Prevotellaceae	Bacteroidales	Bacteroidia	Bacteroidetes	Bacteria
24907	NA	Prevotella	Prevotellaceae	Bacteroidales	Bacteroidia	Bacteroidetes	Bacteria
239506	NA	Prevotella	Prevotellaceae	Bacteroidales	Bacteroidia	Bacteroidetes	Bacteria
88035	NA	Prevotella	Prevotellaceae	Bacteroidales	Bacteroidia	Bacteroidetes	Bacteria
172962	NA	Prevotella	Prevotellaceae	Bacteroidales	Bacteroidia	Bacteroidetes	Bacteria
185522	NA	Prevotella	Prevotellaceae	Bacteroidales	Bacteroidia	Bacteroidetes	Bacteria
484332	Prevotellacopri	Prevotella	Prevotellaceae	Bacteroidales	Bacteroidia	Bacteroidetes	Bacteria
560836	NA	Prevotella	Prevotellaceae	Bacteroidales	Bacteroidia	Bacteroidetes	Bacteria
290109	NA	Prevotella	Prevotellaceae	Bacteroidales	Bacteroidia	Bacteroidetes	Bacteria
536652	NA	Prevotella	Prevotellaceae	Bacteroidales	Bacteroidia	Bacteroidetes	Bacteria
301656	NA	Prevotella	Prevotellaceae	Bacteroidales	Bacteroidia	Bacteroidetes	Bacteria
516464	NA	Prevotella	Prevotellaceae	Bacteroidales	Bacteroidia	Bacteroidetes	Bacteria
184464	NA	Prevotella	Prevotellaceae	Bacteroidales	Bacteroidia	Bacteroidetes	Bacteria
197149	NA	Prevotella	Prevotellaceae	Bacteroidales	Bacteroidia	Bacteroidetes	Bacteria
296873	NA	Prevotella	Prevotellaceae	Bacteroidales	Bacteroidia	Bacteroidetes	Bacteria
313753	NA	Prevotella	Prevotellaceae	Bacteroidales	Bacteroidia	Bacteroidetes	Bacteria
288932	NA	Prevotella	Prevotellaceae	Bacteroidales	Bacteroidia	Bacteroidetes	Bacteria
198806	NA	Prevotella	Prevotellaceae	Bacteroidales	Bacteroidia	Bacteroidetes	Bacteria
104043	NA	Prevotella	Prevotellaceae	Bacteroidales	Bacteroidia	Bacteroidetes	Bacteria
244669	NA	Prevotella	Prevotellaceae	Bacteroidales	Bacteroidia	Bacteroidetes	Bacteria
570119	NA	Prevotella	Prevotellaceae	Bacteroidales	Bacteroidia	Bacteroidetes	Bacteria
471156	Prevotellaveroralis	Prevotella	Prevotellaceae	Bacteroidales	Bacteroidia	Bacteroidetes	Bacteria
471122	Prevotellamelaninogenica	Prevotella	Prevotellaceae	Bacteroidales	Bacteroidia	Bacteroidetes	Bacteria
88701	NA	Prevotella	Prevotellaceae	Bacteroidales	Bacteroidia	Bacteroidetes	Bacteria
484401	Prevotellaoris	Prevotella	Prevotellaceae	Bacteroidales	Bacteroidia	Bacteroidetes	Bacteria
99412	NA	Prevotella	Prevotellaceae	Bacteroidales	Bacteroidia	Bacteroidetes	Bacteria
2196	NA	Prevotella	Prevotellaceae	Bacteroidales	Bacteroidia	Bacteroidetes	Bacteria
102425	Prevotellanigrescens	Prevotella	Prevotellaceae	Bacteroidales	Bacteroidia	Bacteroidetes	Bacteria
63123	NA	Prevotella	Prevotellaceae	Bacteroidales	Bacteroidia	Bacteroidetes	Bacteria
106565	Prevotellaintermedia	Prevotella	Prevotellaceae	Bacteroidales	Bacteroidia	Bacteroidetes	Bacteria
530801	Prevotellapallens	Prevotella	Prevotellaceae	Bacteroidales	Bacteroidia	Bacteroidetes	Bacteria
2222	Prevotellapallens	Prevotella	Prevotellaceae	Bacteroidales	Bacteroidia	Bacteroidetes	Bacteria
536919	NA	Prevotella	Prevotellaceae	Bacteroidales	Bacteroidia	Bacteroidetes	Bacteria
544531	Prevotellaoulorum	Prevotella	Prevotellaceae	Bacteroidales	Bacteroidia	Bacteroidetes	Bacteria
68338	NA	Prevotella	Prevotellaceae	Bacteroidales	Bacteroidia	Bacteroidetes	Bacteria
484338	Prevotellatannerae	Prevotella	Prevotellaceae	Bacteroidales	Bacteroidia	Bacteroidetes	Bacteria
539347	NA	Prevotella	Prevotellaceae	Bacteroidales	Bacteroidia	Bacteroidetes	Bacteria
92743	NA	Prevotella	Prevotellaceae	Bacteroidales	Bacteroidia	Bacteroidetes	Bacteria
28952	NA	Prevotella	Prevotellaceae	Bacteroidales	Bacteroidia	Bacteroidetes	Bacteria
373870	NA	Prevotella	Prevotellaceae	Bacteroidales	Bacteroidia	Bacteroidetes	Bacteria
288889	NA	NA	NA	Bacteroidales	Bacteroidia	Bacteroidetes	Bacteria
191898	NA	NA	NA	Bacteroidales	Bacteroidia	Bacteroidetes	Bacteria
182810	NA	NA	NA	Bacteroidales	Bacteroidia	Bacteroidetes	Bacteria
332311	Bacteroideseggerthii	Bacteroides	Bacteroidaceae	Bacteroidales	Bacteroidia	Bacteroidetes	Bacteria
469800	Bacteroideseggerthii	Bacteroides	Bacteroidaceae	Bacteroidales	Bacteroidia	Bacteroidetes	Bacteria
361304	NA	Bacteroides	Bacteroidaceae	Bacteroidales	Bacteroidia	Bacteroidetes	Bacteria
361496	NA	Bacteroides	Bacteroidaceae	Bacteroidales	Bacteroidia	Bacteroidetes	Bacteria
197052	NA	Bacteroides	Bacteroidaceae	Bacteroidales	Bacteroidia	Bacteroidetes	Bacteria
127309	NA	Bacteroides	Bacteroidaceae	Bacteroidales	Bacteroidia	Bacteroidetes	Bacteria
313166	NA	Bacteroides	Bacteroidaceae	Bacteroidales	Bacteroidia	Bacteroidetes	Bacteria
567197	NA	Bacteroides	Bacteroidaceae	Bacteroidales	Bacteroidia	Bacteroidetes	Bacteria
195926	NA	NA	NA	Bacteroidales	Bacteroidia	Bacteroidetes	Bacteria
25165	NA	Bacteroides	Bacteroidaceae	Bacteroidales	Bacteroidia	Bacteroidetes	Bacteria
363625	Bacteroidesovatus	Bacteroides	Bacteroidaceae	Bacteroidales	Bacteroidia	Bacteroidetes	Bacteria
365909	Bacteroidesovatus	Bacteroides	Bacteroidaceae	Bacteroidales	Bacteroidia	Bacteroidetes	Bacteria
248140	Bacteroidescaccae	Bacteroides	Bacteroidaceae	Bacteroidales	Bacteroidia	Bacteroidetes	Bacteria
318215	Bacteroidesacidifaciens	Bacteroides	Bacteroidaceae	Bacteroidales	Bacteroidia	Bacteroidetes	Bacteria
195781	NA	Bacteroides	Bacteroidaceae	Bacteroidales	Bacteroidia	Bacteroidetes	Bacteria
348374	NA	Bacteroides	Bacteroidaceae	Bacteroidales	Bacteroidia	Bacteroidetes	Bacteria
368270	NA	Bacteroides	Bacteroidaceae	Bacteroidales	Bacteroidia	Bacteroidetes	Bacteria
583117	NA	Bacteroides	Bacteroidaceae	Bacteroidales	Bacteroidia	Bacteroidetes	Bacteria
362168	NA	Bacteroides	Bacteroidaceae	Bacteroidales	Bacteroidia	Bacteroidetes	Bacteria
470812	NA	Porphyromonas	Porphyromonadaceae	Bacteroidales	Bacteroidia	Bacteroidetes	Bacteria
470807	Porphyromonasendodontalis	Porphyromonas	Porphyromonadaceae	Bacteroidales	Bacteroidia	Bacteroidetes	Bacteria
1941	NA	Porphyromonas	Porphyromonadaceae	Bacteroidales	Bacteroidia	Bacteroidetes	Bacteria
268540	NA	Porphyromonas	Porphyromonadaceae	Bacteroidales	Bacteroidia	Bacteroidetes	Bacteria
556500	NA	Porphyromonas	Porphyromonadaceae	Bacteroidales	Bacteroidia	Bacteroidetes	Bacteria
1931	NA	Porphyromonas	Porphyromonadaceae	Bacteroidales	Bacteroidia	Bacteroidetes	Bacteria
423742	NA	Porphyromonas	Porphyromonadaceae	Bacteroidales	Bacteroidia	Bacteroidetes	Bacteria
131765	NA	Porphyromonas	Porphyromonadaceae	Bacteroidales	Bacteroidia	Bacteroidetes	Bacteria
385147	NA	Porphyromonas	Porphyromonadaceae	Bacteroidales	Bacteroidia	Bacteroidetes	Bacteria
22635	Tannerellaforsythia	Tannerella	Porphyromonadaceae	Bacteroidales	Bacteroidia	Bacteroidetes	Bacteria
237323	NA	Tannerella	Porphyromonadaceae	Bacteroidales	Bacteroidia	Bacteroidetes	Bacteria
158466	NA	Parabacteroides	Porphyromonadaceae	Bacteroidales	Bacteroidia	Bacteroidetes	Bacteria
291090	Parabacteroidesdistasonis	Parabacteroides	Porphyromonadaceae	Bacteroidales	Bacteroidia	Bacteroidetes	Bacteria
522087	NA	Parabacteroides	Porphyromonadaceae	Bacteroidales	Bacteroidia	Bacteroidetes	Bacteria
470761	Parabacteroidesjohnsonii	Parabacteroides	Porphyromonadaceae	Bacteroidales	Bacteroidia	Bacteroidetes	Bacteria
367581	NA	Parabacteroides	Porphyromonadaceae	Bacteroidales	Bacteroidia	Bacteroidetes	Bacteria
541301	NA	Parabacteroides	Porphyromonadaceae	Bacteroidales	Bacteroidia	Bacteroidetes	Bacteria
249661	NA	Parabacteroides	Porphyromonadaceae	Bacteroidales	Bacteroidia	Bacteroidetes	Bacteria
292032	NA	NA	Porphyromonadaceae	Bacteroidales	Bacteroidia	Bacteroidetes	Bacteria
254175	NA	NA	Porphyromonadaceae	Bacteroidales	Bacteroidia	Bacteroidetes	Bacteria
569076	NA	NA	Porphyromonadaceae	Bacteroidales	Bacteroidia	Bacteroidetes	Bacteria
326517	NA	NA	Porphyromonadaceae	Bacteroidales	Bacteroidia	Bacteroidetes	Bacteria
575486	NA	NA	Porphyromonadaceae	Bacteroidales	Bacteroidia	Bacteroidetes	Bacteria
271588	NA	NA	NA	Bacteroidales	Bacteroidia	Bacteroidetes	Bacteria
567010	NA	NA	NA	Bacteroidales	Bacteroidia	Bacteroidetes	Bacteria
546510	NA	NA	NA	Bacteroidales	Bacteroidia	Bacteroidetes	Bacteria
303036	NA	Alistipes	Rikenellaceae	Bacteroidales	Bacteroidia	Bacteroidetes	Bacteria
243150	NA	Alistipes	Rikenellaceae	Bacteroidales	Bacteroidia	Bacteroidetes	Bacteria
171772	NA	Alistipes	Rikenellaceae	Bacteroidales	Bacteroidia	Bacteroidetes	Bacteria
227953	NA	Alistipes	Rikenellaceae	Bacteroidales	Bacteroidia	Bacteroidetes	Bacteria
259569	Alistipesputredinis	Alistipes	Rikenellaceae	Bacteroidales	Bacteroidia	Bacteroidetes	Bacteria
104780	NA	Alistipes	Rikenellaceae	Bacteroidales	Bacteroidia	Bacteroidetes	Bacteria
138006	NA	Alistipes	Rikenellaceae	Bacteroidales	Bacteroidia	Bacteroidetes	Bacteria
103685	NA	Alistipes	Rikenellaceae	Bacteroidales	Bacteroidia	Bacteroidetes	Bacteria
335530	NA	Alistipes	Rikenellaceae	Bacteroidales	Bacteroidia	Bacteroidetes	Bacteria
181095	NA	Alistipes	Rikenellaceae	Bacteroidales	Bacteroidia	Bacteroidetes	Bacteria
569158	NA	NA	Rikenellaceae	Bacteroidales	Bacteroidia	Bacteroidetes	Bacteria
355255	NA	NA	Rikenellaceae	Bacteroidales	Bacteroidia	Bacteroidetes	Bacteria
148007	NA	NA	Rikenellaceae	Bacteroidales	Bacteroidia	Bacteroidetes	Bacteria
108457	NA	NA	NA	Bacteroidales	Bacteroidia	Bacteroidetes	Bacteria
509797	NA	NA	NA	Bacteroidales	Bacteroidia	Bacteroidetes	Bacteria
157385	NA	NA	NA	Bacteroidales	Bacteroidia	Bacteroidetes	Bacteria
566082	NA	NA	NA	Bacteroidales	Bacteroidia	Bacteroidetes	Bacteria
534571	NA	NA	NA	Bacteroidales	Bacteroidia	Bacteroidetes	Bacteria
571923	NA	NA	NA	Bacteroidales	Bacteroidia	Bacteroidetes	Bacteria
211941	NA	NA	NA	Bacteroidales	Bacteroidia	Bacteroidetes	Bacteria
593277	NA	NA	NA	Bacteroidales	Bacteroidia	Bacteroidetes	Bacteria
239593	NA	NA	NA	Bacteroidales	Bacteroidia	Bacteroidetes	Bacteria
157434	NA	NA	NA	Bacteroidales	Bacteroidia	Bacteroidetes	Bacteria
267968	NA	NA	NA	Bacteroidales	Bacteroidia	Bacteroidetes	Bacteria
130615	NA	NA	NA	Bacteroidales	Bacteroidia	Bacteroidetes	Bacteria
230769	NA	NA	NA	Bacteroidales	Bacteroidia	Bacteroidetes	Bacteria
509310	NA	NA	NA	Bacteroidales	Bacteroidia	Bacteroidetes	Bacteria
560267	NA	NA	NA	Bacteroidales	Bacteroidia	Bacteroidetes	Bacteria
315021	NA	NA	NA	Bacteroidales	Bacteroidia	Bacteroidetes	Bacteria
267276	NA	NA	NA	Bacteroidales	Bacteroidia	Bacteroidetes	Bacteria
159438	NA	NA	NA	Bacteroidales	Bacteroidia	Bacteroidetes	Bacteria
77751	NA	NA	NA	Bacteroidales	Bacteroidia	Bacteroidetes	Bacteria
232505	NA	NA	NA	Sphingobacteriales	Sphingobacteria	Bacteroidetes	Bacteria
332717	NA	NA	NA	Sphingobacteriales	Sphingobacteria	Bacteroidetes	Bacteria
353811	NA	NA	NA	Sphingobacteriales	Sphingobacteria	Bacteroidetes	Bacteria
142131	NA	NA	NA	Sphingobacteriales	Sphingobacteria	Bacteroidetes	Bacteria
553113	NA	NA	NA	Sphingobacteriales	Sphingobacteria	Bacteroidetes	Bacteria
179289	NA	NA	NA	Sphingobacteriales	Sphingobacteria	Bacteroidetes	Bacteria
539235	NA	NA	NA	Sphingobacteriales	Sphingobacteria	Bacteroidetes	Bacteria
222673	NA	NA	NA	Sphingobacteriales	Sphingobacteria	Bacteroidetes	Bacteria
304078	NA	NA	NA	Sphingobacteriales	Sphingobacteria	Bacteroidetes	Bacteria
113559	NA	NA	NA	Sphingobacteriales	Sphingobacteria	Bacteroidetes	Bacteria
284644	NA	NA	NA	Sphingobacteriales	Sphingobacteria	Bacteroidetes	Bacteria
223126	NA	NA	NA	Sphingobacteriales	Sphingobacteria	Bacteroidetes	Bacteria
82023	NA	NA	NA	Sphingobacteriales	Sphingobacteria	Bacteroidetes	Bacteria
257151	NA	NA	NA	Sphingobacteriales	Sphingobacteria	Bacteroidetes	Bacteria
144042	NA	NA	NA	Sphingobacteriales	Sphingobacteria	Bacteroidetes	Bacteria
525642	NA	NA	NA	Sphingobacteriales	Sphingobacteria	Bacteroidetes	Bacteria
279186	NA	NA	NA	Sphingobacteriales	Sphingobacteria	Bacteroidetes	Bacteria
419525	NA	NA	NA	Sphingobacteriales	Sphingobacteria	Bacteroidetes	Bacteria
99927	NA	NA	NA	Sphingobacteriales	Sphingobacteria	Bacteroidetes	Bacteria
160802	NA	NA	Sphingobacteriaceae	Sphingobacteriales	Sphingobacteria	Bacteroidetes	Bacteria
248306	NA	NA	Sphingobacteriaceae	Sphingobacteriales	Sphingobacteria	Bacteroidetes	Bacteria
236952	NA	NA	Sphingobacteriaceae	Sphingobacteriales	Sphingobacteria	Bacteroidetes	Bacteria
366805	NA	NA	Sphingobacteriaceae	Sphingobacteriales	Sphingobacteria	Bacteroidetes	Bacteria
70559	NA	Pedobacter	Sphingobacteriaceae	Sphingobacteriales	Sphingobacteria	Bacteroidetes	Bacteria
239331	NA	Sphingobacterium	Sphingobacteriaceae	Sphingobacteriales	Sphingobacteria	Bacteroidetes	Bacteria
414628	Sphingobacteriumfaecium	Sphingobacterium	Sphingobacteriaceae	Sphingobacteriales	Sphingobacteria	Bacteroidetes	Bacteria
544883	NA	NA	Sphingobacteriaceae	Sphingobacteriales	Sphingobacteria	Bacteroidetes	Bacteria
40351	NA	NA	NA	Sphingobacteriales	Sphingobacteria	Bacteroidetes	Bacteria
142943	NA	NA	NA	Sphingobacteriales	Sphingobacteria	Bacteroidetes	Bacteria
176843	NA	NA	NA	Sphingobacteriales	Sphingobacteria	Bacteroidetes	Bacteria
543271	NA	NA	NA	Sphingobacteriales	Sphingobacteria	Bacteroidetes	Bacteria
275936	NA	NA	NA	Sphingobacteriales	Sphingobacteria	Bacteroidetes	Bacteria
415279	NA	NA	NA	Sphingobacteriales	Sphingobacteria	Bacteroidetes	Bacteria
162326	NA	NA	NA	Sphingobacteriales	Sphingobacteria	Bacteroidetes	Bacteria
327070	NA	Algoriphagus	Cyclobacteriaceae	Sphingobacteriales	Sphingobacteria	Bacteroidetes	Bacteria
228931	NA	NA	NA	Sphingobacteriales	Sphingobacteria	Bacteroidetes	Bacteria
161860	NA	NA	NA	Sphingobacteriales	Sphingobacteria	Bacteroidetes	Bacteria
152632	NA	NA	Flammeovirgaceae	Sphingobacteriales	Sphingobacteria	Bacteroidetes	Bacteria
155474	NA	NA	Flammeovirgaceae	Sphingobacteriales	Sphingobacteria	Bacteroidetes	Bacteria
534943	NA	NA	Flammeovirgaceae	Sphingobacteriales	Sphingobacteria	Bacteroidetes	Bacteria
215176	NA	NA	Flammeovirgaceae	Sphingobacteriales	Sphingobacteria	Bacteroidetes	Bacteria
2589	NA	NA	Flammeovirgaceae	Sphingobacteriales	Sphingobacteria	Bacteroidetes	Bacteria
2588	NA	NA	Flammeovirgaceae	Sphingobacteriales	Sphingobacteria	Bacteroidetes	Bacteria
323057	NA	NA	Flammeovirgaceae	Sphingobacteriales	Sphingobacteria	Bacteroidetes	Bacteria
334363	NA	NA	Flammeovirgaceae	Sphingobacteriales	Sphingobacteria	Bacteroidetes	Bacteria
589134	NA	NA	Flammeovirgaceae	Sphingobacteriales	Sphingobacteria	Bacteroidetes	Bacteria
234016	NA	NA	NA	Sphingobacteriales	Sphingobacteria	Bacteroidetes	Bacteria
2577	NA	NA	NA	Sphingobacteriales	Sphingobacteria	Bacteroidetes	Bacteria
154264	NA	NA	NA	Sphingobacteriales	Sphingobacteria	Bacteroidetes	Bacteria
153017	NA	NA	NA	Sphingobacteriales	Sphingobacteria	Bacteroidetes	Bacteria
582732	NA	NA	NA	NA	NA	Bacteroidetes	Bacteria
342865	CandidatusAmoebophilusasiaticus	CandidatusAmoebophilus	NA	NA	NA	Bacteroidetes	Bacteria
318753	NA	NA	Flexibacteraceae	Sphingobacteriales	Sphingobacteria	Bacteroidetes	Bacteria
327621	NA	NA	Flexibacteraceae	Sphingobacteriales	Sphingobacteria	Bacteroidetes	Bacteria
82222	NA	Hymenobacter	Flexibacteraceae	Sphingobacteriales	Sphingobacteria	Bacteroidetes	Bacteria
150955	NA	Hymenobacter	Flexibacteraceae	Sphingobacteriales	Sphingobacteria	Bacteroidetes	Bacteria
2604	NA	Hymenobacter	Flexibacteraceae	Sphingobacteriales	Sphingobacteria	Bacteroidetes	Bacteria
390520	NA	Hymenobacter	Flexibacteraceae	Sphingobacteriales	Sphingobacteria	Bacteroidetes	Bacteria
259708	NA	Hymenobacter	Flexibacteraceae	Sphingobacteriales	Sphingobacteria	Bacteroidetes	Bacteria
593226	NA	Hymenobacter	Flexibacteraceae	Sphingobacteriales	Sphingobacteria	Bacteroidetes	Bacteria
426444	NA	Hymenobacter	Flexibacteraceae	Sphingobacteriales	Sphingobacteria	Bacteroidetes	Bacteria
151061	NA	Hymenobacter	Flexibacteraceae	Sphingobacteriales	Sphingobacteria	Bacteroidetes	Bacteria
74081	NA	Hymenobacter	Flexibacteraceae	Sphingobacteriales	Sphingobacteria	Bacteroidetes	Bacteria
137870	NA	Hymenobacter	Flexibacteraceae	Sphingobacteriales	Sphingobacteria	Bacteroidetes	Bacteria
107814	NA	NA	Flexibacteraceae	Sphingobacteriales	Sphingobacteria	Bacteroidetes	Bacteria
512079	NA	Cytophaga	Flexibacteraceae	Sphingobacteriales	Sphingobacteria	Bacteroidetes	Bacteria
351446	NA	Cytophaga	Flexibacteraceae	Sphingobacteriales	Sphingobacteria	Bacteroidetes	Bacteria
205855	NA	Cytophaga	Flexibacteraceae	Sphingobacteriales	Sphingobacteria	Bacteroidetes	Bacteria
560704	NA	Cytophaga	Flexibacteraceae	Sphingobacteriales	Sphingobacteria	Bacteroidetes	Bacteria
156963	NA	Cytophaga	Flexibacteraceae	Sphingobacteriales	Sphingobacteria	Bacteroidetes	Bacteria
254579	NA	Cytophaga	Flexibacteraceae	Sphingobacteriales	Sphingobacteria	Bacteroidetes	Bacteria
577085	NA	Cytophaga	Flexibacteraceae	Sphingobacteriales	Sphingobacteria	Bacteroidetes	Bacteria
146568	NA	Emticicia	Flexibacteraceae	Sphingobacteriales	Sphingobacteria	Bacteroidetes	Bacteria
135189	NA	NA	Flexibacteraceae	Sphingobacteriales	Sphingobacteria	Bacteroidetes	Bacteria
20151	NA	NA	Flexibacteraceae	Sphingobacteriales	Sphingobacteria	Bacteroidetes	Bacteria
137145	NA	NA	Flexibacteraceae	Sphingobacteriales	Sphingobacteria	Bacteroidetes	Bacteria
146467	NA	Spirosoma	Flexibacteraceae	Sphingobacteriales	Sphingobacteria	Bacteroidetes	Bacteria
510901	NA	Spirosoma	Flexibacteraceae	Sphingobacteriales	Sphingobacteria	Bacteroidetes	Bacteria
508075	NA	Runella	Flexibacteraceae	Sphingobacteriales	Sphingobacteria	Bacteroidetes	Bacteria
510721	NA	Dyadobacter	Flexibacteraceae	Sphingobacteriales	Sphingobacteria	Bacteroidetes	Bacteria
362966	NA	Dyadobacter	Flexibacteraceae	Sphingobacteriales	Sphingobacteria	Bacteroidetes	Bacteria
181596	NA	NA	NA	Sphingobacteriales	Sphingobacteria	Bacteroidetes	Bacteria
335025	NA	NA	Saprospiraceae	Sphingobacteriales	Sphingobacteria	Bacteroidetes	Bacteria
329138	NA	NA	Saprospiraceae	Sphingobacteriales	Sphingobacteria	Bacteroidetes	Bacteria
204415	NA	NA	Saprospiraceae	Sphingobacteriales	Sphingobacteria	Bacteroidetes	Bacteria
2538	NA	NA	Saprospiraceae	Sphingobacteriales	Sphingobacteria	Bacteroidetes	Bacteria
252788	NA	NA	Saprospiraceae	Sphingobacteriales	Sphingobacteria	Bacteroidetes	Bacteria
252967	NA	NA	Saprospiraceae	Sphingobacteriales	Sphingobacteria	Bacteroidetes	Bacteria
263176	NA	NA	Saprospiraceae	Sphingobacteriales	Sphingobacteria	Bacteroidetes	Bacteria
274126	NA	NA	Saprospiraceae	Sphingobacteriales	Sphingobacteria	Bacteroidetes	Bacteria
576442	NA	NA	Saprospiraceae	Sphingobacteriales	Sphingobacteria	Bacteroidetes	Bacteria
564650	NA	NA	Saprospiraceae	Sphingobacteriales	Sphingobacteria	Bacteroidetes	Bacteria
194491	NA	NA	Saprospiraceae	Sphingobacteriales	Sphingobacteria	Bacteroidetes	Bacteria
378092	NA	CandidatusAquirestis	Saprospiraceae	Sphingobacteriales	Sphingobacteria	Bacteroidetes	Bacteria
278585	NA	NA	Saprospiraceae	Sphingobacteriales	Sphingobacteria	Bacteroidetes	Bacteria
273031	Lewinellanigricans	Lewinella	Saprospiraceae	Sphingobacteriales	Sphingobacteria	Bacteroidetes	Bacteria
263421	NA	NA	Saprospiraceae	Sphingobacteriales	Sphingobacteria	Bacteroidetes	Bacteria
339533	NA	NA	Saprospiraceae	Sphingobacteriales	Sphingobacteria	Bacteroidetes	Bacteria
182208	NA	NA	Saprospiraceae	Sphingobacteriales	Sphingobacteria	Bacteroidetes	Bacteria
35418	NA	Aureispira	Saprospiraceae	Sphingobacteriales	Sphingobacteria	Bacteroidetes	Bacteria
255567	NA	Aureispira	Saprospiraceae	Sphingobacteriales	Sphingobacteria	Bacteroidetes	Bacteria
2554	NA	NA	NA	Sphingobacteriales	Sphingobacteria	Bacteroidetes	Bacteria
533454	NA	NA	NA	Sphingobacteriales	Sphingobacteria	Bacteroidetes	Bacteria
205961	NA	NA	NA	Sphingobacteriales	Sphingobacteria	Bacteroidetes	Bacteria
249252	NA	NA	NA	Sphingobacteriales	Sphingobacteria	Bacteroidetes	Bacteria
327512	NA	NA	NA	Sphingobacteriales	Sphingobacteria	Bacteroidetes	Bacteria
314149	NA	NA	NA	Sphingobacteriales	Sphingobacteria	Bacteroidetes	Bacteria
309523	NA	NA	NA	Sphingobacteriales	Sphingobacteria	Bacteroidetes	Bacteria
555333	NA	NA	NA	Sphingobacteriales	Sphingobacteria	Bacteroidetes	Bacteria
233334	NA	NA	NA	Sphingobacteriales	Sphingobacteria	Bacteroidetes	Bacteria
574458	NA	NA	NA	Sphingobacteriales	Sphingobacteria	Bacteroidetes	Bacteria
235904	NA	NA	NA	Sphingobacteriales	Sphingobacteria	Bacteroidetes	Bacteria
306684	NA	NA	NA	Sphingobacteriales	Sphingobacteria	Bacteroidetes	Bacteria
540217	NA	NA	NA	Sphingobacteriales	Sphingobacteria	Bacteroidetes	Bacteria
282480	NA	NA	NA	Sphingobacteriales	Sphingobacteria	Bacteroidetes	Bacteria
534067	NA	NA	NA	Sphingobacteriales	Sphingobacteria	Bacteroidetes	Bacteria
252037	NA	NA	NA	Sphingobacteriales	Sphingobacteria	Bacteroidetes	Bacteria
160173	NA	NA	NA	Sphingobacteriales	Sphingobacteria	Bacteroidetes	Bacteria
528336	NA	NA	NA	Sphingobacteriales	Sphingobacteria	Bacteroidetes	Bacteria
567683	NA	NA	NA	Sphingobacteriales	Sphingobacteria	Bacteroidetes	Bacteria
246781	NA	NA	NA	Sphingobacteriales	Sphingobacteria	Bacteroidetes	Bacteria
572138	NA	NA	NA	Sphingobacteriales	Sphingobacteria	Bacteroidetes	Bacteria
160651	NA	NA	NA	Sphingobacteriales	Sphingobacteria	Bacteroidetes	Bacteria
543592	NA	NA	NA	Sphingobacteriales	Sphingobacteria	Bacteroidetes	Bacteria
526032	NA	NA	NA	Sphingobacteriales	Sphingobacteria	Bacteroidetes	Bacteria
109907	NA	NA	NA	Sphingobacteriales	Sphingobacteria	Bacteroidetes	Bacteria
541963	NA	NA	NA	Sphingobacteriales	Sphingobacteria	Bacteroidetes	Bacteria
245652	NA	NA	NA	Sphingobacteriales	Sphingobacteria	Bacteroidetes	Bacteria
213892	NA	NA	NA	Sphingobacteriales	Sphingobacteria	Bacteroidetes	Bacteria
328627	NA	NA	NA	Sphingobacteriales	Sphingobacteria	Bacteroidetes	Bacteria
551895	NA	NA	NA	Sphingobacteriales	Sphingobacteria	Bacteroidetes	Bacteria
47339	NA	NA	NA	Sphingobacteriales	Sphingobacteria	Bacteroidetes	Bacteria
278390	NA	NA	NA	Sphingobacteriales	Sphingobacteria	Bacteroidetes	Bacteria
250672	NA	NA	NA	Sphingobacteriales	Sphingobacteria	Bacteroidetes	Bacteria
563390	NA	NA	NA	Sphingobacteriales	Sphingobacteria	Bacteroidetes	Bacteria
317096	NA	NA	NA	Sphingobacteriales	Sphingobacteria	Bacteroidetes	Bacteria
556825	NA	NA	NA	Sphingobacteriales	Sphingobacteria	Bacteroidetes	Bacteria
280545	NA	NA	NA	Sphingobacteriales	Sphingobacteria	Bacteroidetes	Bacteria
113866	NA	NA	NA	Sphingobacteriales	Sphingobacteria	Bacteroidetes	Bacteria
565399	NA	NA	NA	Sphingobacteriales	Sphingobacteria	Bacteroidetes	Bacteria
586693	NA	NA	NA	Sphingobacteriales	Sphingobacteria	Bacteroidetes	Bacteria
554086	NA	NA	NA	Sphingobacteriales	Sphingobacteria	Bacteroidetes	Bacteria
553480	NA	Flavisolibacter	NA	Sphingobacteriales	Sphingobacteria	Bacteroidetes	Bacteria
534493	NA	Flavisolibacter	NA	Sphingobacteriales	Sphingobacteria	Bacteroidetes	Bacteria
210176	NA	Flavisolibacter	NA	Sphingobacteriales	Sphingobacteria	Bacteroidetes	Bacteria
154761	NA	Flavisolibacter	NA	Sphingobacteriales	Sphingobacteria	Bacteroidetes	Bacteria
134825	NA	Flavisolibacter	NA	Sphingobacteriales	Sphingobacteria	Bacteroidetes	Bacteria
167066	NA	Flavisolibacter	NA	Sphingobacteriales	Sphingobacteria	Bacteroidetes	Bacteria
113307	NA	NA	NA	Sphingobacteriales	Sphingobacteria	Bacteroidetes	Bacteria
55504	NA	NA	NA	Sphingobacteriales	Sphingobacteria	Bacteroidetes	Bacteria
250277	NA	NA	NA	Sphingobacteriales	Sphingobacteria	Bacteroidetes	Bacteria
445860	NA	NA	NA	Sphingobacteriales	Sphingobacteria	Bacteroidetes	Bacteria
557824	NA	NA	NA	Sphingobacteriales	Sphingobacteria	Bacteroidetes	Bacteria
562783	NA	Segetibacter	NA	Sphingobacteriales	Sphingobacteria	Bacteroidetes	Bacteria
155441	NA	Segetibacter	NA	Sphingobacteriales	Sphingobacteria	Bacteroidetes	Bacteria
512264	NA	NA	NA	Sphingobacteriales	Sphingobacteria	Bacteroidetes	Bacteria
517065	NA	NA	NA	Sphingobacteriales	Sphingobacteria	Bacteroidetes	Bacteria
96454	NA	NA	NA	Sphingobacteriales	Sphingobacteria	Bacteroidetes	Bacteria
58374	NA	NA	NA	Sphingobacteriales	Sphingobacteria	Bacteroidetes	Bacteria
278221	NA	NA	NA	Sphingobacteriales	Sphingobacteria	Bacteroidetes	Bacteria
127471	NA	NA	NA	Sphingobacteriales	Sphingobacteria	Bacteroidetes	Bacteria
70346	NA	NA	NA	Sphingobacteriales	Sphingobacteria	Bacteroidetes	Bacteria
548506	NA	NA	NA	Sphingobacteriales	Sphingobacteria	Bacteroidetes	Bacteria
206279	NA	NA	NA	Sphingobacteriales	Sphingobacteria	Bacteroidetes	Bacteria
241011	NA	NA	NA	Sphingobacteriales	Sphingobacteria	Bacteroidetes	Bacteria
153532	NA	NA	NA	Sphingobacteriales	Sphingobacteria	Bacteroidetes	Bacteria
97049	NA	NA	NA	Sphingobacteriales	Sphingobacteria	Bacteroidetes	Bacteria
151254	NA	NA	NA	Sphingobacteriales	Sphingobacteria	Bacteroidetes	Bacteria
558023	NA	NA	NA	Sphingobacteriales	Sphingobacteria	Bacteroidetes	Bacteria
241123	NA	NA	NA	Sphingobacteriales	Sphingobacteria	Bacteroidetes	Bacteria
346774	NA	NA	NA	Sphingobacteriales	Sphingobacteria	Bacteroidetes	Bacteria
534616	NA	NA	NA	Sphingobacteriales	Sphingobacteria	Bacteroidetes	Bacteria
228372	NA	NA	NA	Sphingobacteriales	Sphingobacteria	Bacteroidetes	Bacteria
246967	NA	NA	NA	Sphingobacteriales	Sphingobacteria	Bacteroidetes	Bacteria
570489	NA	NA	Rhodothermaceae	Sphingobacteriales	Sphingobacteria	Bacteroidetes	Bacteria
255558	NA	NA	Rhodothermaceae	Sphingobacteriales	Sphingobacteria	Bacteroidetes	Bacteria
164768	NA	NA	Rhodothermaceae	Sphingobacteriales	Sphingobacteria	Bacteroidetes	Bacteria
161044	NA	NA	Rhodothermaceae	Sphingobacteriales	Sphingobacteria	Bacteroidetes	Bacteria
558716	NA	NA	NA	Caldithrixales	Caldithrixae	Caldithrix	Bacteria
523998	NA	NA	NA	Caldithrixales	Caldithrixae	Caldithrix	Bacteria
31738	NA	NA	NA	Caldithrixales	Caldithrixae	Caldithrix	Bacteria
346244	NA	NA	NA	NA	Ucn15732	KSB1	Bacteria
273907	NA	NA	NA	NA	GW-22	KSB1	Bacteria
343475	NA	SargSea-WGS	A714017	Arctic96B-7	AB16	SAR406	Bacteria
104828	NA	SargSea-WGS	A714017	Arctic96B-7	AB16	SAR406	Bacteria
234454	NA	SGSH944	A714017	Arctic96B-7	AB16	SAR406	Bacteria
589064	NA	SGSH944	A714017	Arctic96B-7	AB16	SAR406	Bacteria
68979	NA	SGSH944	A714017	Arctic96B-7	AB16	SAR406	Bacteria
228198	NA	SGSH944	A714017	Arctic96B-7	AB16	SAR406	Bacteria
591182	NA	ZA3312c	A714017	Arctic96B-7	AB16	SAR406	Bacteria
101444	NA	ZA3312c	A714017	Arctic96B-7	AB16	SAR406	Bacteria
137211	NA	NA	AEGEAN_185	ZA3648c	AB16	SAR406	Bacteria
380491	NA	Deinococcus	Deinococcaceae	Deinococcales	Deinococci	Thermi	Bacteria
344057	NA	Deinococcus	Deinococcaceae	Deinococcales	Deinococci	Thermi	Bacteria
105839	NA	NA	Gemmatimonadaceae	Gemmatimonadales	Gemmatimonadetes	Gemmatimonadetes	Bacteria
362018	NA	Gemmatimonas	Gemmatimonadaceae	Gemmatimonadales	Gemmatimonadetes	Gemmatimonadetes	Bacteria
207957	NA	Gemmatimonas	Gemmatimonadaceae	Gemmatimonadales	Gemmatimonadetes	Gemmatimonadetes	Bacteria
572428	NA	Gemmatimonas	Gemmatimonadaceae	Gemmatimonadales	Gemmatimonadetes	Gemmatimonadetes	Bacteria
234041	NA	Gemmatimonas	Gemmatimonadaceae	Gemmatimonadales	Gemmatimonadetes	Gemmatimonadetes	Bacteria
336034	NA	Gemmatimonas	Gemmatimonadaceae	Gemmatimonadales	Gemmatimonadetes	Gemmatimonadetes	Bacteria
81623	NA	Gemmatimonas	Gemmatimonadaceae	Gemmatimonadales	Gemmatimonadetes	Gemmatimonadetes	Bacteria
142105	NA	Gemmatimonas	Gemmatimonadaceae	Gemmatimonadales	Gemmatimonadetes	Gemmatimonadetes	Bacteria
76374	NA	Gemmatimonas	Gemmatimonadaceae	Gemmatimonadales	Gemmatimonadetes	Gemmatimonadetes	Bacteria
593891	NA	Gemmatimonas	Gemmatimonadaceae	Gemmatimonadales	Gemmatimonadetes	Gemmatimonadetes	Bacteria
113777	NA	NA	Gemmatimonadaceae	Gemmatimonadales	Gemmatimonadetes	Gemmatimonadetes	Bacteria
232442	NA	NA	NA	Gemmatimonadales	Gemmatimonadetes	Gemmatimonadetes	Bacteria
252798	NA	NA	NA	Gemmatimonadales	Gemmatimonadetes	Gemmatimonadetes	Bacteria
355297	NA	NA	NA	Gemmatimonadales	Gemmatimonadetes	Gemmatimonadetes	Bacteria
113192	NA	NA	NA	NA	Gemmatimonadetes	Gemmatimonadetes	Bacteria
182109	NA	NA	NA	NA	Gemmatimonadetes	Gemmatimonadetes	Bacteria
304950	NA	NA	NA	NA	Gemmatimonadetes	Gemmatimonadetes	Bacteria
589761	NA	NA	NA	NA	Gemmatimonadetes	Gemmatimonadetes	Bacteria
277923	NA	NA	NA	NA	Gemmatimonadetes	Gemmatimonadetes	Bacteria
530814	NA	NA	NA	NA	Gemmatimonadetes	Gemmatimonadetes	Bacteria
533069	NA	NA	NA	NA	Gemmatimonadetes	Gemmatimonadetes	Bacteria
276624	NA	NA	NA	NA	Gemmatimonadetes	Gemmatimonadetes	Bacteria
147735	NA	NA	NA	NA	Gemmatimonadetes	Gemmatimonadetes	Bacteria
105224	NA	NA	NA	NA	SHA-114	AC1	Bacteria
304435	NA	NA	NA	NA	OP8_2	OP8	Bacteria
152020	NA	NA	NA	HMMVPog-54	OP8_1	OP8	Bacteria
218039	NA	NA	NA	HMMVPog-54	OP8_1	OP8	Bacteria
251942	NA	NA	NA	HMMVPog-54	OP8_1	OP8	Bacteria
238907	NA	NA	NA	HMMVPog-54	OP8_1	OP8	Bacteria
134526	NA	NA	NA	SHA-124	OP8_1	OP8	Bacteria
276838	NA	NA	NA	SHA-124	OP8_1	OP8	Bacteria
535000	NA	NA	NA	SHA-124	OP8_1	OP8	Bacteria
73076	NA	NA	NA	SHA-124	OP8_1	OP8	Bacteria
553953	NA	NA	NA	SHA-124	OP8_1	OP8	Bacteria
271962	NA	NA	NA	SHA-124	OP8_1	OP8	Bacteria
89676	NA	NA	NA	NA	OP8_1	OP8	Bacteria
509120	NA	NA	NA	FAC88	Elusimicrobia	Elusimicrobia	Bacteria
236940	NA	NA	NA	MVP-88	Elusimicrobia	Elusimicrobia	Bacteria
578422	NA	NA	NA	JH-WHS47	12-24	NC10	Bacteria
538794	NA	NA	NA	JH-WHS47	12-24	NC10	Bacteria
257902	NA	NA	NA	JH-WHS47	12-24	NC10	Bacteria
75874	NA	NA	NA	JH-WHS47	12-24	NC10	Bacteria
514003	NA	NA	NA	JH-WHS47	12-24	NC10	Bacteria
306921	NA	NA	NA	NA	0319-6G9	SPAM	Bacteria
213599	NA	NA	NA	NA	0319-6G9	SPAM	Bacteria
341275	NA	NA	NA	NA	NA	Acidobacteria	Bacteria
142005	NA	NA	NA	NA	NA	Acidobacteria	Bacteria
237962	NA	NA	NA	NA	NA	Acidobacteria	Bacteria
509823	NA	NA	NA	NA	NA	Acidobacteria	Bacteria
359433	NA	NA	NA	NA	NA	Acidobacteria	Bacteria
254954	NA	NA	NA	NA	NA	Acidobacteria	Bacteria
337205	NA	NA	NA	NA	NA	Acidobacteria	Bacteria
550406	NA	NA	NA	NA	NA	Acidobacteria	Bacteria
584106	NA	NA	NA	NA	NA	Acidobacteria	Bacteria
562772	NA	NA	NA	NA	Chloracidobacteria	Acidobacteria	Bacteria
130368	NA	NA	NA	NA	Chloracidobacteria	Acidobacteria	Bacteria
590533	NA	NA	NA	NA	Chloracidobacteria	Acidobacteria	Bacteria
239226	NA	NA	NA	NA	Chloracidobacteria	Acidobacteria	Bacteria
130135	NA	NA	NA	NA	Chloracidobacteria	Acidobacteria	Bacteria
193738	NA	NA	NA	NA	Chloracidobacteria	Acidobacteria	Bacteria
213767	NA	NA	NA	NA	Chloracidobacteria	Acidobacteria	Bacteria
512304	NA	NA	NA	NA	Chloracidobacteria	Acidobacteria	Bacteria
533525	NA	NA	NA	NA	NA	Acidobacteria	Bacteria
235270	NA	NA	NA	NA	NA	Acidobacteria	Bacteria
41797	NA	NA	Acidobacteriaceae	Acidobacteriales	Acidobacteria	Acidobacteria	Bacteria
294313	NA	NA	NA	NA	NA	Acidobacteria	Bacteria
531025	NA	NA	NA	NA	NA	Acidobacteria	Bacteria
113959	NA	NA	NA	NA	NA	Acidobacteria	Bacteria
279297	NA	CandidatusSolibacter	Solibacteraceae	Solibacterales	Solibacteres	Acidobacteria	Bacteria
154822	NA	CandidatusSolibacter	Solibacteraceae	Solibacterales	Solibacteres	Acidobacteria	Bacteria
36155	NA	CandidatusSolibacter	Solibacteraceae	Solibacterales	Solibacteres	Acidobacteria	Bacteria
557785	NA	CandidatusSolibacter	Solibacteraceae	Solibacterales	Solibacteres	Acidobacteria	Bacteria
161914	NA	CandidatusSolibacter	Solibacteraceae	Solibacterales	Solibacteres	Acidobacteria	Bacteria
562807	NA	CandidatusSolibacter	Solibacteraceae	Solibacterales	Solibacteres	Acidobacteria	Bacteria
589802	NA	CandidatusSolibacter	Solibacteraceae	Solibacterales	Solibacteres	Acidobacteria	Bacteria
3677	NA	CandidatusSolibacter	Solibacteraceae	Solibacterales	Solibacteres	Acidobacteria	Bacteria
66935	NA	CandidatusSolibacter	Solibacteraceae	Solibacterales	Solibacteres	Acidobacteria	Bacteria
272782	NA	CandidatusSolibacter	Solibacteraceae	Solibacterales	Solibacteres	Acidobacteria	Bacteria
589751	NA	CandidatusSolibacter	Solibacteraceae	Solibacterales	Solibacteres	Acidobacteria	Bacteria
241567	NA	CandidatusSolibacter	Solibacteraceae	Solibacterales	Solibacteres	Acidobacteria	Bacteria
540593	NA	CandidatusSolibacter	Solibacteraceae	Solibacterales	Solibacteres	Acidobacteria	Bacteria
529964	NA	CandidatusSolibacter	Solibacteraceae	Solibacterales	Solibacteres	Acidobacteria	Bacteria
332934	NA	CandidatusSolibacter	Solibacteraceae	Solibacterales	Solibacteres	Acidobacteria	Bacteria
215356	NA	CandidatusSolibacter	Solibacteraceae	Solibacterales	Solibacteres	Acidobacteria	Bacteria
224203	NA	CandidatusSolibacter	Solibacteraceae	Solibacterales	Solibacteres	Acidobacteria	Bacteria
210615	NA	CandidatusSolibacter	Solibacteraceae	Solibacterales	Solibacteres	Acidobacteria	Bacteria
141801	NA	CandidatusSolibacter	Solibacteraceae	Solibacterales	Solibacteres	Acidobacteria	Bacteria
199540	NA	CandidatusSolibacter	Solibacteraceae	Solibacterales	Solibacteres	Acidobacteria	Bacteria
272414	NA	CandidatusSolibacter	Solibacteraceae	Solibacterales	Solibacteres	Acidobacteria	Bacteria
223271	NA	NA	NA	Acidobacteriales	Acidobacteria	Acidobacteria	Bacteria
582320	NA	NA	NA	Acidobacteriales	Acidobacteria	Acidobacteria	Bacteria
252501	NA	NA	NA	Acidobacteriales	Acidobacteria	Acidobacteria	Bacteria
257461	NA	NA	NA	Acidobacteriales	Acidobacteria	Acidobacteria	Bacteria
121575	NA	NA	NA	Acidobacteriales	Acidobacteria	Acidobacteria	Bacteria
370090	NA	NA	NA	Acidobacteriales	Acidobacteria	Acidobacteria	Bacteria
584801	NA	NA	NA	Acidobacteriales	Acidobacteria	Acidobacteria	Bacteria
530540	NA	NA	NA	Acidobacteriales	Acidobacteria	Acidobacteria	Bacteria
361764	NA	NA	NA	Acidobacteriales	Acidobacteria	Acidobacteria	Bacteria
93865	NA	NA	NA	Acidobacteriales	Acidobacteria	Acidobacteria	Bacteria
527683	NA	NA	NA	Acidobacteriales	Acidobacteria	Acidobacteria	Bacteria
28670	NA	NA	NA	Acidobacteriales	Acidobacteria	Acidobacteria	Bacteria
362116	NA	NA	NA	Acidobacteriales	Acidobacteria	Acidobacteria	Bacteria
161103	NA	NA	NA	Acidobacteriales	Acidobacteria	Acidobacteria	Bacteria
209723	NA	NA	NA	Acidobacteriales	Acidobacteria	Acidobacteria	Bacteria
214042	NA	NA	NA	Acidobacteriales	Acidobacteria	Acidobacteria	Bacteria
206192	NA	NA	NA	Acidobacteriales	Acidobacteria	Acidobacteria	Bacteria
226487	NA	NA	NA	Acidobacteriales	Acidobacteria	Acidobacteria	Bacteria
592891	NA	NA	NA	Acidobacteriales	Acidobacteria	Acidobacteria	Bacteria
75044	NA	NA	NA	Acidobacteriales	Acidobacteria	Acidobacteria	Bacteria
240630	NA	NA	NA	Acidobacteriales	Acidobacteria	Acidobacteria	Bacteria
279390	NA	NA	NA	Acidobacteriales	Acidobacteria	Acidobacteria	Bacteria
141984	NA	NA	NA	Acidobacteriales	Acidobacteria	Acidobacteria	Bacteria
240529	NA	NA	NA	Acidobacteriales	Acidobacteria	Acidobacteria	Bacteria
236775	NA	NA	NA	Acidobacteriales	Acidobacteria	Acidobacteria	Bacteria
144789	NA	NA	NA	Acidobacteriales	Acidobacteria	Acidobacteria	Bacteria
162113	NA	NA	NA	Acidobacteriales	Acidobacteria	Acidobacteria	Bacteria
1847	NA	NA	NA	Acidobacteriales	Acidobacteria	Acidobacteria	Bacteria
583119	NA	NA	NA	Acidobacteriales	Acidobacteria	Acidobacteria	Bacteria
90452	NA	NA	NA	Acidobacteriales	Acidobacteria	Acidobacteria	Bacteria
306180	NA	NA	NA	Acidobacteriales	Acidobacteria	Acidobacteria	Bacteria
514381	NA	NA	NA	Acidobacteriales	Acidobacteria	Acidobacteria	Bacteria
329486	NA	NA	NA	Acidobacteriales	Acidobacteria	Acidobacteria	Bacteria
362645	NA	NA	NA	Acidobacteriales	Acidobacteria	Acidobacteria	Bacteria
103326	NA	NA	NA	Acidobacteriales	Acidobacteria	Acidobacteria	Bacteria
225522	NA	NA	NA	Acidobacteriales	Acidobacteria	Acidobacteria	Bacteria
273309	NA	NA	NA	Acidobacteriales	Acidobacteria	Acidobacteria	Bacteria
218467	NA	NA	NA	Acidobacteriales	Acidobacteria	Acidobacteria	Bacteria
142411	NA	NA	NA	Acidobacteriales	Acidobacteria	Acidobacteria	Bacteria
273538	NA	NA	NA	Acidobacteriales	Acidobacteria	Acidobacteria	Bacteria
334113	NA	NA	NA	Acidobacteriales	Acidobacteria	Acidobacteria	Bacteria
194730	NA	NA	NA	Acidobacteriales	Acidobacteria	Acidobacteria	Bacteria
333448	NA	NA	NA	NA	MVS-40	Acidobacteria	Bacteria
222747	NA	NA	NA	NA	MVS-40	Acidobacteria	Bacteria
63234	NA	NA	NA	NA	MVS-40	Acidobacteria	Bacteria
545706	NA	NA	NA	NA	MVS-40	Acidobacteria	Bacteria
584529	NA	NA	NA	NA	MVS-40	Acidobacteria	Bacteria
553178	NA	NA	NA	NA	MVS-40	Acidobacteria	Bacteria
237457	NA	NA	NA	NA	MVS-40	Acidobacteria	Bacteria
226421	NA	NA	NA	NA	MVS-40	Acidobacteria	Bacteria
590326	NA	NA	NA	NA	MVS-40	Acidobacteria	Bacteria
583865	NA	NA	NA	NA	MVS-40	Acidobacteria	Bacteria
63239	NA	NA	NA	NA	MVS-40	Acidobacteria	Bacteria
170193	NA	NA	NA	NA	MVS-40	Acidobacteria	Bacteria
543083	NA	NA	NA	NA	MVS-40	Acidobacteria	Bacteria
142591	NA	NA	NA	NA	MVS-40	Acidobacteria	Bacteria
272259	NA	NA	NA	NA	MVS-40	Acidobacteria	Bacteria
509593	NA	NA	NA	NA	MVS-40	Acidobacteria	Bacteria
160549	NA	NA	NA	NA	BPC102	Acidobacteria	Bacteria
574623	NA	NA	NA	NA	RB25	Acidobacteria	Bacteria
204817	NA	NA	NA	NA	RB25	Acidobacteria	Bacteria
553535	NA	NA	NA	NA	RB25	Acidobacteria	Bacteria
275375	NA	NA	NA	NA	RB25	Acidobacteria	Bacteria
240534	NA	NA	NA	NA	RB25	Acidobacteria	Bacteria
1710	NA	NA	NA	NA	RB25	Acidobacteria	Bacteria
581733	NA	NA	NA	NA	RB25	Acidobacteria	Bacteria
146478	NA	NA	NA	NA	OS-K	Acidobacteria	Bacteria
262036	NA	NA	NA	NA	OS-K	Acidobacteria	Bacteria
556802	NA	NA	NA	NA	OS-K	Acidobacteria	Bacteria
326537	NA	NA	NA	SJA-36	iii1-8	Acidobacteria	Bacteria
217242	NA	NA	NA	SJA-36	iii1-8	Acidobacteria	Bacteria
148437	NA	NA	NA	SJA-36	iii1-8	Acidobacteria	Bacteria
522476	NA	NA	NA	32-20	iii1-8	Acidobacteria	Bacteria
241435	NA	NA	NA	Sva0725	Sva0725	Acidobacteria	Bacteria
259756	NA	NA	NA	Sva0725	Sva0725	Acidobacteria	Bacteria
574895	NA	NA	NA	Sva0725	Sva0725	Acidobacteria	Bacteria
557689	NA	NA	NA	Sva0725	Sva0725	Acidobacteria	Bacteria
223804	NA	NA	NA	Sva0725	Sva0725	Acidobacteria	Bacteria
139153	NA	NA	NA	Sva0725	Sva0725	Acidobacteria	Bacteria
204709	NA	NA	NA	Sva0725	Sva0725	Acidobacteria	Bacteria
132450	NA	NA	Holophagaceae	Holophagales	Holophagae	Acidobacteria	Bacteria
556025	NA	NA	Holophagaceae	Holophagales	Holophagae	Acidobacteria	Bacteria
76766	NA	NA	Holophagaceae	Holophagales	Holophagae	Acidobacteria	Bacteria
144899	NA	NA	Holophagaceae	Holophagales	Holophagae	Acidobacteria	Bacteria
1732	NA	NA	Holophagaceae	Holophagales	Holophagae	Acidobacteria	Bacteria
553643	NA	NA	Holophagaceae	Holophagales	Holophagae	Acidobacteria	Bacteria
76099	NA	Geothrix	Holophagaceae	Holophagales	Holophagae	Acidobacteria	Bacteria
1736	NA	Geothrix	Holophagaceae	Holophagales	Holophagae	Acidobacteria	Bacteria
147757	NA	NA	Holophagaceae	Holophagales	Holophagae	Acidobacteria	Bacteria
514080	NA	BD2-6	Thermodesulfovibrionaceae	Nitrospirales	Nitrospira	Nitrospirae	Bacteria
540847	NA	LCP-6	Thermodesulfovibrionaceae	Nitrospirales	Nitrospira	Nitrospirae	Bacteria
167800	NA	LCP-6	Thermodesulfovibrionaceae	Nitrospirales	Nitrospira	Nitrospirae	Bacteria
63221	NA	LCP-6	Thermodesulfovibrionaceae	Nitrospirales	Nitrospira	Nitrospirae	Bacteria
51852	NA	LCP-6	Thermodesulfovibrionaceae	Nitrospirales	Nitrospira	Nitrospirae	Bacteria
577111	NA	LCP-6	Thermodesulfovibrionaceae	Nitrospirales	Nitrospira	Nitrospirae	Bacteria
143270	NA	NA	Thermodesulfovibrionaceae	Nitrospirales	Nitrospira	Nitrospirae	Bacteria
105005	NA	GOUTA19	Thermodesulfovibrionaceae	Nitrospirales	Nitrospira	Nitrospirae	Bacteria
159929	NA	GOUTA19	Thermodesulfovibrionaceae	Nitrospirales	Nitrospira	Nitrospirae	Bacteria
154959	NA	GOUTA19	Thermodesulfovibrionaceae	Nitrospirales	Nitrospira	Nitrospirae	Bacteria
169793	NA	GOUTA19	Thermodesulfovibrionaceae	Nitrospirales	Nitrospira	Nitrospirae	Bacteria
143990	NA	GOUTA19	Thermodesulfovibrionaceae	Nitrospirales	Nitrospira	Nitrospirae	Bacteria
246040	NA	Nitrospira	Nitrospiraceae	Nitrospirales	Nitrospira	Nitrospirae	Bacteria
141312	NA	Nitrospira	Nitrospiraceae	Nitrospirales	Nitrospira	Nitrospirae	Bacteria
589700	NA	4-29	FW	Nitrospirales	Nitrospira	Nitrospirae	Bacteria
244996	NA	4-29	FW	Nitrospirales	Nitrospira	Nitrospirae	Bacteria
551656	NA	4-29	FW	Nitrospirales	Nitrospira	Nitrospirae	Bacteria
252035	NA	4-29	FW	Nitrospirales	Nitrospira	Nitrospirae	Bacteria
543239	NA	4-29	FW	Nitrospirales	Nitrospira	Nitrospirae	Bacteria
339589	NA	Nitrospina	Nitrospinaceae	Desulfobacterales	Deltaproteobacteria	Proteobacteria	Bacteria
203996	NA	NA	NA	Desulfobacterales	Deltaproteobacteria	Proteobacteria	Bacteria
238328	NA	NA	NA	NA	NA	NKB19	Bacteria
552017	NA	NA	NA	NA	GN13	NKB19	Bacteria
541641	NA	NA	NA	NA	GN13	NKB19	Bacteria
239678	NA	NA	NA	NA	PRR-11	BRC1	Bacteria
158132	NA	NA	NA	NA	WM88	Hyd24-12	Bacteria
567353	NA	NA	NA	SSS58A	PRR-12	WS3	Bacteria
511928	NA	NA	NA	GN03	PRR-12	WS3	Bacteria
252204	NA	NA	NA	GN03	PRR-12	WS3	Bacteria
33594	NA	NA	NA	GN03	PRR-12	WS3	Bacteria
286220	NA	NA	NA	GN03	PRR-12	WS3	Bacteria
304181	NA	NA	NA	GN03	PRR-12	WS3	Bacteria
535561	NA	NA	NA	LD1-PA13	PRR-12	WS3	Bacteria
267092	NA	NA	NA	CV106	PRR-12	WS3	Bacteria
264692	NA	NA	NA	CV106	PRR-12	WS3	Bacteria
28793	NA	NA	NA	Sediment-1	PRR-12	WS3	Bacteria
241451	NA	NA	PRR-10	Sediment-1	PRR-12	WS3	Bacteria
185827	NA	NA	PRR-10	Sediment-1	PRR-12	WS3	Bacteria
144091	NA	NA	PRR-10	Sediment-1	PRR-12	WS3	Bacteria
252958	NA	NA	PRR-10	Sediment-1	PRR-12	WS3	Bacteria
125802	NA	NA	PRR-10	Sediment-1	PRR-12	WS3	Bacteria
113334	NA	NA	NA	Sediment-1	PRR-12	WS3	Bacteria
510686	NA	NA	NA	wb1_H11	PRR-12	WS3	Bacteria
172911	NA	NA	NA	NA	PRR-12	WS3	Bacteria
204759	NA	NA	NA	NA	MSB-5A5	GN04	Bacteria
405181	NA	NA	NA	NA	GN15	GN04	Bacteria
258358	NA	NA	NA	NA	GN15	GN04	Bacteria
523166	NA	NA	NA	NA	GN15	GN04	Bacteria
270455	NA	NA	Puniceicoccaceae	Puniceicoccales	Opitutae	Verrucomicrobia	Bacteria
310512	NA	NA	Puniceicoccaceae	Puniceicoccales	Opitutae	Verrucomicrobia	Bacteria
341545	NA	NA	Puniceicoccaceae	Puniceicoccales	Opitutae	Verrucomicrobia	Bacteria
278788	NA	NA	Puniceicoccaceae	Puniceicoccales	Opitutae	Verrucomicrobia	Bacteria
334374	NA	NA	Puniceicoccaceae	Puniceicoccales	Opitutae	Verrucomicrobia	Bacteria
545467	NA	NA	Puniceicoccaceae	Puniceicoccales	Opitutae	Verrucomicrobia	Bacteria
41135	NA	NA	Puniceicoccaceae	Puniceicoccales	Opitutae	Verrucomicrobia	Bacteria
245143	NA	NA	Puniceicoccaceae	Puniceicoccales	Opitutae	Verrucomicrobia	Bacteria
234675	NA	NA	Puniceicoccaceae	Puniceicoccales	Opitutae	Verrucomicrobia	Bacteria
227671	NA	NA	Puniceicoccaceae	Puniceicoccales	Opitutae	Verrucomicrobia	Bacteria
119942	NA	NA	Puniceicoccaceae	Puniceicoccales	Opitutae	Verrucomicrobia	Bacteria
577212	NA	NA	Puniceicoccaceae	Puniceicoccales	Opitutae	Verrucomicrobia	Bacteria
305871	NA	NA	Puniceicoccaceae	Puniceicoccales	Opitutae	Verrucomicrobia	Bacteria
323190	NA	Opitutus	Opitutaceae	Opitutales	Opitutae	Verrucomicrobia	Bacteria
584845	NA	NA	Opitutaceae	Opitutales	Opitutae	Verrucomicrobia	Bacteria
209628	NA	NA	Opitutaceae	Opitutales	Opitutae	Verrucomicrobia	Bacteria
216828	NA	NA	Opitutaceae	Opitutales	Opitutae	Verrucomicrobia	Bacteria
114788	NA	NA	Opitutaceae	Opitutales	Opitutae	Verrucomicrobia	Bacteria
304196	NA	NA	Opitutaceae	Opitutales	Opitutae	Verrucomicrobia	Bacteria
513750	NA	NA	NA	NA	Opitutae	Verrucomicrobia	Bacteria
534533	NA	NA	LD19	Methylacidiphilales	Methylacidiphilae	Verrucomicrobia	Bacteria
148371	NA	NA	Verrucomicrobiaceae	Verrucomicrobiales	Verrucomicrobiae	Verrucomicrobia	Bacteria
544574	NA	NA	Verrucomicrobiaceae	Verrucomicrobiales	Verrucomicrobiae	Verrucomicrobia	Bacteria
319505	NA	Luteolibacter	Verrucomicrobiaceae	Verrucomicrobiales	Verrucomicrobiae	Verrucomicrobia	Bacteria
170976	NA	Luteolibacter	Verrucomicrobiaceae	Verrucomicrobiales	Verrucomicrobiae	Verrucomicrobia	Bacteria
535322	NA	Luteolibacter	Verrucomicrobiaceae	Verrucomicrobiales	Verrucomicrobiae	Verrucomicrobia	Bacteria
510993	NA	Luteolibacter	Verrucomicrobiaceae	Verrucomicrobiales	Verrucomicrobiae	Verrucomicrobia	Bacteria
589956	NA	Luteolibacter	Verrucomicrobiaceae	Verrucomicrobiales	Verrucomicrobiae	Verrucomicrobia	Bacteria
546058	NA	Luteolibacter	Verrucomicrobiaceae	Verrucomicrobiales	Verrucomicrobiae	Verrucomicrobia	Bacteria
106097	NA	Luteolibacter	Verrucomicrobiaceae	Verrucomicrobiales	Verrucomicrobiae	Verrucomicrobia	Bacteria
105709	NA	Luteolibacter	Verrucomicrobiaceae	Verrucomicrobiales	Verrucomicrobiae	Verrucomicrobia	Bacteria
111348	NA	Luteolibacter	Verrucomicrobiaceae	Verrucomicrobiales	Verrucomicrobiae	Verrucomicrobia	Bacteria
562802	NA	Luteolibacter	Verrucomicrobiaceae	Verrucomicrobiales	Verrucomicrobiae	Verrucomicrobia	Bacteria
540412	NA	Luteolibacter	Verrucomicrobiaceae	Verrucomicrobiales	Verrucomicrobiae	Verrucomicrobia	Bacteria
235471	NA	Haloferula	Verrucomicrobiaceae	Verrucomicrobiales	Verrucomicrobiae	Verrucomicrobia	Bacteria
580227	NA	NA	Verrucomicrobiaceae	Verrucomicrobiales	Verrucomicrobiae	Verrucomicrobia	Bacteria
161217	NA	NA	Verrucomicrobiaceae	Verrucomicrobiales	Verrucomicrobiae	Verrucomicrobia	Bacteria
155518	NA	NA	Verrucomicrobiaceae	Verrucomicrobiales	Verrucomicrobiae	Verrucomicrobia	Bacteria
338616	NA	NA	Verrucomicrobiaceae	Verrucomicrobiales	Verrucomicrobiae	Verrucomicrobia	Bacteria
152550	NA	NA	Verrucomicrobiaceae	Verrucomicrobiales	Verrucomicrobiae	Verrucomicrobia	Bacteria
235366	NA	NA	Verrucomicrobiaceae	Verrucomicrobiales	Verrucomicrobiae	Verrucomicrobia	Bacteria
517793	NA	MSBL3	Verrucomicrobiaceae	Verrucomicrobiales	Verrucomicrobiae	Verrucomicrobia	Bacteria
554821	NA	MSBL3	Verrucomicrobiaceae	Verrucomicrobiales	Verrucomicrobiae	Verrucomicrobia	Bacteria
510838	NA	MSBL3	Verrucomicrobiaceae	Verrucomicrobiales	Verrucomicrobiae	Verrucomicrobia	Bacteria
305960	NA	Verrucomicrobium	Verrucomicrobiaceae	Verrucomicrobiales	Verrucomicrobiae	Verrucomicrobia	Bacteria
569018	NA	Verrucomicrobium	Verrucomicrobiaceae	Verrucomicrobiales	Verrucomicrobiae	Verrucomicrobia	Bacteria
40791	NA	Verrucomicrobium	Verrucomicrobiaceae	Verrucomicrobiales	Verrucomicrobiae	Verrucomicrobia	Bacteria
346553	NA	Verrucomicrobium	Verrucomicrobiaceae	Verrucomicrobiales	Verrucomicrobiae	Verrucomicrobia	Bacteria
237232	NA	Verrucomicrobium	Verrucomicrobiaceae	Verrucomicrobiales	Verrucomicrobiae	Verrucomicrobia	Bacteria
278234	Akkermansiamuciniphila	Akkermansia	Verrucomicrobiaceae	Verrucomicrobiales	Verrucomicrobiae	Verrucomicrobia	Bacteria
177339	NA	Akkermansia	Verrucomicrobiaceae	Verrucomicrobiales	Verrucomicrobiae	Verrucomicrobia	Bacteria
1596	NA	NA	Verrucomicrobiaceae	Verrucomicrobiales	Verrucomicrobiae	Verrucomicrobia	Bacteria
113378	NA	Prosthecobacter	Verrucomicrobiaceae	Verrucomicrobiales	Verrucomicrobiae	Verrucomicrobia	Bacteria
102890	Prosthecobacterdebontii	Prosthecobacter	Verrucomicrobiaceae	Verrucomicrobiales	Verrucomicrobiae	Verrucomicrobia	Bacteria
556878	NA	Prosthecobacter	Verrucomicrobiaceae	Verrucomicrobiales	Verrucomicrobiae	Verrucomicrobia	Bacteria
248041	Prosthecobactervanneervenii	Prosthecobacter	Verrucomicrobiaceae	Verrucomicrobiales	Verrucomicrobiae	Verrucomicrobia	Bacteria
252314	NA	NA	Verrucomicrobiaceae	Verrucomicrobiales	Verrucomicrobiae	Verrucomicrobia	Bacteria
519950	NA	NA	Verrucomicrobiaceae	Verrucomicrobiales	Verrucomicrobiae	Verrucomicrobia	Bacteria
119231	NA	CandidatusXiphinematobacter	Spartobacteriaceae	Spartobacteriales	Spartobacteria	Verrucomicrobia	Bacteria
570886	NA	CandidatusXiphinematobacter	Spartobacteriaceae	Spartobacteriales	Spartobacteria	Verrucomicrobia	Bacteria
573565	NA	CandidatusXiphinematobacter	Spartobacteriaceae	Spartobacteriales	Spartobacteria	Verrucomicrobia	Bacteria
509040	NA	CandidatusXiphinematobacter	Spartobacteriaceae	Spartobacteriales	Spartobacteria	Verrucomicrobia	Bacteria
509124	NA	CandidatusXiphinematobacter	Spartobacteriaceae	Spartobacteriales	Spartobacteria	Verrucomicrobia	Bacteria
244496	NA	CandidatusXiphinematobacter	Spartobacteriaceae	Spartobacteriales	Spartobacteria	Verrucomicrobia	Bacteria
267722	NA	CandidatusXiphinematobacter	Spartobacteriaceae	Spartobacteriales	Spartobacteria	Verrucomicrobia	Bacteria
146126	NA	CandidatusXiphinematobacter	Spartobacteriaceae	Spartobacteriales	Spartobacteria	Verrucomicrobia	Bacteria
154899	NA	MC18	Spartobacteriaceae	Spartobacteriales	Spartobacteria	Verrucomicrobia	Bacteria
227051	NA	MC18	Spartobacteriaceae	Spartobacteriales	Spartobacteria	Verrucomicrobia	Bacteria
154102	NA	MC18	Spartobacteriaceae	Spartobacteriales	Spartobacteria	Verrucomicrobia	Bacteria
161227	NA	MC18	Spartobacteriaceae	Spartobacteriales	Spartobacteria	Verrucomicrobia	Bacteria
223329	NA	MC18	Spartobacteriaceae	Spartobacteriales	Spartobacteria	Verrucomicrobia	Bacteria
220494	NA	MC18	Spartobacteriaceae	Spartobacteriales	Spartobacteria	Verrucomicrobia	Bacteria
3046	NA	MC18	Spartobacteriaceae	Spartobacteriales	Spartobacteria	Verrucomicrobia	Bacteria
592952	NA	MC18	Spartobacteriaceae	Spartobacteriales	Spartobacteria	Verrucomicrobia	Bacteria
240862	NA	MC18	Spartobacteriaceae	Spartobacteriales	Spartobacteria	Verrucomicrobia	Bacteria
309788	NA	MC18	Spartobacteriaceae	Spartobacteriales	Spartobacteria	Verrucomicrobia	Bacteria
256977	NA	MC18	Spartobacteriaceae	Spartobacteriales	Spartobacteria	Verrucomicrobia	Bacteria
240687	NA	MC18	Spartobacteriaceae	Spartobacteriales	Spartobacteria	Verrucomicrobia	Bacteria
150925	NA	MC18	Spartobacteriaceae	Spartobacteriales	Spartobacteria	Verrucomicrobia	Bacteria
243353	NA	MC18	Spartobacteriaceae	Spartobacteriales	Spartobacteria	Verrucomicrobia	Bacteria
578268	NA	MC18	Spartobacteriaceae	Spartobacteriales	Spartobacteria	Verrucomicrobia	Bacteria
235848	NA	MC18	Spartobacteriaceae	Spartobacteriales	Spartobacteria	Verrucomicrobia	Bacteria
236458	NA	Chthoniobacter	Spartobacteriaceae	Spartobacteriales	Spartobacteria	Verrucomicrobia	Bacteria
354713	NA	Chthoniobacter	Spartobacteriaceae	Spartobacteriales	Spartobacteria	Verrucomicrobia	Bacteria
142335	NA	Chthoniobacter	Spartobacteriaceae	Spartobacteriales	Spartobacteria	Verrucomicrobia	Bacteria
214306	NA	Chthoniobacter	Spartobacteriaceae	Spartobacteriales	Spartobacteria	Verrucomicrobia	Bacteria
270180	NA	Chthoniobacter	Spartobacteriaceae	Spartobacteriales	Spartobacteria	Verrucomicrobia	Bacteria
205420	NA	Chthoniobacter	Spartobacteriaceae	Spartobacteriales	Spartobacteria	Verrucomicrobia	Bacteria
535268	NA	Chthoniobacter	Spartobacteriaceae	Spartobacteriales	Spartobacteria	Verrucomicrobia	Bacteria
251499	NA	Chthoniobacter	Spartobacteriaceae	Spartobacteriales	Spartobacteria	Verrucomicrobia	Bacteria
104784	NA	Chthoniobacter	Spartobacteriaceae	Spartobacteriales	Spartobacteria	Verrucomicrobia	Bacteria
347528	Chthoniobacterflavus	Chthoniobacter	Spartobacteriaceae	Spartobacteriales	Spartobacteria	Verrucomicrobia	Bacteria
511817	NA	Chthoniobacter	Spartobacteriaceae	Spartobacteriales	Spartobacteria	Verrucomicrobia	Bacteria
574533	NA	NA	NA	Verrucomicrobiales	Verrucomicrobiae	Verrucomicrobia	Bacteria
159970	NA	NA	NA	Verrucomicrobiales	Verrucomicrobiae	Verrucomicrobia	Bacteria
331129	NA	NA	Verrucomicrobiasubdivision3	Verrucomicrobiales	Verrucomicrobiae	Verrucomicrobia	Bacteria
536090	NA	NA	Verrucomicrobiasubdivision3	Verrucomicrobiales	Verrucomicrobiae	Verrucomicrobia	Bacteria
222261	NA	NA	Verrucomicrobiasubdivision3	Verrucomicrobiales	Verrucomicrobiae	Verrucomicrobia	Bacteria
222914	NA	NA	Verrucomicrobiasubdivision3	Verrucomicrobiales	Verrucomicrobiae	Verrucomicrobia	Bacteria
589297	NA	NA	Verrucomicrobiasubdivision3	Verrucomicrobiales	Verrucomicrobiae	Verrucomicrobia	Bacteria
578045	NA	NA	Verrucomicrobiasubdivision3	Verrucomicrobiales	Verrucomicrobiae	Verrucomicrobia	Bacteria
156917	NA	NA	Verrucomicrobiasubdivision3	Verrucomicrobiales	Verrucomicrobiae	Verrucomicrobia	Bacteria
338969	NA	NA	Verrucomicrobiasubdivision3	Verrucomicrobiales	Verrucomicrobiae	Verrucomicrobia	Bacteria
240142	NA	NA	Verrucomicrobiasubdivision3	Verrucomicrobiales	Verrucomicrobiae	Verrucomicrobia	Bacteria
210788	NA	NA	Verrucomicrobiasubdivision3	Verrucomicrobiales	Verrucomicrobiae	Verrucomicrobia	Bacteria
217650	NA	NA	Verrucomicrobiasubdivision3	Verrucomicrobiales	Verrucomicrobiae	Verrucomicrobia	Bacteria
152799	NA	NA	Verrucomicrobiasubdivision3	Verrucomicrobiales	Verrucomicrobiae	Verrucomicrobia	Bacteria
137061	NA	NA	Verrucomicrobiasubdivision3	Verrucomicrobiales	Verrucomicrobiae	Verrucomicrobia	Bacteria
539821	NA	NA	Verrucomicrobiasubdivision3	Verrucomicrobiales	Verrucomicrobiae	Verrucomicrobia	Bacteria
151664	NA	NA	Verrucomicrobiasubdivision3	Verrucomicrobiales	Verrucomicrobiae	Verrucomicrobia	Bacteria
241839	NA	NA	Verrucomicrobiasubdivision3	Verrucomicrobiales	Verrucomicrobiae	Verrucomicrobia	Bacteria
353925	NA	NA	Verrucomicrobiasubdivision3	Verrucomicrobiales	Verrucomicrobiae	Verrucomicrobia	Bacteria
235541	NA	NA	NA	Verrucomicrobiales	Verrucomicrobiae	Verrucomicrobia	Bacteria
250253	NA	NA	NA	Verrucomicrobiales	Verrucomicrobiae	Verrucomicrobia	Bacteria
223550	NA	NA	NA	Verrucomicrobiales	Verrucomicrobiae	Verrucomicrobia	Bacteria
241999	NA	NA	NA	Verrucomicrobiales	Verrucomicrobiae	Verrucomicrobia	Bacteria
551837	NA	NA	NA	Verrucomicrobiales	Verrucomicrobiae	Verrucomicrobia	Bacteria
510956	NA	NA	NA	Verrucomicrobiales	Verrucomicrobiae	Verrucomicrobia	Bacteria
220193	NA	NA	NA	Verrucomicrobiales	Verrucomicrobiae	Verrucomicrobia	Bacteria
238929	NA	NA	NA	Verrucomicrobiales	Verrucomicrobiae	Verrucomicrobia	Bacteria
154318	NA	NA	NA	Verrucomicrobiales	Verrucomicrobiae	Verrucomicrobia	Bacteria
221692	NA	NA	NA	Verrucomicrobiales	Verrucomicrobiae	Verrucomicrobia	Bacteria
224152	NA	NA	NA	Verrucomicrobiales	Verrucomicrobiae	Verrucomicrobia	Bacteria
248805	NA	NA	NA	Verrucomicrobiales	Verrucomicrobiae	Verrucomicrobia	Bacteria
585431	NA	NA	NA	Verrucomicrobiales	Verrucomicrobiae	Verrucomicrobia	Bacteria
155778	NA	NA	NA	Verrucomicrobiales	Verrucomicrobiae	Verrucomicrobia	Bacteria
156353	NA	NA	NA	Verrucomicrobiales	Verrucomicrobiae	Verrucomicrobia	Bacteria
513679	NA	NA	NA	Verrucomicrobiales	Verrucomicrobiae	Verrucomicrobia	Bacteria
132722	NA	NA	NA	Verrucomicrobiales	Verrucomicrobiae	Verrucomicrobia	Bacteria
206560	NA	NA	NA	Verrucomicrobiales	Verrucomicrobiae	Verrucomicrobia	Bacteria
256933	NA	NA	NA	Verrucomicrobiales	Verrucomicrobiae	Verrucomicrobia	Bacteria
218456	NA	NA	NA	Verrucomicrobiales	Verrucomicrobiae	Verrucomicrobia	Bacteria
589290	NA	NA	NA	Verrucomicrobiales	Verrucomicrobiae	Verrucomicrobia	Bacteria
253619	NA	NA	NA	Verrucomicrobiales	Verrucomicrobiae	Verrucomicrobia	Bacteria
200868	NA	NA	NA	Verrucomicrobiales	Verrucomicrobiae	Verrucomicrobia	Bacteria
237754	NA	NA	NA	Verrucomicrobiales	Verrucomicrobiae	Verrucomicrobia	Bacteria
204465	NA	NA	NA	Verrucomicrobiales	Verrucomicrobiae	Verrucomicrobia	Bacteria
543327	NA	NA	NA	Verrucomicrobiales	Verrucomicrobiae	Verrucomicrobia	Bacteria
125736	NA	NA	NA	Verrucomicrobiales	Verrucomicrobiae	Verrucomicrobia	Bacteria
259898	NA	NA	NA	Verrucomicrobiales	Verrucomicrobiae	Verrucomicrobia	Bacteria
63232	NA	NA	NA	Verrucomicrobiales	Verrucomicrobiae	Verrucomicrobia	Bacteria
570808	NA	NA	NA	Verrucomicrobiales	Verrucomicrobiae	Verrucomicrobia	Bacteria
161263	NA	NA	NA	Verrucomicrobiales	Verrucomicrobiae	Verrucomicrobia	Bacteria
339617	NA	NA	NA	Verrucomicrobiales	Verrucomicrobiae	Verrucomicrobia	Bacteria
247797	NA	NA	NA	Verrucomicrobiales	Verrucomicrobiae	Verrucomicrobia	Bacteria
255540	NA	NA	NA	Verrucomicrobiales	Verrucomicrobiae	Verrucomicrobia	Bacteria
257782	NA	NA	NA	Verrucomicrobiales	Verrucomicrobiae	Verrucomicrobia	Bacteria
218434	NA	NA	NA	Verrucomicrobiales	Verrucomicrobiae	Verrucomicrobia	Bacteria
113158	NA	NA	NA	Verrucomicrobiales	Verrucomicrobiae	Verrucomicrobia	Bacteria
583421	NA	NA	NA	Verrucomicrobiales	Verrucomicrobiae	Verrucomicrobia	Bacteria
326461	NA	NA	NA	Verrucomicrobiales	Verrucomicrobiae	Verrucomicrobia	Bacteria
513658	NA	NA	NA	Verrucomicrobiales	Verrucomicrobiae	Verrucomicrobia	Bacteria
355710	NA	NA	NA	Verrucomicrobiales	Verrucomicrobiae	Verrucomicrobia	Bacteria
343315	NA	NA	NA	NA	R76-B18	Verrucomicrobia	Bacteria
57459	NA	NA	NA	NA	R76-B18	Verrucomicrobia	Bacteria
61856	NA	NA	NA	NA	R76-B18	Verrucomicrobia	Bacteria
114335	NA	NA	NA	NA	R76-B18	Verrucomicrobia	Bacteria
533044	NA	NA	NA	NA	R76-B18	Verrucomicrobia	Bacteria
251544	NA	NA	NA	NA	Verruco-5	Verrucomicrobia	Bacteria
83178	NA	NA	NA	NA	TP21	Verrucomicrobia	Bacteria
113979	NA	NA	NA	Victivallales	Lentisphaerae	Lentisphaerae	Bacteria
100123	NA	NA	Victivallaceae	Victivallales	Lentisphaerae	Lentisphaerae	Bacteria
368928	NA	NA	Victivallaceae	Victivallales	Lentisphaerae	Lentisphaerae	Bacteria
563388	NA	NA	NA	Z20	Lentisphaerae	Lentisphaerae	Bacteria
111528	Lentisphaeraaraneosa	Lentisphaera	Lentisphaeraceae	Lentisphaerales	Lentisphaerae	Lentisphaerae	Bacteria
264161	NA	NA	kpj58rc	GIF10	koll11	OP3	Bacteria
553831	NA	NA	kpj58rc	GIF10	koll11	OP3	Bacteria
153831	NA	NA	NA	GIF10	koll11	OP3	Bacteria
131589	NA	NA	NA	NA	PBS-25	OP3	Bacteria
585368	NA	NA	NA	NA	PBS-25	OP3	Bacteria
73086	NA	NA	NA	NA	vadinHA49	Planctomycetes	Bacteria
509051	NA	NA	NA	NA	vadinHA49	Planctomycetes	Bacteria
2788	NA	NA	NA	OM190	agg27	Planctomycetes	Bacteria
333159	NA	NA	NA	OM190	agg27	Planctomycetes	Bacteria
244050	NA	NA	NA	OM190	agg27	Planctomycetes	Bacteria
318107	NA	NA	NA	OM190	agg27	Planctomycetes	Bacteria
536150	NA	NA	NA	OM190	agg27	Planctomycetes	Bacteria
266754	NA	NA	NA	OM190	agg27	Planctomycetes	Bacteria
577122	NA	NA	NA	CL500-15	agg27	Planctomycetes	Bacteria
525666	NA	NA	NA	Pirellulales	Planctomycea	Planctomycetes	Bacteria
200064	NA	NA	NA	Pirellulales	Planctomycea	Planctomycetes	Bacteria
314228	NA	NA	NA	Pirellulales	Planctomycea	Planctomycetes	Bacteria
72455	NA	NA	NA	Pirellulales	Planctomycea	Planctomycetes	Bacteria
555142	NA	NA	NA	Pirellulales	Planctomycea	Planctomycetes	Bacteria
510851	NA	NA	NA	Pirellulales	Planctomycea	Planctomycetes	Bacteria
159441	NA	NA	NA	Pirellulales	Planctomycea	Planctomycetes	Bacteria
536385	NA	NA	NA	Pirellulales	Planctomycea	Planctomycetes	Bacteria
560786	NA	NA	NA	Pirellulales	Planctomycea	Planctomycetes	Bacteria
66932	NA	NA	NA	Pirellulales	Planctomycea	Planctomycetes	Bacteria
582509	NA	NA	NA	Pirellulales	Planctomycea	Planctomycetes	Bacteria
549290	NA	NA	NA	Pirellulales	Planctomycea	Planctomycetes	Bacteria
270592	NA	NA	NA	Pirellulales	Planctomycea	Planctomycetes	Bacteria
579998	NA	NA	NA	Pirellulales	Planctomycea	Planctomycetes	Bacteria
544225	NA	NA	NA	Pirellulales	Planctomycea	Planctomycetes	Bacteria
582419	NA	NA	NA	Pirellulales	Planctomycea	Planctomycetes	Bacteria
323064	NA	NA	NA	Pirellulales	Planctomycea	Planctomycetes	Bacteria
50882	NA	NA	NA	Pirellulales	Planctomycea	Planctomycetes	Bacteria
579256	NA	NA	NA	Pirellulales	Planctomycea	Planctomycetes	Bacteria
544469	NA	NA	NA	Pirellulales	Planctomycea	Planctomycetes	Bacteria
113272	NA	NA	NA	Pirellulales	Planctomycea	Planctomycetes	Bacteria
213225	NA	NA	NA	Pirellulales	Planctomycea	Planctomycetes	Bacteria
589011	NA	NA	NA	Pirellulales	Planctomycea	Planctomycetes	Bacteria
170286	NA	NA	NA	Pirellulales	Planctomycea	Planctomycetes	Bacteria
353483	NA	NA	NA	Pirellulales	Planctomycea	Planctomycetes	Bacteria
563596	NA	NA	NA	Pirellulales	Planctomycea	Planctomycetes	Bacteria
165216	NA	NA	NA	Pirellulales	Planctomycea	Planctomycetes	Bacteria
440418	NA	Rhodopirellula	NA	Pirellulales	Planctomycea	Planctomycetes	Bacteria
399640	NA	Rhodopirellula	NA	Pirellulales	Planctomycea	Planctomycetes	Bacteria
247225	NA	Rhodopirellula	NA	Pirellulales	Planctomycea	Planctomycetes	Bacteria
107148	NA	Rhodopirellula	NA	Pirellulales	Planctomycea	Planctomycetes	Bacteria
589642	NA	Rhodopirellula	NA	Pirellulales	Planctomycea	Planctomycetes	Bacteria
558514	NA	Rhodopirellula	NA	Pirellulales	Planctomycea	Planctomycetes	Bacteria
352654	NA	Rhodopirellula	NA	Pirellulales	Planctomycea	Planctomycetes	Bacteria
2805	NA	Rhodopirellula	NA	Pirellulales	Planctomycea	Planctomycetes	Bacteria
319990	NA	Rhodopirellula	NA	Pirellulales	Planctomycea	Planctomycetes	Bacteria
545203	NA	Rhodopirellula	NA	Pirellulales	Planctomycea	Planctomycetes	Bacteria
543167	NA	Rhodopirellula	NA	Pirellulales	Planctomycea	Planctomycetes	Bacteria
142901	NA	NA	Pirellulaceae	Pirellulales	Planctomycea	Planctomycetes	Bacteria
214356	NA	NA	Pirellulaceae	Pirellulales	Planctomycea	Planctomycetes	Bacteria
201662	NA	NA	Pirellulaceae	Pirellulales	Planctomycea	Planctomycetes	Bacteria
153928	NA	NA	Pirellulaceae	Pirellulales	Planctomycea	Planctomycetes	Bacteria
152343	NA	NA	Pirellulaceae	Pirellulales	Planctomycea	Planctomycetes	Bacteria
30167	NA	NA	Pirellulaceae	Pirellulales	Planctomycea	Planctomycetes	Bacteria
223634	NA	NA	Pirellulaceae	Pirellulales	Planctomycea	Planctomycetes	Bacteria
51628	NA	NA	Pirellulaceae	Pirellulales	Planctomycea	Planctomycetes	Bacteria
145730	NA	NA	Pirellulaceae	Pirellulales	Planctomycea	Planctomycetes	Bacteria
200304	NA	NA	Pirellulaceae	Pirellulales	Planctomycea	Planctomycetes	Bacteria
245832	NA	NA	Pirellulaceae	Pirellulales	Planctomycea	Planctomycetes	Bacteria
577081	NA	NA	Pirellulaceae	Pirellulales	Planctomycea	Planctomycetes	Bacteria
513590	NA	NA	Pirellulaceae	Pirellulales	Planctomycea	Planctomycetes	Bacteria
586939	NA	NA	Pirellulaceae	Pirellulales	Planctomycea	Planctomycetes	Bacteria
204219	NA	NA	Pirellulaceae	Pirellulales	Planctomycea	Planctomycetes	Bacteria
324145	NA	NA	Pirellulaceae	Pirellulales	Planctomycea	Planctomycetes	Bacteria
28765	NA	Pirellula	Pirellulaceae	Pirellulales	Planctomycea	Planctomycetes	Bacteria
329544	NA	Pirellula	Pirellulaceae	Pirellulales	Planctomycea	Planctomycetes	Bacteria
238799	NA	Pirellula	Pirellulaceae	Pirellulales	Planctomycea	Planctomycetes	Bacteria
560957	NA	A17	Pirellulaceae	Pirellulales	Planctomycea	Planctomycetes	Bacteria
583602	NA	A17	Pirellulaceae	Pirellulales	Planctomycea	Planctomycetes	Bacteria
35556	NA	A17	Pirellulaceae	Pirellulales	Planctomycea	Planctomycetes	Bacteria
530010	NA	A17	Pirellulaceae	Pirellulales	Planctomycea	Planctomycetes	Bacteria
241588	NA	A17	Pirellulaceae	Pirellulales	Planctomycea	Planctomycetes	Bacteria
208621	NA	A17	Pirellulaceae	Pirellulales	Planctomycea	Planctomycetes	Bacteria
304581	NA	A17	Pirellulaceae	Pirellulales	Planctomycea	Planctomycetes	Bacteria
33376	NA	A17	Pirellulaceae	Pirellulales	Planctomycea	Planctomycetes	Bacteria
278198	NA	Planctomyces	Planctomycetaceae	Planctomycetales	Planctomycea	Planctomycetes	Bacteria
558118	NA	Planctomyces	Planctomycetaceae	Planctomycetales	Planctomycea	Planctomycetes	Bacteria
85331	NA	Planctomyces	Planctomycetaceae	Planctomycetales	Planctomycea	Planctomycetes	Bacteria
508828	NA	Planctomyces	Planctomycetaceae	Planctomycetales	Planctomycea	Planctomycetes	Bacteria
237767	NA	Planctomyces	Planctomycetaceae	Planctomycetales	Planctomycea	Planctomycetes	Bacteria
576162	NA	Planctomyces	Planctomycetaceae	Planctomycetales	Planctomycea	Planctomycetes	Bacteria
581457	NA	Planctomyces	Planctomycetaceae	Planctomycetales	Planctomycea	Planctomycetes	Bacteria
385507	NA	Planctomyces	Planctomycetaceae	Planctomycetales	Planctomycea	Planctomycetes	Bacteria
238659	NA	Planctomyces	Planctomycetaceae	Planctomycetales	Planctomycea	Planctomycetes	Bacteria
339412	NA	Planctomyces	Planctomycetaceae	Planctomycetales	Planctomycea	Planctomycetes	Bacteria
246619	NA	Planctomyces	Planctomycetaceae	Planctomycetales	Planctomycea	Planctomycetes	Bacteria
2862	NA	Planctomyces	Planctomycetaceae	Planctomycetales	Planctomycea	Planctomycetes	Bacteria
50220	NA	Planctomyces	Planctomycetaceae	Planctomycetales	Planctomycea	Planctomycetes	Bacteria
203469	NA	NA	Gemmataceae	Gemmatales	Planctomycea	Planctomycetes	Bacteria
573149	NA	NA	Gemmataceae	Gemmatales	Planctomycea	Planctomycetes	Bacteria
201913	NA	Gemmata	Gemmataceae	Gemmatales	Planctomycea	Planctomycetes	Bacteria
581403	NA	Gemmata	Gemmataceae	Gemmatales	Planctomycea	Planctomycetes	Bacteria
201687	NA	NA	Gemmataceae	Gemmatales	Planctomycea	Planctomycetes	Bacteria
253376	NA	NA	Gemmataceae	Gemmatales	Planctomycea	Planctomycetes	Bacteria
279355	NA	NA	Gemmataceae	Gemmatales	Planctomycea	Planctomycetes	Bacteria
220916	NA	NA	Gemmataceae	Gemmatales	Planctomycea	Planctomycetes	Bacteria
544572	NA	NA	Isosphaeraceae	Gemmatales	Planctomycea	Planctomycetes	Bacteria
202171	NA	NA	Isosphaeraceae	Gemmatales	Planctomycea	Planctomycetes	Bacteria
221502	NA	NA	Isosphaeraceae	Gemmatales	Planctomycea	Planctomycetes	Bacteria
220676	NA	NA	Isosphaeraceae	Gemmatales	Planctomycea	Planctomycetes	Bacteria
251688	NA	NA	NA	Phycisphaerales	Phycisphaerae	Planctomycetes	Bacteria
231309	NA	NA	NA	Phycisphaerales	Phycisphaerae	Planctomycetes	Bacteria
351708	NA	NA	NA	Phycisphaerales	Phycisphaerae	Planctomycetes	Bacteria
219735	NA	NA	NA	NA	Phycisphaerae	Planctomycetes	Bacteria
517627	NA	NA	NA	NA	Phycisphaerae	Planctomycetes	Bacteria
576923	NA	NA	NA	NA	Phycisphaerae	Planctomycetes	Bacteria
260280	NA	NA	NA	NA	Phycisphaerae	Planctomycetes	Bacteria
571999	NA	NA	NA	NA	Phycisphaerae	Planctomycetes	Bacteria
554003	NA	NA	NA	NA	Phycisphaerae	Planctomycetes	Bacteria
198875	NA	NA	NA	NA	Phycisphaerae	Planctomycetes	Bacteria
403814	NA	NA	NA	NA	Phycisphaerae	Planctomycetes	Bacteria
549187	NA	NA	NA	NA	Phycisphaerae	Planctomycetes	Bacteria
276082	NA	NA	NA	NA	Phycisphaerae	Planctomycetes	Bacteria
269210	NA	NA	NA	NA	Phycisphaerae	Planctomycetes	Bacteria
309556	NA	NA	NA	NA	Phycisphaerae	Planctomycetes	Bacteria
65683	NA	NA	NA	NA	Phycisphaerae	Planctomycetes	Bacteria
250291	NA	NA	NA	NA	Phycisphaerae	Planctomycetes	Bacteria
543366	NA	NA	NA	NA	Phycisphaerae	Planctomycetes	Bacteria
286652	NA	NA	NA	NA	Phycisphaerae	Planctomycetes	Bacteria
223251	NA	NA	NA	NA	Phycisphaerae	Planctomycetes	Bacteria
238340	NA	NA	NA	NA	Phycisphaerae	Planctomycetes	Bacteria
211992	NA	NA	NA	NA	Phycisphaerae	Planctomycetes	Bacteria
136324	NA	NA	NA	NA	Phycisphaerae	Planctomycetes	Bacteria
572899	NA	NA	NA	NA	Phycisphaerae	Planctomycetes	Bacteria
224072	NA	NA	NA	NA	Phycisphaerae	Planctomycetes	Bacteria
220924	NA	NA	NA	NA	Phycisphaerae	Planctomycetes	Bacteria
262812	NA	NA	NA	NA	Phycisphaerae	Planctomycetes	Bacteria
518323	NA	NA	NA	NA	Phycisphaerae	Planctomycetes	Bacteria
573896	NA	NA	NA	NA	Phycisphaerae	Planctomycetes	Bacteria
97060	NA	NA	At425_EubF1	WCHB1-81	Actinobacteria	Actinobacteria	Bacteria
281663	NA	NA	At425_EubF1	WCHB1-81	Actinobacteria	Actinobacteria	Bacteria
173965	NA	Adlercreutzia	Coriobacteriaceae	Coriobacteriales	Actinobacteria	Actinobacteria	Bacteria
470150	NA	Collinsella	Coriobacteriaceae	Coriobacteriales	Actinobacteria	Actinobacteria	Bacteria
186029	Collinsellaaerofaciens	Collinsella	Coriobacteriaceae	Coriobacteriales	Actinobacteria	Actinobacteria	Bacteria
484296	NA	Atopobium	Coriobacteriaceae	Coriobacteriales	Actinobacteria	Actinobacteria	Bacteria
529659	NA	Atopobium	Coriobacteriaceae	Coriobacteriales	Actinobacteria	Actinobacteria	Bacteria
11372	Eggerthellalenta	Eggerthella	Coriobacteriaceae	Coriobacteriales	Actinobacteria	Actinobacteria	Bacteria
593352	NA	NA	NA	Coriobacteriales	Actinobacteria	Actinobacteria	Bacteria
77607	NA	NA	NA	Coriobacteriales	Actinobacteria	Actinobacteria	Bacteria
135349	NA	NA	NA	Coriobacteriales	Actinobacteria	Actinobacteria	Bacteria
76995	NA	NA	NA	Coriobacteriales	Actinobacteria	Actinobacteria	Bacteria
569953	NA	NA	NA	Coriobacteriales	Actinobacteria	Actinobacteria	Bacteria
94574	NA	NA	NA	Coriobacteriales	Actinobacteria	Actinobacteria	Bacteria
75442	NA	NA	NA	Coriobacteriales	Actinobacteria	Actinobacteria	Bacteria
574032	NA	NA	NA	Solirubrobacterales	Actinobacteria	Actinobacteria	Bacteria
149649	NA	NA	Solirubrobacteraceae	Solirubrobacterales	Actinobacteria	Actinobacteria	Bacteria
209882	NA	NA	NA	Solirubrobacterales	Actinobacteria	Actinobacteria	Bacteria
151564	NA	NA	NA	Solirubrobacterales	Actinobacteria	Actinobacteria	Bacteria
322856	NA	NA	NA	MC47	Actinobacteria	Actinobacteria	Bacteria
560846	NA	NA	NA	MC47	Actinobacteria	Actinobacteria	Bacteria
123528	NA	NA	NA	NA	Actinobacteria	Actinobacteria	Bacteria
91949	NA	NA	NA	NA	Actinobacteria	Actinobacteria	Bacteria
577551	NA	NA	NA	NA	Actinobacteria	Actinobacteria	Bacteria
275285	NA	NA	Rubrobacteraceae	Rubrobacterales	Actinobacteria	Actinobacteria	Bacteria
308664	NA	NA	Rubrobacteraceae	Rubrobacterales	Actinobacteria	Actinobacteria	Bacteria
84679	NA	NA	NA	SB-45	JS1	OP9	Bacteria
246550	NA	NA	NA	NA	NA	WPS-2	Bacteria
282718	NA	NA	NA	Chthonomonadales	Chthonomonadetes	Armatimonadetes	Bacteria
535432	NA	NA	Armatimonadaceae	Armatimonadales	Armatimonadia	Armatimonadetes	Bacteria
100171	NA	NA	Armatimonadaceae	Armatimonadales	Armatimonadia	Armatimonadetes	Bacteria
163720	NA	NA	NA	NA	SJA-176	Armatimonadetes	Bacteria
542039	NA	NA	NA	NA	SJA-176	Armatimonadetes	Bacteria
576477	NA	NA	NA	NA	SJA-176	Armatimonadetes	Bacteria
537151	NA	NA	NA	NA	SJA-176	Armatimonadetes	Bacteria
143747	NA	NA	NA	NA	SJA-176	Armatimonadetes	Bacteria
565587	NA	NA	NA	NA	SJA-176	Armatimonadetes	Bacteria
568807	NA	NA	NA	NA	SJA-176	Armatimonadetes	Bacteria
250645	NA	NA	NA	NA	SJA-176	Armatimonadetes	Bacteria
369522	NA	NA	NA	NA	CH21	Armatimonadetes	Bacteria
584471	NA	NA	NA	NA	CH21	Armatimonadetes	Bacteria
221811	NA	NA	NA	NA	CH21	Armatimonadetes	Bacteria
225301	NA	NA	NA	NA	CH21	Armatimonadetes	Bacteria
589390	NA	NA	NA	NA	CH21	Armatimonadetes	Bacteria
241676	NA	NA	NA	NA	NA	SC3	Bacteria
112352	NA	NA	NA	NA	NA	NA	Bacteria
225404	NA	NA	NA	NA	OP11-3	OP11	Bacteria
541046	NA	NA	NA	Roseiflexales	Chloroflexi	Chloroflexi	Bacteria
346142	NA	NA	NA	NA	SOGA31	Chloroflexi	Bacteria
282711	NA	NA	NA	NA	SOGA31	Chloroflexi	Bacteria
286104	NA	NA	NA	NA	SOGA31	Chloroflexi	Bacteria
160921	NA	NA	NA	NA	SOGA31	Chloroflexi	Bacteria
584527	NA	NA	NA	NA	SOGA31	Chloroflexi	Bacteria
207796	NA	NA	NA	NA	SOGA31	Chloroflexi	Bacteria
134616	NA	NA	NA	NA	SOGA31	Chloroflexi	Bacteria
206278	NA	NA	NA	NA	SOGA31	Chloroflexi	Bacteria
212027	NA	NA	NA	NA	SOGA31	Chloroflexi	Bacteria
206963	NA	NA	NA	NA	SOGA31	Chloroflexi	Bacteria
593363	NA	NA	NA	NA	SOGA31	Chloroflexi	Bacteria
256904	NA	NA	NA	NA	SOGA31	Chloroflexi	Bacteria
549321	NA	NA	NA	NA	SOGA31	Chloroflexi	Bacteria
512939	NA	NA	NA	NA	SOGA31	Chloroflexi	Bacteria
218985	NA	NA	NA	NA	SOGA31	Chloroflexi	Bacteria
284171	NA	NA	NA	NA	SOGA31	Chloroflexi	Bacteria
226939	NA	NA	NA	S085	TK17	Chloroflexi	Bacteria
553650	NA	NA	NA	NA	Chloroflexi-4	Chloroflexi	Bacteria
513763	NA	NA	NA	NT-B4	Dehalococcoidetes	Chloroflexi	Bacteria
74169	NA	NA	Dehalococcoidaceae	Dehalococcoidales	Dehalococcoidetes	Chloroflexi	Bacteria
542211	NA	Caldilinea	Caldilineaceae	Caldilineales	Anaerolineae	Chloroflexi	Bacteria
573491	NA	Caldilinea	Caldilineaceae	Caldilineales	Anaerolineae	Chloroflexi	Bacteria
552001	NA	Caldilinea	Caldilineaceae	Caldilineales	Anaerolineae	Chloroflexi	Bacteria
102361	NA	NA	KNA6-EB22	A31	Anaerolineae	Chloroflexi	Bacteria
531244	NA	NA	KNA6-EB22	A31	Anaerolineae	Chloroflexi	Bacteria
267008	NA	NA	NA	GN14	Anaerolineae	Chloroflexi	Bacteria
81161	NA	NA	NA	NA	Anaerolineae	Chloroflexi	Bacteria
66912	NA	NA	NA	SJA-15	Anaerolineae	Chloroflexi	Bacteria
210067	NA	NA	NA	SJA-15	Anaerolineae	Chloroflexi	Bacteria
162849	NA	NA	NA	SJA-15	Anaerolineae	Chloroflexi	Bacteria
235963	NA	NA	NA	SJA-15	Anaerolineae	Chloroflexi	Bacteria
100980	NA	NA	NA	NA	Anaerolineae	Chloroflexi	Bacteria
576076	NA	NA	NA	NA	Anaerolineae	Chloroflexi	Bacteria
166011	NA	NA	NA	NA	Anaerolineae	Chloroflexi	Bacteria
170927	NA	NA	NA	SHA-20	Anaerolineae	Chloroflexi	Bacteria
214216	NA	NA	NA	CFB-26	Anaerolineae	Chloroflexi	Bacteria
570248	NA	NA	NA	SB-34	Anaerolineae	Chloroflexi	Bacteria
509572	NA	NA	NA	SB-34	Anaerolineae	Chloroflexi	Bacteria
553966	NA	NA	NA	SB-34	Anaerolineae	Chloroflexi	Bacteria
277874	NA	NA	Anaerolinaceae	Anaerolineales	Anaerolineae	Chloroflexi	Bacteria
69761	NA	C1_B004	Anaerolinaceae	Anaerolineales	Anaerolineae	Chloroflexi	Bacteria
264526	NA	C1_B004	Anaerolinaceae	Anaerolineales	Anaerolineae	Chloroflexi	Bacteria
102061	NA	NA	Anaerolinaceae	Anaerolineales	Anaerolineae	Chloroflexi	Bacteria
2742	NA	WCHB1-05	Anaerolinaceae	Anaerolineales	Anaerolineae	Chloroflexi	Bacteria
47263	NA	WCHB1-05	Anaerolinaceae	Anaerolineales	Anaerolineae	Chloroflexi	Bacteria
101137	NA	WCHB1-05	Anaerolinaceae	Anaerolineales	Anaerolineae	Chloroflexi	Bacteria
2745	NA	WCHB1-05	Anaerolinaceae	Anaerolineales	Anaerolineae	Chloroflexi	Bacteria
83666	NA	NA	Anaerolinaceae	Anaerolineales	Anaerolineae	Chloroflexi	Bacteria
143650	NA	NA	Anaerolinaceae	Anaerolineales	Anaerolineae	Chloroflexi	Bacteria
284052	NA	NA	Anaerolinaceae	Anaerolineales	Anaerolineae	Chloroflexi	Bacteria
511535	NA	NA	Anaerolinaceae	Anaerolineales	Anaerolineae	Chloroflexi	Bacteria
278445	NA	T78	Anaerolinaceae	Anaerolineales	Anaerolineae	Chloroflexi	Bacteria
2744	NA	Levilinea	Anaerolinaceae	Anaerolineales	Anaerolineae	Chloroflexi	Bacteria
544167	NA	Levilinea	Anaerolinaceae	Anaerolineales	Anaerolineae	Chloroflexi	Bacteria
194108	NA	Anaerolinea	Anaerolinaceae	Anaerolineales	Anaerolineae	Chloroflexi	Bacteria
143935	NA	Anaerolinea	Anaerolinaceae	Anaerolineales	Anaerolineae	Chloroflexi	Bacteria
564996	NA	Anaerolinea	Anaerolinaceae	Anaerolineales	Anaerolineae	Chloroflexi	Bacteria
563567	NA	NA	NA	envOPS12	Anaerolineae	Chloroflexi	Bacteria
251287	NA	NA	NA	envOPS12	Anaerolineae	Chloroflexi	Bacteria
573498	NA	NA	NA	envOPS12	Anaerolineae	Chloroflexi	Bacteria
565564	NA	NA	NA	envOPS12	Anaerolineae	Chloroflexi	Bacteria
562167	NA	NA	NA	envOPS12	Anaerolineae	Chloroflexi	Bacteria
559525	NA	NA	NA	envOPS12	Anaerolineae	Chloroflexi	Bacteria
278709	NA	NA	NA	envOPS12	Anaerolineae	Chloroflexi	Bacteria
548078	NA	NA	NA	NA	Anaerolineae	Chloroflexi	Bacteria
220556	NA	NA	NA	NA	Anaerolineae	Chloroflexi	Bacteria
162841	NA	NA	NA	NA	Anaerolineae	Chloroflexi	Bacteria
534587	NA	NA	NA	GCA004	Anaerolineae	Chloroflexi	Bacteria
590201	NA	NA	NA	GCA004	Anaerolineae	Chloroflexi	Bacteria
274885	NA	NA	NA	GCA004	Anaerolineae	Chloroflexi	Bacteria
72863	NA	NA	NA	GCA004	Anaerolineae	Chloroflexi	Bacteria
581965	NA	NA	NA	GCA004	Anaerolineae	Chloroflexi	Bacteria
541573	NA	NA	NA	GCA004	Anaerolineae	Chloroflexi	Bacteria
260455	NA	NA	NA	NA	Anaerolineae	Chloroflexi	Bacteria
208032	NA	NA	NA	NA	Anaerolineae	Chloroflexi	Bacteria
555305	NA	NA	NA	NA	Anaerolineae	Chloroflexi	Bacteria
563339	NA	NA	NA	NA	Anaerolineae	Chloroflexi	Bacteria
552873	NA	NA	NA	NA	Anaerolineae	Chloroflexi	Bacteria
348818	NA	NA	NA	NA	Anaerolineae	Chloroflexi	Bacteria
551071	NA	NA	NA	BPC110	Anaerolineae	Chloroflexi	Bacteria
211661	NA	NA	NA	WCHB1-50	Anaerolineae	Chloroflexi	Bacteria
143557	NA	NA	NA	WCHB1-50	Anaerolineae	Chloroflexi	Bacteria
203941	NA	NA	NA	WCHB1-50	Anaerolineae	Chloroflexi	Bacteria
143216	NA	NA	NA	WCHB1-50	Anaerolineae	Chloroflexi	Bacteria
542855	NA	NA	NA	WCHB1-50	Anaerolineae	Chloroflexi	Bacteria
154220	NA	NA	NA	A4b	Anaerolineae	Chloroflexi	Bacteria
330804	NA	NA	NA	A4b	Anaerolineae	Chloroflexi	Bacteria
113017	NA	NA	NA	A4b	Anaerolineae	Chloroflexi	Bacteria
533646	NA	NA	NA	A4b	Anaerolineae	Chloroflexi	Bacteria
361865	NA	NA	NA	A4b	Anaerolineae	Chloroflexi	Bacteria
142371	NA	NA	NA	DRC31	Anaerolineae	Chloroflexi	Bacteria
184557	NA	NA	NA	S0208	Anaerolineae	Chloroflexi	Bacteria
533639	NA	NA	NA	S0208	Anaerolineae	Chloroflexi	Bacteria
173719	NA	NA	NA	S0208	Anaerolineae	Chloroflexi	Bacteria
102457	NA	NA	NA	S0208	Anaerolineae	Chloroflexi	Bacteria
322996	NA	NA	NA	S0208	Anaerolineae	Chloroflexi	Bacteria
233441	NA	NA	NA	S0208	Anaerolineae	Chloroflexi	Bacteria
73998	NA	Eubacterium	Eubacteriaceae	Clostridiales	Clostridia	Firmicutes	Bacteria
250288	NA	Eubacterium	Eubacteriaceae	Clostridiales	Clostridia	Firmicutes	Bacteria
325608	NA	NA	NA	Clostridiales	Clostridia	Firmicutes	Bacteria
138368	NA	NA	NA	Clostridiales	Clostridia	Firmicutes	Bacteria
510994	NA	NA	NA	Clostridiales	Clostridia	Firmicutes	Bacteria
515620	NA	Peptostreptococcus	Peptostreptococcaceae	Clostridiales	Clostridia	Firmicutes	Bacteria
89770	Peptostreptococcusanaerobius	Peptostreptococcus	Peptostreptococcaceae	Clostridiales	Clostridia	Firmicutes	Bacteria
44695	Clostridiumhiranonis	Clostridium	Clostridiaceae	Clostridiales	Clostridia	Firmicutes	Bacteria
295560	Clostridiumhiranonis	Clostridium	Clostridiaceae	Clostridiales	Clostridia	Firmicutes	Bacteria
344553	Clostridiumhiranonis	Clostridium	Clostridiaceae	Clostridiales	Clostridia	Firmicutes	Bacteria
193066	NA	Clostridium	Clostridiaceae	Clostridiales	Clostridia	Firmicutes	Bacteria
182202	NA	Clostridium	Clostridiaceae	Clostridiales	Clostridia	Firmicutes	Bacteria
319790	Clostridiumbifermentans	Clostridium	Clostridiaceae	Clostridiales	Clostridia	Firmicutes	Bacteria
298875	NA	Clostridium	Clostridiaceae	Clostridiales	Clostridia	Firmicutes	Bacteria
301680	NA	Clostridium	Clostridiaceae	Clostridiales	Clostridia	Firmicutes	Bacteria
308502	NA	Clostridium	Clostridiaceae	Clostridiales	Clostridia	Firmicutes	Bacteria
146485	NA	NA	NA	Clostridiales	Clostridia	Firmicutes	Bacteria
66939	NA	NA	NA	Clostridiales	Clostridia	Firmicutes	Bacteria
14157	NA	NA	NA	Clostridiales	Clostridia	Firmicutes	Bacteria
224206	NA	NA	NA	Clostridiales	Clostridia	Firmicutes	Bacteria
187802	NA	NA	NA	Clostridiales	Clostridia	Firmicutes	Bacteria
212304	NA	NA	NA	Clostridiales	Clostridia	Firmicutes	Bacteria
552238	NA	Eubacterium	ClostridialesFamilyXIII.IncertaeSedis	Clostridiales	Clostridia	Firmicutes	Bacteria
589746	NA	Eubacterium	ClostridialesFamilyXIII.IncertaeSedis	Clostridiales	Clostridia	Firmicutes	Bacteria
215890	NA	Anaerovorax	ClostridialesFamilyXIII.IncertaeSedis	Clostridiales	Clostridia	Firmicutes	Bacteria
109334	NA	NA	ClostridialesFamilyXIII.IncertaeSedis	Clostridiales	Clostridia	Firmicutes	Bacteria
46159	NA	Mogibacterium	ClostridialesFamilyXIII.IncertaeSedis	Clostridiales	Clostridia	Firmicutes	Bacteria
14163	NA	Mogibacterium	ClostridialesFamilyXIII.IncertaeSedis	Clostridiales	Clostridia	Firmicutes	Bacteria
229761	NA	NA	ClostridialesFamilyXIII.IncertaeSedis	Clostridiales	Clostridia	Firmicutes	Bacteria
584294	NA	NA	ClostridialesFamilyXII.IncertaeSedis	Clostridiales	Clostridia	Firmicutes	Bacteria
160284	NA	NA	ClostridialesFamilyXI.IncertaeSedis	Clostridiales	Clostridia	Firmicutes	Bacteria
405524	NA	NA	ClostridialesFamilyXI.IncertaeSedis	Clostridiales	Clostridia	Firmicutes	Bacteria
68341	NA	Peptoniphilus	ClostridialesFamilyXI.IncertaeSedis	Clostridiales	Clostridia	Firmicutes	Bacteria
179165	NA	Peptoniphilus	ClostridialesFamilyXI.IncertaeSedis	Clostridiales	Clostridia	Firmicutes	Bacteria
426785	NA	Peptoniphilus	ClostridialesFamilyXI.IncertaeSedis	Clostridiales	Clostridia	Firmicutes	Bacteria
268507	Peptoniphilusasaccharolyticus	Peptoniphilus	ClostridialesFamilyXI.IncertaeSedis	Clostridiales	Clostridia	Firmicutes	Bacteria
266777	Peptoniphilusasaccharolyticus	Peptoniphilus	ClostridialesFamilyXI.IncertaeSedis	Clostridiales	Clostridia	Firmicutes	Bacteria
565812	Peptoniphilusasaccharolyticus	Peptoniphilus	ClostridialesFamilyXI.IncertaeSedis	Clostridiales	Clostridia	Firmicutes	Bacteria
14277	Peptoniphilusasaccharolyticus	Peptoniphilus	ClostridialesFamilyXI.IncertaeSedis	Clostridiales	Clostridia	Firmicutes	Bacteria
182104	Peptoniphilusasaccharolyticus	Peptoniphilus	ClostridialesFamilyXI.IncertaeSedis	Clostridiales	Clostridia	Firmicutes	Bacteria
83175	Peptoniphilusasaccharolyticus	Peptoniphilus	ClostridialesFamilyXI.IncertaeSedis	Clostridiales	Clostridia	Firmicutes	Bacteria
364655	Peptoniphilusasaccharolyticus	Peptoniphilus	ClostridialesFamilyXI.IncertaeSedis	Clostridiales	Clostridia	Firmicutes	Bacteria
86757	NA	Finegoldia	ClostridialesFamilyXI.IncertaeSedis	Clostridiales	Clostridia	Firmicutes	Bacteria
275891	NA	NA	ClostridialesFamilyXI.IncertaeSedis	Clostridiales	Clostridia	Firmicutes	Bacteria
448819	Anaerococcushydrogenalis	Anaerococcus	ClostridialesFamilyXI.IncertaeSedis	Clostridiales	Clostridia	Firmicutes	Bacteria
359171	Anaerococcushydrogenalis	Anaerococcus	ClostridialesFamilyXI.IncertaeSedis	Clostridiales	Clostridia	Firmicutes	Bacteria
469655	NA	Anaerococcus	ClostridialesFamilyXI.IncertaeSedis	Clostridiales	Clostridia	Firmicutes	Bacteria
218121	NA	Anaerococcus	ClostridialesFamilyXI.IncertaeSedis	Clostridiales	Clostridia	Firmicutes	Bacteria
190690	NA	Anaerococcus	ClostridialesFamilyXI.IncertaeSedis	Clostridiales	Clostridia	Firmicutes	Bacteria
492843	NA	Anaerococcus	ClostridialesFamilyXI.IncertaeSedis	Clostridiales	Clostridia	Firmicutes	Bacteria
307370	NA	Anaerococcus	ClostridialesFamilyXI.IncertaeSedis	Clostridiales	Clostridia	Firmicutes	Bacteria
14290	NA	Anaerococcus	ClostridialesFamilyXI.IncertaeSedis	Clostridiales	Clostridia	Firmicutes	Bacteria
357533	NA	Anaerococcus	ClostridialesFamilyXI.IncertaeSedis	Clostridiales	Clostridia	Firmicutes	Bacteria
367842	NA	Anaerococcus	ClostridialesFamilyXI.IncertaeSedis	Clostridiales	Clostridia	Firmicutes	Bacteria
212128	NA	Anaerococcus	ClostridialesFamilyXI.IncertaeSedis	Clostridiales	Clostridia	Firmicutes	Bacteria
500281	NA	NA	ClostridialesFamilyXI.IncertaeSedis	Clostridiales	Clostridia	Firmicutes	Bacteria
181489	Parvimonasmicra	NA	ClostridialesFamilyXI.IncertaeSedis	Clostridiales	Clostridia	Firmicutes	Bacteria
259130	Eubacteriumlimosum	Eubacterium	Eubacteriaceae	Clostridiales	Clostridia	Firmicutes	Bacteria
469661	Anaerofustisstercorihominis	Anaerofustis	Eubacteriaceae	Clostridiales	Clostridia	Firmicutes	Bacteria
267192	NA	Clostridium	Clostridiaceae	Clostridiales	Clostridia	Firmicutes	Bacteria
287160	Clostridiumbowmanii	Clostridium	Clostridiaceae	Clostridiales	Clostridia	Firmicutes	Bacteria
589921	NA	Clostridium	Clostridiaceae	Clostridiales	Clostridia	Firmicutes	Bacteria
183481	NA	Clostridium	Clostridiaceae	Clostridiales	Clostridia	Firmicutes	Bacteria
16145	NA	Clostridium	Clostridiaceae	Clostridiales	Clostridia	Firmicutes	Bacteria
224769	NA	Clostridium	Clostridiaceae	Clostridiales	Clostridia	Firmicutes	Bacteria
104466	NA	Clostridium	Clostridiaceae	Clostridiales	Clostridia	Firmicutes	Bacteria
587690	NA	Clostridium	Clostridiaceae	Clostridiales	Clostridia	Firmicutes	Bacteria
346780	NA	Clostridium	Clostridiaceae	Clostridiales	Clostridia	Firmicutes	Bacteria
579564	NA	Clostridium	Clostridiaceae	Clostridiales	Clostridia	Firmicutes	Bacteria
248563	NA	Clostridium	Clostridiaceae	Clostridiales	Clostridia	Firmicutes	Bacteria
295190	NA	NA	Clostridiaceae	Clostridiales	Clostridia	Firmicutes	Bacteria
591496	NA	Clostridium	Clostridiaceae	Clostridiales	Clostridia	Firmicutes	Bacteria
49549	NA	Clostridium	Clostridiaceae	Clostridiales	Clostridia	Firmicutes	Bacteria
16227	NA	Clostridium	Clostridiaceae	Clostridiales	Clostridia	Firmicutes	Bacteria
16239	NA	Clostridium	Clostridiaceae	Clostridiales	Clostridia	Firmicutes	Bacteria
206881	NA	NA	Catabacteriaceae	Clostridiales	Clostridia	Firmicutes	Bacteria
587566	NA	NA	Catabacteriaceae	Clostridiales	Clostridia	Firmicutes	Bacteria
227369	NA	NA	Catabacteriaceae	Clostridiales	Clostridia	Firmicutes	Bacteria
165334	NA	NA	Catabacteriaceae	Clostridiales	Clostridia	Firmicutes	Bacteria
549577	NA	NA	Catabacteriaceae	Clostridiales	Clostridia	Firmicutes	Bacteria
320073	NA	NA	Catabacteriaceae	Clostridiales	Clostridia	Firmicutes	Bacteria
319455	NA	NA	Catabacteriaceae	Clostridiales	Clostridia	Firmicutes	Bacteria
544392	NA	NA	Catabacteriaceae	Clostridiales	Clostridia	Firmicutes	Bacteria
213762	NA	NA	Catabacteriaceae	Clostridiales	Clostridia	Firmicutes	Bacteria
178618	NA	NA	Catabacteriaceae	Clostridiales	Clostridia	Firmicutes	Bacteria
368252	NA	NA	Catabacteriaceae	Clostridiales	Clostridia	Firmicutes	Bacteria
187767	NA	NA	Catabacteriaceae	Clostridiales	Clostridia	Firmicutes	Bacteria
363519	NA	NA	NA	Clostridiales	Clostridia	Firmicutes	Bacteria
296695	NA	NA	NA	Clostridiales	Clostridia	Firmicutes	Bacteria
204932	NA	NA	NA	Clostridiales	Clostridia	Firmicutes	Bacteria
191905	NA	NA	NA	Clostridiales	Clostridia	Firmicutes	Bacteria
549871	NA	NA	NA	Clostridiales	Clostridia	Firmicutes	Bacteria
212288	NA	NA	NA	Clostridiales	Clostridia	Firmicutes	Bacteria
292758	NA	NA	NA	Clostridiales	Clostridia	Firmicutes	Bacteria
195998	NA	NA	NA	Clostridiales	Clostridia	Firmicutes	Bacteria
365302	NA	NA	NA	Clostridiales	Clostridia	Firmicutes	Bacteria
587360	NA	Clostridium	Clostridiaceae	Clostridiales	Clostridia	Firmicutes	Bacteria
591475	NA	Clostridium	Clostridiaceae	Clostridiales	Clostridia	Firmicutes	Bacteria
532875	NA	Clostridium	Clostridiaceae	Clostridiales	Clostridia	Firmicutes	Bacteria
578409	NA	Clostridium	Clostridiaceae	Clostridiales	Clostridia	Firmicutes	Bacteria
358030	NA	NA	NA	Clostridiales	Clostridia	Firmicutes	Bacteria
69664	NA	NA	NA	Clostridiales	Clostridia	Firmicutes	Bacteria
325962	NA	NA	NA	Clostridiales	Clostridia	Firmicutes	Bacteria
65412	NA	NA	NA	Clostridiales	Clostridia	Firmicutes	Bacteria
399586	NA	NA	NA	Clostridiales	Clostridia	Firmicutes	Bacteria
177704	NA	NA	NA	Clostridiales	Clostridia	Firmicutes	Bacteria
366882	NA	NA	NA	Clostridiales	Clostridia	Firmicutes	Bacteria
167872	NA	NA	NA	Clostridiales	Clostridia	Firmicutes	Bacteria
230437	NA	NA	NA	Clostridiales	Clostridia	Firmicutes	Bacteria
348897	NA	NA	NA	Clostridiales	Clostridia	Firmicutes	Bacteria
49406	NA	NA	NA	Clostridiales	Clostridia	Firmicutes	Bacteria
523404	NA	NA	NA	Clostridiales	Clostridia	Firmicutes	Bacteria
565565	NA	NA	NA	Clostridiales	Clostridia	Firmicutes	Bacteria
204351	NA	NA	NA	Clostridiales	Clostridia	Firmicutes	Bacteria
209103	NA	NA	NA	Clostridiales	Clostridia	Firmicutes	Bacteria
522130	NA	NA	NA	Clostridiales	Clostridia	Firmicutes	Bacteria
196795	NA	NA	NA	Clostridiales	Clostridia	Firmicutes	Bacteria
255669	NA	NA	NA	Clostridiales	Clostridia	Firmicutes	Bacteria
21195	NA	NA	Ruminococcaceae	Clostridiales	Clostridia	Firmicutes	Bacteria
186654	NA	NA	Ruminococcaceae	Clostridiales	Clostridia	Firmicutes	Bacteria
184208	NA	NA	Ruminococcaceae	Clostridiales	Clostridia	Firmicutes	Bacteria
170124	NA	NA	Ruminococcaceae	Clostridiales	Clostridia	Firmicutes	Bacteria
198941	NA	NA	Ruminococcaceae	Clostridiales	Clostridia	Firmicutes	Bacteria
187846	NA	NA	Ruminococcaceae	Clostridiales	Clostridia	Firmicutes	Bacteria
158946	NA	NA	Ruminococcaceae	Clostridiales	Clostridia	Firmicutes	Bacteria
191553	NA	NA	Ruminococcaceae	Clostridiales	Clostridia	Firmicutes	Bacteria
510817	NA	NA	Ruminococcaceae	Clostridiales	Clostridia	Firmicutes	Bacteria
544358	NA	NA	Ruminococcaceae	Clostridiales	Clostridia	Firmicutes	Bacteria
302160	NA	NA	Ruminococcaceae	Clostridiales	Clostridia	Firmicutes	Bacteria
177113	NA	NA	Ruminococcaceae	Clostridiales	Clostridia	Firmicutes	Bacteria
204282	NA	NA	Ruminococcaceae	Clostridiales	Clostridia	Firmicutes	Bacteria
192573	NA	NA	Ruminococcaceae	Clostridiales	Clostridia	Firmicutes	Bacteria
300851	NA	NA	Ruminococcaceae	Clostridiales	Clostridia	Firmicutes	Bacteria
114348	NA	NA	Ruminococcaceae	Clostridiales	Clostridia	Firmicutes	Bacteria
204093	NA	NA	Ruminococcaceae	Clostridiales	Clostridia	Firmicutes	Bacteria
158027	NA	NA	Ruminococcaceae	Clostridiales	Clostridia	Firmicutes	Bacteria
206906	NA	NA	Ruminococcaceae	Clostridiales	Clostridia	Firmicutes	Bacteria
165261	Clostridiumorbiscindens	Clostridium	Ruminococcaceae	Clostridiales	Clostridia	Firmicutes	Bacteria
469744	Bacteroidescapillosus	Bacteroides	Ruminococcaceae	Clostridiales	Clostridia	Firmicutes	Bacteria
180565	NA	NA	Ruminococcaceae	Clostridiales	Clostridia	Firmicutes	Bacteria
435679	NA	NA	Ruminococcaceae	Clostridiales	Clostridia	Firmicutes	Bacteria
420351	NA	NA	Ruminococcaceae	Clostridiales	Clostridia	Firmicutes	Bacteria
208543	NA	NA	Ruminococcaceae	Clostridiales	Clostridia	Firmicutes	Bacteria
34823	NA	NA	Ruminococcaceae	Clostridiales	Clostridia	Firmicutes	Bacteria
296949	NA	NA	Ruminococcaceae	Clostridiales	Clostridia	Firmicutes	Bacteria
95502	NA	NA	Ruminococcaceae	Clostridiales	Clostridia	Firmicutes	Bacteria
368752	NA	NA	Ruminococcaceae	Clostridiales	Clostridia	Firmicutes	Bacteria
213306	NA	NA	Ruminococcaceae	Clostridiales	Clostridia	Firmicutes	Bacteria
175497	NA	Oscillospira	Ruminococcaceae	Clostridiales	Clostridia	Firmicutes	Bacteria
554883	NA	Oscillospira	Ruminococcaceae	Clostridiales	Clostridia	Firmicutes	Bacteria
263461	NA	Oscillospira	Ruminococcaceae	Clostridiales	Clostridia	Firmicutes	Bacteria
195102	NA	Oscillospira	Ruminococcaceae	Clostridiales	Clostridia	Firmicutes	Bacteria
593486	NA	Oscillospira	Ruminococcaceae	Clostridiales	Clostridia	Firmicutes	Bacteria
165734	NA	Oscillospira	Ruminococcaceae	Clostridiales	Clostridia	Firmicutes	Bacteria
158222	NA	Oscillospira	Ruminococcaceae	Clostridiales	Clostridia	Firmicutes	Bacteria
548032	NA	Oscillospira	Ruminococcaceae	Clostridiales	Clostridia	Firmicutes	Bacteria
205531	NA	Oscillospira	Ruminococcaceae	Clostridiales	Clostridia	Firmicutes	Bacteria
580270	NA	Oscillospira	Ruminococcaceae	Clostridiales	Clostridia	Firmicutes	Bacteria
207983	NA	Oscillospira	Ruminococcaceae	Clostridiales	Clostridia	Firmicutes	Bacteria
112837	NA	Oscillospira	Ruminococcaceae	Clostridiales	Clostridia	Firmicutes	Bacteria
193632	NA	Oscillospira	Ruminococcaceae	Clostridiales	Clostridia	Firmicutes	Bacteria
301943	NA	Oscillospira	Ruminococcaceae	Clostridiales	Clostridia	Firmicutes	Bacteria
203545	NA	Oscillospira	Ruminococcaceae	Clostridiales	Clostridia	Firmicutes	Bacteria
302974	NA	NA	Ruminococcaceae	Clostridiales	Clostridia	Firmicutes	Bacteria
296377	NA	NA	Ruminococcaceae	Clostridiales	Clostridia	Firmicutes	Bacteria
209475	NA	NA	Ruminococcaceae	Clostridiales	Clostridia	Firmicutes	Bacteria
215231	NA	NA	Ruminococcaceae	Clostridiales	Clostridia	Firmicutes	Bacteria
302377	NA	NA	Ruminococcaceae	Clostridiales	Clostridia	Firmicutes	Bacteria
322956	NA	NA	Ruminococcaceae	Clostridiales	Clostridia	Firmicutes	Bacteria
216862	NA	NA	Ruminococcaceae	Clostridiales	Clostridia	Firmicutes	Bacteria
204625	NA	NA	Ruminococcaceae	Clostridiales	Clostridia	Firmicutes	Bacteria
295890	NA	NA	Ruminococcaceae	Clostridiales	Clostridia	Firmicutes	Bacteria
208377	NA	NA	Ruminococcaceae	Clostridiales	Clostridia	Firmicutes	Bacteria
205241	NA	NA	Ruminococcaceae	Clostridiales	Clostridia	Firmicutes	Bacteria
175959	NA	NA	NA	Clostridiales	Clostridia	Firmicutes	Bacteria
355197	NA	NA	NA	Clostridiales	Clostridia	Firmicutes	Bacteria
194648	NA	NA	NA	Clostridiales	Clostridia	Firmicutes	Bacteria
191796	NA	NA	NA	Clostridiales	Clostridia	Firmicutes	Bacteria
179989	NA	NA	NA	Clostridiales	Clostridia	Firmicutes	Bacteria
296257	NA	NA	NA	Clostridiales	Clostridia	Firmicutes	Bacteria
190454	NA	NA	Lachnospiraceae	Clostridiales	Clostridia	Firmicutes	Bacteria
14010	NA	Johnsonella	Lachnospiraceae	Clostridiales	Clostridia	Firmicutes	Bacteria
199013	NA	Coprococcus	Lachnospiraceae	Clostridiales	Clostridia	Firmicutes	Bacteria
231128	NA	Coprococcus	Lachnospiraceae	Clostridiales	Clostridia	Firmicutes	Bacteria
319153	NA	Coprococcus	Lachnospiraceae	Clostridiales	Clostridia	Firmicutes	Bacteria
174911	NA	NA	Lachnospiraceae	Clostridiales	Clostridia	Firmicutes	Bacteria
562033	NA	NA	Lachnospiraceae	Clostridiales	Clostridia	Firmicutes	Bacteria
297819	NA	NA	Lachnospiraceae	Clostridiales	Clostridia	Firmicutes	Bacteria
195173	NA	NA	Lachnospiraceae	Clostridiales	Clostridia	Firmicutes	Bacteria
198536	NA	NA	Lachnospiraceae	Clostridiales	Clostridia	Firmicutes	Bacteria
16853	NA	NA	Lachnospiraceae	Clostridiales	Clostridia	Firmicutes	Bacteria
299066	NA	NA	Lachnospiraceae	Clostridiales	Clostridia	Firmicutes	Bacteria
177986	NA	NA	Lachnospiraceae	Clostridiales	Clostridia	Firmicutes	Bacteria
192396	NA	NA	Lachnospiraceae	Clostridiales	Clostridia	Firmicutes	Bacteria
186717	NA	NA	Lachnospiraceae	Clostridiales	Clostridia	Firmicutes	Bacteria
287978	NA	NA	Lachnospiraceae	Clostridiales	Clostridia	Firmicutes	Bacteria
325236	NA	NA	Lachnospiraceae	Clostridiales	Clostridia	Firmicutes	Bacteria
179807	NA	NA	Lachnospiraceae	Clostridiales	Clostridia	Firmicutes	Bacteria
317226	NA	NA	Lachnospiraceae	Clostridiales	Clostridia	Firmicutes	Bacteria
508984	NA	NA	Lachnospiraceae	Clostridiales	Clostridia	Firmicutes	Bacteria
214980	NA	NA	Lachnospiraceae	Clostridiales	Clostridia	Firmicutes	Bacteria
364261	NA	NA	Lachnospiraceae	Clostridiales	Clostridia	Firmicutes	Bacteria
204072	NA	NA	Lachnospiraceae	Clostridiales	Clostridia	Firmicutes	Bacteria
97679	NA	NA	Lachnospiraceae	Clostridiales	Clostridia	Firmicutes	Bacteria
103782	NA	NA	Lachnospiraceae	Clostridiales	Clostridia	Firmicutes	Bacteria
317041	NA	NA	Lachnospiraceae	Clostridiales	Clostridia	Firmicutes	Bacteria
329662	NA	NA	Lachnospiraceae	Clostridiales	Clostridia	Firmicutes	Bacteria
303897	NA	Blautia	Lachnospiraceae	Clostridiales	Clostridia	Firmicutes	Bacteria
310490	NA	Blautia	Lachnospiraceae	Clostridiales	Clostridia	Firmicutes	Bacteria
299390	Blautiaproducta	Blautia	Lachnospiraceae	Clostridiales	Clostridia	Firmicutes	Bacteria
290362	Blautiaproducta	Blautia	Lachnospiraceae	Clostridiales	Clostridia	Firmicutes	Bacteria
369814	Blautiaproducta	Blautia	Lachnospiraceae	Clostridiales	Clostridia	Firmicutes	Bacteria
318444	Blautiaproducta	Blautia	Lachnospiraceae	Clostridiales	Clostridia	Firmicutes	Bacteria
302128	Blautiaproducta	Blautia	Lachnospiraceae	Clostridiales	Clostridia	Firmicutes	Bacteria
291684	Blautiaproducta	Blautia	Lachnospiraceae	Clostridiales	Clostridia	Firmicutes	Bacteria
289555	Blautiaproducta	Blautia	Lachnospiraceae	Clostridiales	Clostridia	Firmicutes	Bacteria
560070	NA	Blautia	Lachnospiraceae	Clostridiales	Clostridia	Firmicutes	Bacteria
199487	NA	Blautia	Lachnospiraceae	Clostridiales	Clostridia	Firmicutes	Bacteria
190108	NA	Blautia	Lachnospiraceae	Clostridiales	Clostridia	Firmicutes	Bacteria
22923	NA	Blautia	Lachnospiraceae	Clostridiales	Clostridia	Firmicutes	Bacteria
296977	NA	Blautia	Lachnospiraceae	Clostridiales	Clostridia	Firmicutes	Bacteria
359500	NA	Blautia	Lachnospiraceae	Clostridiales	Clostridia	Firmicutes	Bacteria
344947	NA	Blautia	Lachnospiraceae	Clostridiales	Clostridia	Firmicutes	Bacteria
348259	NA	Blautia	Lachnospiraceae	Clostridiales	Clostridia	Firmicutes	Bacteria
534244	NA	Blautia	Lachnospiraceae	Clostridiales	Clostridia	Firmicutes	Bacteria
179436	NA	Blautia	Lachnospiraceae	Clostridiales	Clostridia	Firmicutes	Bacteria
175586	NA	Blautia	Lachnospiraceae	Clostridiales	Clostridia	Firmicutes	Bacteria
180905	NA	Blautia	Lachnospiraceae	Clostridiales	Clostridia	Firmicutes	Bacteria
318504	NA	Blautia	Lachnospiraceae	Clostridiales	Clostridia	Firmicutes	Bacteria
384505	NA	Blautia	Lachnospiraceae	Clostridiales	Clostridia	Firmicutes	Bacteria
177349	NA	Blautia	Lachnospiraceae	Clostridiales	Clostridia	Firmicutes	Bacteria
469888	NA	Blautia	Lachnospiraceae	Clostridiales	Clostridia	Firmicutes	Bacteria
290501	NA	Blautia	Lachnospiraceae	Clostridiales	Clostridia	Firmicutes	Bacteria
99566	NA	Blautia	Lachnospiraceae	Clostridiales	Clostridia	Firmicutes	Bacteria
196932	NA	Blautia	Lachnospiraceae	Clostridiales	Clostridia	Firmicutes	Bacteria
194745	NA	Blautia	Lachnospiraceae	Clostridiales	Clostridia	Firmicutes	Bacteria
195034	NA	Blautia	Lachnospiraceae	Clostridiales	Clostridia	Firmicutes	Bacteria
191306	NA	Blautia	Lachnospiraceae	Clostridiales	Clostridia	Firmicutes	Bacteria
198922	NA	Blautia	Lachnospiraceae	Clostridiales	Clostridia	Firmicutes	Bacteria
177101	NA	Blautia	Lachnospiraceae	Clostridiales	Clostridia	Firmicutes	Bacteria
576954	NA	Blautia	Lachnospiraceae	Clostridiales	Clostridia	Firmicutes	Bacteria
324163	NA	Blautia	Lachnospiraceae	Clostridiales	Clostridia	Firmicutes	Bacteria
360660	NA	Blautia	Lachnospiraceae	Clostridiales	Clostridia	Firmicutes	Bacteria
183824	NA	Blautia	Lachnospiraceae	Clostridiales	Clostridia	Firmicutes	Bacteria
187385	NA	Blautia	Lachnospiraceae	Clostridiales	Clostridia	Firmicutes	Bacteria
174093	NA	Blautia	Lachnospiraceae	Clostridiales	Clostridia	Firmicutes	Bacteria
291733	NA	Blautia	Lachnospiraceae	Clostridiales	Clostridia	Firmicutes	Bacteria
299892	NA	Blautia	Lachnospiraceae	Clostridiales	Clostridia	Firmicutes	Bacteria
525378	NA	Blautia	Lachnospiraceae	Clostridiales	Clostridia	Firmicutes	Bacteria
181003	NA	Blautia	Lachnospiraceae	Clostridiales	Clostridia	Firmicutes	Bacteria
191950	NA	Blautia	Lachnospiraceae	Clostridiales	Clostridia	Firmicutes	Bacteria
292633	NA	Blautia	Lachnospiraceae	Clostridiales	Clostridia	Firmicutes	Bacteria
174348	NA	Blautia	Lachnospiraceae	Clostridiales	Clostridia	Firmicutes	Bacteria
368950	NA	Blautia	Lachnospiraceae	Clostridiales	Clostridia	Firmicutes	Bacteria
358442	NA	Blautia	Lachnospiraceae	Clostridiales	Clostridia	Firmicutes	Bacteria
194438	NA	Blautia	Lachnospiraceae	Clostridiales	Clostridia	Firmicutes	Bacteria
177214	NA	Blautia	Lachnospiraceae	Clostridiales	Clostridia	Firmicutes	Bacteria
302321	NA	Blautia	Lachnospiraceae	Clostridiales	Clostridia	Firmicutes	Bacteria
189189	NA	NA	Lachnospiraceae	Clostridiales	Clostridia	Firmicutes	Bacteria
161277	NA	NA	Lachnospiraceae	Clostridiales	Clostridia	Firmicutes	Bacteria
195934	NA	NA	Lachnospiraceae	Clostridiales	Clostridia	Firmicutes	Bacteria
192504	NA	NA	Lachnospiraceae	Clostridiales	Clostridia	Firmicutes	Bacteria
164160	NA	NA	Lachnospiraceae	Clostridiales	Clostridia	Firmicutes	Bacteria
259218	NA	NA	Lachnospiraceae	Clostridiales	Clostridia	Firmicutes	Bacteria
302407	NA	NA	Lachnospiraceae	Clostridiales	Clostridia	Firmicutes	Bacteria
291267	NA	NA	Lachnospiraceae	Clostridiales	Clostridia	Firmicutes	Bacteria
294302	NA	NA	Lachnospiraceae	Clostridiales	Clostridia	Firmicutes	Bacteria
570367	NA	NA	Lachnospiraceae	Clostridiales	Clostridia	Firmicutes	Bacteria
328466	NA	NA	Lachnospiraceae	Clostridiales	Clostridia	Firmicutes	Bacteria
337495	NA	NA	Lachnospiraceae	Clostridiales	Clostridia	Firmicutes	Bacteria
334453	NA	NA	Lachnospiraceae	Clostridiales	Clostridia	Firmicutes	Bacteria
198511	NA	NA	Lachnospiraceae	Clostridiales	Clostridia	Firmicutes	Bacteria
192127	NA	NA	Lachnospiraceae	Clostridiales	Clostridia	Firmicutes	Bacteria
294708	NA	NA	Lachnospiraceae	Clostridiales	Clostridia	Firmicutes	Bacteria
305552	NA	NA	Lachnospiraceae	Clostridiales	Clostridia	Firmicutes	Bacteria
334956	NA	NA	Lachnospiraceae	Clostridiales	Clostridia	Firmicutes	Bacteria
298107	NA	NA	Lachnospiraceae	Clostridiales	Clostridia	Firmicutes	Bacteria
579431	NA	NA	Lachnospiraceae	Clostridiales	Clostridia	Firmicutes	Bacteria
299115	NA	NA	Lachnospiraceae	Clostridiales	Clostridia	Firmicutes	Bacteria
297411	NA	NA	Lachnospiraceae	Clostridiales	Clostridia	Firmicutes	Bacteria
320147	NA	NA	Lachnospiraceae	Clostridiales	Clostridia	Firmicutes	Bacteria
183200	NA	NA	Lachnospiraceae	Clostridiales	Clostridia	Firmicutes	Bacteria
296901	NA	NA	Lachnospiraceae	Clostridiales	Clostridia	Firmicutes	Bacteria
521496	NA	NA	Lachnospiraceae	Clostridiales	Clostridia	Firmicutes	Bacteria
293990	NA	NA	Lachnospiraceae	Clostridiales	Clostridia	Firmicutes	Bacteria
337580	NA	NA	Lachnospiraceae	Clostridiales	Clostridia	Firmicutes	Bacteria
295574	NA	NA	Lachnospiraceae	Clostridiales	Clostridia	Firmicutes	Bacteria
332589	NA	NA	Lachnospiraceae	Clostridiales	Clostridia	Firmicutes	Bacteria
294535	NA	NA	Lachnospiraceae	Clostridiales	Clostridia	Firmicutes	Bacteria
307638	NA	NA	Lachnospiraceae	Clostridiales	Clostridia	Firmicutes	Bacteria
578649	NA	NA	Lachnospiraceae	Clostridiales	Clostridia	Firmicutes	Bacteria
561027	NA	NA	Lachnospiraceae	Clostridiales	Clostridia	Firmicutes	Bacteria
530379	NA	NA	Lachnospiraceae	Clostridiales	Clostridia	Firmicutes	Bacteria
343761	NA	NA	Lachnospiraceae	Clostridiales	Clostridia	Firmicutes	Bacteria
469890	NA	NA	Lachnospiraceae	Clostridiales	Clostridia	Firmicutes	Bacteria
189957	NA	NA	Lachnospiraceae	Clostridiales	Clostridia	Firmicutes	Bacteria
530243	NA	NA	Lachnospiraceae	Clostridiales	Clostridia	Firmicutes	Bacteria
544596	NA	NA	Lachnospiraceae	Clostridiales	Clostridia	Firmicutes	Bacteria
544448	NA	NA	Lachnospiraceae	Clostridiales	Clostridia	Firmicutes	Bacteria
181170	NA	NA	Lachnospiraceae	Clostridiales	Clostridia	Firmicutes	Bacteria
212503	NA	NA	Lachnospiraceae	Clostridiales	Clostridia	Firmicutes	Bacteria
182980	NA	Lachnobacterium	Lachnospiraceae	Clostridiales	Clostridia	Firmicutes	Bacteria
180450	NA	Lachnobacterium	Lachnospiraceae	Clostridiales	Clostridia	Firmicutes	Bacteria
162491	NA	Lachnobacterium	Lachnospiraceae	Clostridiales	Clostridia	Firmicutes	Bacteria
192159	NA	NA	Lachnospiraceae	Clostridiales	Clostridia	Firmicutes	Bacteria
318396	NA	NA	Lachnospiraceae	Clostridiales	Clostridia	Firmicutes	Bacteria
292740	NA	NA	Lachnospiraceae	Clostridiales	Clostridia	Firmicutes	Bacteria
211212	NA	NA	Lachnospiraceae	Clostridiales	Clostridia	Firmicutes	Bacteria
322505	NA	NA	Lachnospiraceae	Clostridiales	Clostridia	Firmicutes	Bacteria
110481	NA	NA	Lachnospiraceae	Clostridiales	Clostridia	Firmicutes	Bacteria
181843	NA	NA	Lachnospiraceae	Clostridiales	Clostridia	Firmicutes	Bacteria
177772	Roseburiafaecis	Roseburia	Lachnospiraceae	Clostridiales	Clostridia	Firmicutes	Bacteria
192990	Roseburiafaecis	Roseburia	Lachnospiraceae	Clostridiales	Clostridia	Firmicutes	Bacteria
186077	Roseburiafaecis	Roseburia	Lachnospiraceae	Clostridiales	Clostridia	Firmicutes	Bacteria
177520	Roseburiafaecis	Roseburia	Lachnospiraceae	Clostridiales	Clostridia	Firmicutes	Bacteria
514384	NA	Roseburia	Lachnospiraceae	Clostridiales	Clostridia	Firmicutes	Bacteria
187447	NA	Roseburia	Lachnospiraceae	Clostridiales	Clostridia	Firmicutes	Bacteria
102506	NA	Roseburia	Lachnospiraceae	Clostridiales	Clostridia	Firmicutes	Bacteria
304891	NA	Roseburia	Lachnospiraceae	Clostridiales	Clostridia	Firmicutes	Bacteria
194053	NA	Roseburia	Lachnospiraceae	Clostridiales	Clostridia	Firmicutes	Bacteria
176297	NA	Roseburia	Lachnospiraceae	Clostridiales	Clostridia	Firmicutes	Bacteria
190076	NA	Roseburia	Lachnospiraceae	Clostridiales	Clostridia	Firmicutes	Bacteria
300222	NA	Roseburia	Lachnospiraceae	Clostridiales	Clostridia	Firmicutes	Bacteria
295420	NA	Roseburia	Lachnospiraceae	Clostridiales	Clostridia	Firmicutes	Bacteria
109014	NA	Roseburia	Lachnospiraceae	Clostridiales	Clostridia	Firmicutes	Bacteria
361119	NA	Roseburia	Lachnospiraceae	Clostridiales	Clostridia	Firmicutes	Bacteria
518613	NA	Roseburia	Lachnospiraceae	Clostridiales	Clostridia	Firmicutes	Bacteria
518438	NA	Roseburia	Lachnospiraceae	Clostridiales	Clostridia	Firmicutes	Bacteria
516553	NA	Roseburia	Lachnospiraceae	Clostridiales	Clostridia	Firmicutes	Bacteria
311704	NA	Roseburia	Lachnospiraceae	Clostridiales	Clostridia	Firmicutes	Bacteria
175137	NA	Roseburia	Lachnospiraceae	Clostridiales	Clostridia	Firmicutes	Bacteria
186955	Eubacteriumrectale	Roseburia	Lachnospiraceae	Clostridiales	Clostridia	Firmicutes	Bacteria
193343	Eubacteriumrectale	Roseburia	Lachnospiraceae	Clostridiales	Clostridia	Firmicutes	Bacteria
357795	Eubacteriumrectale	Roseburia	Lachnospiraceae	Clostridiales	Clostridia	Firmicutes	Bacteria
175518	Eubacteriumrectale	Roseburia	Lachnospiraceae	Clostridiales	Clostridia	Firmicutes	Bacteria
175208	Eubacteriumrectale	Roseburia	Lachnospiraceae	Clostridiales	Clostridia	Firmicutes	Bacteria
45296	NA	Roseburia	Lachnospiraceae	Clostridiales	Clostridia	Firmicutes	Bacteria
41673	NA	Roseburia	Lachnospiraceae	Clostridiales	Clostridia	Firmicutes	Bacteria
152170	NA	Roseburia	Lachnospiraceae	Clostridiales	Clostridia	Firmicutes	Bacteria
201110	NA	Roseburia	Lachnospiraceae	Clostridiales	Clostridia	Firmicutes	Bacteria
343967	NA	Roseburia	Lachnospiraceae	Clostridiales	Clostridia	Firmicutes	Bacteria
317818	NA	NA	Lachnospiraceae	Clostridiales	Clostridia	Firmicutes	Bacteria
352304	NA	NA	Lachnospiraceae	Clostridiales	Clostridia	Firmicutes	Bacteria
348861	NA	NA	Lachnospiraceae	Clostridiales	Clostridia	Firmicutes	Bacteria
514741	NA	NA	Lachnospiraceae	Clostridiales	Clostridia	Firmicutes	Bacteria
358016	NA	NA	Lachnospiraceae	Clostridiales	Clostridia	Firmicutes	Bacteria
136044	NA	Eubacterium	Lachnospiraceae	Clostridiales	Clostridia	Firmicutes	Bacteria
358858	NA	Eubacterium	Lachnospiraceae	Clostridiales	Clostridia	Firmicutes	Bacteria
288604	NA	Eubacterium	Lachnospiraceae	Clostridiales	Clostridia	Firmicutes	Bacteria
237324	NA	Clostridium	Lachnospiraceae	Clostridiales	Clostridia	Firmicutes	Bacteria
179460	NA	Clostridium	Lachnospiraceae	Clostridiales	Clostridia	Firmicutes	Bacteria
350052	NA	Clostridium	Lachnospiraceae	Clostridiales	Clostridia	Firmicutes	Bacteria
377525	NA	Clostridium	Lachnospiraceae	Clostridiales	Clostridia	Firmicutes	Bacteria
269949	NA	Clostridium	Lachnospiraceae	Clostridiales	Clostridia	Firmicutes	Bacteria
342085	NA	Clostridium	Lachnospiraceae	Clostridiales	Clostridia	Firmicutes	Bacteria
294710	NA	Clostridium	Lachnospiraceae	Clostridiales	Clostridia	Firmicutes	Bacteria
189334	NA	Clostridium	Lachnospiraceae	Clostridiales	Clostridia	Firmicutes	Bacteria
295568	NA	Clostridium	Lachnospiraceae	Clostridiales	Clostridia	Firmicutes	Bacteria
211903	NA	Clostridium	Lachnospiraceae	Clostridiales	Clostridia	Firmicutes	Bacteria
181834	NA	Clostridium	Lachnospiraceae	Clostridiales	Clostridia	Firmicutes	Bacteria
184155	NA	Clostridium	Lachnospiraceae	Clostridiales	Clostridia	Firmicutes	Bacteria
198528	NA	Clostridium	Lachnospiraceae	Clostridiales	Clostridia	Firmicutes	Bacteria
187360	NA	Clostridium	Lachnospiraceae	Clostridiales	Clostridia	Firmicutes	Bacteria
365125	NA	Clostridium	Lachnospiraceae	Clostridiales	Clostridia	Firmicutes	Bacteria
262012	NA	Clostridium	Lachnospiraceae	Clostridiales	Clostridia	Firmicutes	Bacteria
268620	NA	Clostridium	Lachnospiraceae	Clostridiales	Clostridia	Firmicutes	Bacteria
157470	NA	Clostridium	Lachnospiraceae	Clostridiales	Clostridia	Firmicutes	Bacteria
540710	NA	Clostridium	Lachnospiraceae	Clostridiales	Clostridia	Firmicutes	Bacteria
331150	NA	Clostridium	Lachnospiraceae	Clostridiales	Clostridia	Firmicutes	Bacteria
207580	NA	Clostridium	Lachnospiraceae	Clostridiales	Clostridia	Firmicutes	Bacteria
545473	NA	Clostridium	Lachnospiraceae	Clostridiales	Clostridia	Firmicutes	Bacteria
578025	NA	Clostridium	Lachnospiraceae	Clostridiales	Clostridia	Firmicutes	Bacteria
445575	NA	Clostridium	Lachnospiraceae	Clostridiales	Clostridia	Firmicutes	Bacteria
296872	NA	Clostridium	Lachnospiraceae	Clostridiales	Clostridia	Firmicutes	Bacteria
369032	NA	Clostridium	Lachnospiraceae	Clostridiales	Clostridia	Firmicutes	Bacteria
167365	NA	Clostridium	Lachnospiraceae	Clostridiales	Clostridia	Firmicutes	Bacteria
191809	NA	Clostridium	Lachnospiraceae	Clostridiales	Clostridia	Firmicutes	Bacteria
175401	NA	Clostridium	Lachnospiraceae	Clostridiales	Clostridia	Firmicutes	Bacteria
528380	NA	Moryella	Lachnospiraceae	Clostridiales	Clostridia	Firmicutes	Bacteria
248759	NA	NA	Lachnospiraceae	Clostridiales	Clostridia	Firmicutes	Bacteria
590169	NA	NA	Lachnospiraceae	Clostridiales	Clostridia	Firmicutes	Bacteria
236261	NA	NA	Lachnospiraceae	Clostridiales	Clostridia	Firmicutes	Bacteria
73450	NA	NA	Lachnospiraceae	Clostridiales	Clostridia	Firmicutes	Bacteria
166178	NA	NA	Lachnospiraceae	Clostridiales	Clostridia	Firmicutes	Bacteria
526081	NA	Oribacterium	Lachnospiraceae	Clostridiales	Clostridia	Firmicutes	Bacteria
471120	Oribacteriumsp.oraltaxon078	Oribacterium	Lachnospiraceae	Clostridiales	Clostridia	Firmicutes	Bacteria
470747	Oribacteriumsinus	Oribacterium	Lachnospiraceae	Clostridiales	Clostridia	Firmicutes	Bacteria
469972	NA	Clostridium	Lachnospiraceae	Clostridiales	Clostridia	Firmicutes	Bacteria
469991	Clostridiumbolteae	Clostridium	Lachnospiraceae	Clostridiales	Clostridia	Firmicutes	Bacteria
351986	NA	Clostridium	Lachnospiraceae	Clostridiales	Clostridia	Firmicutes	Bacteria
175537	NA	Clostridium	Lachnospiraceae	Clostridiales	Clostridia	Firmicutes	Bacteria
187470	NA	NA	Lachnospiraceae	Clostridiales	Clostridia	Firmicutes	Bacteria
178513	NA	NA	Lachnospiraceae	Clostridiales	Clostridia	Firmicutes	Bacteria
183228	NA	NA	Lachnospiraceae	Clostridiales	Clostridia	Firmicutes	Bacteria
288134	NA	NA	Lachnospiraceae	Clostridiales	Clostridia	Firmicutes	Bacteria
184577	NA	NA	Lachnospiraceae	Clostridiales	Clostridia	Firmicutes	Bacteria
189679	NA	NA	Lachnospiraceae	Clostridiales	Clostridia	Firmicutes	Bacteria
190464	NA	NA	Lachnospiraceae	Clostridiales	Clostridia	Firmicutes	Bacteria
199455	NA	NA	Lachnospiraceae	Clostridiales	Clostridia	Firmicutes	Bacteria
182927	NA	NA	Lachnospiraceae	Clostridiales	Clostridia	Firmicutes	Bacteria
183879	NA	NA	Lachnospiraceae	Clostridiales	Clostridia	Firmicutes	Bacteria
364896	NA	Eubacterium	Lachnospiraceae	Clostridiales	Clostridia	Firmicutes	Bacteria
193452	NA	Eubacterium	Lachnospiraceae	Clostridiales	Clostridia	Firmicutes	Bacteria
181828	NA	Eubacterium	Lachnospiraceae	Clostridiales	Clostridia	Firmicutes	Bacteria
290281	NA	Eubacterium	Lachnospiraceae	Clostridiales	Clostridia	Firmicutes	Bacteria
178915	NA	NA	Lachnospiraceae	Clostridiales	Clostridia	Firmicutes	Bacteria
186672	NA	NA	Lachnospiraceae	Clostridiales	Clostridia	Firmicutes	Bacteria
363692	Ruminococcusgnavus	Ruminococcus	Lachnospiraceae	Clostridiales	Clostridia	Firmicutes	Bacteria
342397	Ruminococcusgnavus	Ruminococcus	Lachnospiraceae	Clostridiales	Clostridia	Firmicutes	Bacteria
366612	NA	NA	Lachnospiraceae	Clostridiales	Clostridia	Firmicutes	Bacteria
215433	NA	NA	Lachnospiraceae	Clostridiales	Clostridia	Firmicutes	Bacteria
360796	NA	Dorea	Lachnospiraceae	Clostridiales	Clostridia	Firmicutes	Bacteria
261912	Doreaformicigenerans	Dorea	Lachnospiraceae	Clostridiales	Clostridia	Firmicutes	Bacteria
325181	NA	NA	Lachnospiraceae	Clostridiales	Clostridia	Firmicutes	Bacteria
177359	NA	NA	Lachnospiraceae	Clostridiales	Clostridia	Firmicutes	Bacteria
216607	NA	NA	Lachnospiraceae	Clostridiales	Clostridia	Firmicutes	Bacteria
130103	NA	NA	Lachnospiraceae	Clostridiales	Clostridia	Firmicutes	Bacteria
179319	NA	NA	Lachnospiraceae	Clostridiales	Clostridia	Firmicutes	Bacteria
564188	NA	NA	Lachnospiraceae	Clostridiales	Clostridia	Firmicutes	Bacteria
195336	NA	NA	Lachnospiraceae	Clostridiales	Clostridia	Firmicutes	Bacteria
293078	NA	NA	Lachnospiraceae	Clostridiales	Clostridia	Firmicutes	Bacteria
185281	NA	Clostridium	Lachnospiraceae	Clostridiales	Clostridia	Firmicutes	Bacteria
212474	NA	Clostridium	Lachnospiraceae	Clostridiales	Clostridia	Firmicutes	Bacteria
191687	NA	Clostridium	Lachnospiraceae	Clostridiales	Clostridia	Firmicutes	Bacteria
185692	NA	NA	Lachnospiraceae	Clostridiales	Clostridia	Firmicutes	Bacteria
197765	NA	NA	Lachnospiraceae	Clostridiales	Clostridia	Firmicutes	Bacteria
340272	NA	NA	Lachnospiraceae	Clostridiales	Clostridia	Firmicutes	Bacteria
190045	NA	Clostridium	Lachnospiraceae	Clostridiales	Clostridia	Firmicutes	Bacteria
351734	NA	Clostridium	Lachnospiraceae	Clostridiales	Clostridia	Firmicutes	Bacteria
333775	NA	Clostridium	Lachnospiraceae	Clostridiales	Clostridia	Firmicutes	Bacteria
563572	NA	Clostridium	Lachnospiraceae	Clostridiales	Clostridia	Firmicutes	Bacteria
192304	NA	Clostridium	Lachnospiraceae	Clostridiales	Clostridia	Firmicutes	Bacteria
193876	NA	Ruminococcus	Lachnospiraceae	Clostridiales	Clostridia	Firmicutes	Bacteria
174136	NA	Ruminococcus	Lachnospiraceae	Clostridiales	Clostridia	Firmicutes	Bacteria
297182	NA	Ruminococcus	Lachnospiraceae	Clostridiales	Clostridia	Firmicutes	Bacteria
295018	NA	Ruminococcus	Lachnospiraceae	Clostridiales	Clostridia	Firmicutes	Bacteria
295366	NA	Ruminococcus	Lachnospiraceae	Clostridiales	Clostridia	Firmicutes	Bacteria
294022	NA	Ruminococcus	Lachnospiraceae	Clostridiales	Clostridia	Firmicutes	Bacteria
187812	NA	Ruminococcus	Lachnospiraceae	Clostridiales	Clostridia	Firmicutes	Bacteria
114982	NA	Ruminococcus	Lachnospiraceae	Clostridiales	Clostridia	Firmicutes	Bacteria
167187	NA	Ruminococcus	Lachnospiraceae	Clostridiales	Clostridia	Firmicutes	Bacteria
511008	NA	Ruminococcus	Lachnospiraceae	Clostridiales	Clostridia	Firmicutes	Bacteria
290548	NA	Ruminococcus	Lachnospiraceae	Clostridiales	Clostridia	Firmicutes	Bacteria
302224	NA	Ruminococcus	Lachnospiraceae	Clostridiales	Clostridia	Firmicutes	Bacteria
297602	NA	Ruminococcus	Lachnospiraceae	Clostridiales	Clostridia	Firmicutes	Bacteria
342110	NA	Ruminococcus	Lachnospiraceae	Clostridiales	Clostridia	Firmicutes	Bacteria
293681	NA	Ruminococcus	Lachnospiraceae	Clostridiales	Clostridia	Firmicutes	Bacteria
297917	NA	Ruminococcus	Lachnospiraceae	Clostridiales	Clostridia	Firmicutes	Bacteria
168711	NA	Ruminococcus	Lachnospiraceae	Clostridiales	Clostridia	Firmicutes	Bacteria
470973	Ruminococcustorques	Ruminococcus	Lachnospiraceae	Clostridiales	Clostridia	Firmicutes	Bacteria
193297	NA	Ruminococcus	Lachnospiraceae	Clostridiales	Clostridia	Firmicutes	Bacteria
198997	NA	Ruminococcus	Lachnospiraceae	Clostridiales	Clostridia	Firmicutes	Bacteria
136507	NA	Ruminococcus	Lachnospiraceae	Clostridiales	Clostridia	Firmicutes	Bacteria
234421	NA	Ruminococcus	Lachnospiraceae	Clostridiales	Clostridia	Firmicutes	Bacteria
358748	NA	Ruminococcus	Lachnospiraceae	Clostridiales	Clostridia	Firmicutes	Bacteria
360838	NA	Ruminococcus	Lachnospiraceae	Clostridiales	Clostridia	Firmicutes	Bacteria
361809	NA	Ruminococcus	Lachnospiraceae	Clostridiales	Clostridia	Firmicutes	Bacteria
71685	NA	Ruminococcus	Lachnospiraceae	Clostridiales	Clostridia	Firmicutes	Bacteria
162162	NA	Ruminococcus	Lachnospiraceae	Clostridiales	Clostridia	Firmicutes	Bacteria
126315	NA	Ruminococcus	Lachnospiraceae	Clostridiales	Clostridia	Firmicutes	Bacteria
177911	NA	Ruminococcus	Lachnospiraceae	Clostridiales	Clostridia	Firmicutes	Bacteria
181028	NA	NA	Lachnospiraceae	Clostridiales	Clostridia	Firmicutes	Bacteria
49088	NA	NA	Lachnospiraceae	Clostridiales	Clostridia	Firmicutes	Bacteria
43159	NA	NA	Lachnospiraceae	Clostridiales	Clostridia	Firmicutes	Bacteria
511234	NA	NA	Lachnospiraceae	Clostridiales	Clostridia	Firmicutes	Bacteria
541415	NA	NA	Lachnospiraceae	Clostridiales	Clostridia	Firmicutes	Bacteria
165397	NA	NA	Lachnospiraceae	Clostridiales	Clostridia	Firmicutes	Bacteria
365602	NA	NA	Lachnospiraceae	Clostridiales	Clostridia	Firmicutes	Bacteria
319199	NA	NA	Lachnospiraceae	Clostridiales	Clostridia	Firmicutes	Bacteria
203843	NA	NA	Lachnospiraceae	Clostridiales	Clostridia	Firmicutes	Bacteria
17494	NA	Anaerostipes	Lachnospiraceae	Clostridiales	Clostridia	Firmicutes	Bacteria
206865	NA	NA	Lachnospiraceae	Clostridiales	Clostridia	Firmicutes	Bacteria
204044	NA	NA	Lachnospiraceae	Clostridiales	Clostridia	Firmicutes	Bacteria
42492	NA	NA	Lachnospiraceae	Clostridiales	Clostridia	Firmicutes	Bacteria
319938	NA	NA	Lachnospiraceae	Clostridiales	Clostridia	Firmicutes	Bacteria
470172	Coprococcuseutactus	Coprococcus	Lachnospiraceae	Clostridiales	Clostridia	Firmicutes	Bacteria
469946	NA	Coprococcus	Lachnospiraceae	Clostridiales	Clostridia	Firmicutes	Bacteria
328422	NA	Coprococcus	Lachnospiraceae	Clostridiales	Clostridia	Firmicutes	Bacteria
322137	NA	Coprococcus	Lachnospiraceae	Clostridiales	Clostridia	Firmicutes	Bacteria
172603	NA	Coprococcus	Lachnospiraceae	Clostridiales	Clostridia	Firmicutes	Bacteria
17859	NA	Coprococcus	Lachnospiraceae	Clostridiales	Clostridia	Firmicutes	Bacteria
179320	NA	Coprococcus	Lachnospiraceae	Clostridiales	Clostridia	Firmicutes	Bacteria
178146	NA	Coprococcus	Lachnospiraceae	Clostridiales	Clostridia	Firmicutes	Bacteria
190307	NA	Coprococcus	Lachnospiraceae	Clostridiales	Clostridia	Firmicutes	Bacteria
16512	NA	Coprococcus	Lachnospiraceae	Clostridiales	Clostridia	Firmicutes	Bacteria
189485	NA	Coprococcus	Lachnospiraceae	Clostridiales	Clostridia	Firmicutes	Bacteria
246937	NA	Coprococcus	Lachnospiraceae	Clostridiales	Clostridia	Firmicutes	Bacteria
189099	NA	Coprococcus	Lachnospiraceae	Clostridiales	Clostridia	Firmicutes	Bacteria
21698	NA	Coprococcus	Lachnospiraceae	Clostridiales	Clostridia	Firmicutes	Bacteria
182512	NA	Coprococcus	Lachnospiraceae	Clostridiales	Clostridia	Firmicutes	Bacteria
182054	NA	Coprococcus	Lachnospiraceae	Clostridiales	Clostridia	Firmicutes	Bacteria
279893	NA	NA	Lachnospiraceae	Clostridiales	Clostridia	Firmicutes	Bacteria
539014	NA	NA	Lachnospiraceae	Clostridiales	Clostridia	Firmicutes	Bacteria
213747	NA	NA	Lachnospiraceae	Clostridiales	Clostridia	Firmicutes	Bacteria
179065	NA	NA	Lachnospiraceae	Clostridiales	Clostridia	Firmicutes	Bacteria
268933	NA	NA	Lachnospiraceae	Clostridiales	Clostridia	Firmicutes	Bacteria
276643	NA	NA	Lachnospiraceae	Clostridiales	Clostridia	Firmicutes	Bacteria
536831	NA	NA	Lachnospiraceae	Clostridiales	Clostridia	Firmicutes	Bacteria
318445	NA	NA	Lachnospiraceae	Clostridiales	Clostridia	Firmicutes	Bacteria
181344	NA	NA	Lachnospiraceae	Clostridiales	Clostridia	Firmicutes	Bacteria
262724	NA	NA	Lachnospiraceae	Clostridiales	Clostridia	Firmicutes	Bacteria
536281	NA	NA	Lachnospiraceae	Clostridiales	Clostridia	Firmicutes	Bacteria
287580	NA	NA	Lachnospiraceae	Clostridiales	Clostridia	Firmicutes	Bacteria
184403	NA	NA	Lachnospiraceae	Clostridiales	Clostridia	Firmicutes	Bacteria
182125	NA	NA	Lachnospiraceae	Clostridiales	Clostridia	Firmicutes	Bacteria
583958	NA	NA	Lachnospiraceae	Clostridiales	Clostridia	Firmicutes	Bacteria
184211	NA	NA	Lachnospiraceae	Clostridiales	Clostridia	Firmicutes	Bacteria
469824	Bacteroidespectinophilus	Bacteroides	Lachnospiraceae	Clostridiales	Clostridia	Firmicutes	Bacteria
592015	NA	Lachnospira	Lachnospiraceae	Clostridiales	Clostridia	Firmicutes	Bacteria
82283	NA	Lachnospira	Lachnospiraceae	Clostridiales	Clostridia	Firmicutes	Bacteria
323020	NA	Lachnospira	Lachnospiraceae	Clostridiales	Clostridia	Firmicutes	Bacteria
42680	NA	Lachnospira	Lachnospiraceae	Clostridiales	Clostridia	Firmicutes	Bacteria
316732	NA	Lachnospira	Lachnospiraceae	Clostridiales	Clostridia	Firmicutes	Bacteria
203620	NA	Lachnospira	Lachnospiraceae	Clostridiales	Clostridia	Firmicutes	Bacteria
293896	NA	NA	Lachnospiraceae	Clostridiales	Clostridia	Firmicutes	Bacteria
188127	NA	NA	Lachnospiraceae	Clostridiales	Clostridia	Firmicutes	Bacteria
182555	NA	NA	Lachnospiraceae	Clostridiales	Clostridia	Firmicutes	Bacteria
192187	NA	NA	Lachnospiraceae	Clostridiales	Clostridia	Firmicutes	Bacteria
267399	NA	NA	Lachnospiraceae	Clostridiales	Clostridia	Firmicutes	Bacteria
196731	NA	NA	Lachnospiraceae	Clostridiales	Clostridia	Firmicutes	Bacteria
303927	NA	NA	Lachnospiraceae	Clostridiales	Clostridia	Firmicutes	Bacteria
188238	NA	NA	Lachnospiraceae	Clostridiales	Clostridia	Firmicutes	Bacteria
291644	NA	NA	Lachnospiraceae	Clostridiales	Clostridia	Firmicutes	Bacteria
207570	NA	Clostridium	Lachnospiraceae	Clostridiales	Clostridia	Firmicutes	Bacteria
49274	NA	Clostridium	Lachnospiraceae	Clostridiales	Clostridia	Firmicutes	Bacteria
213176	NA	Clostridium	Lachnospiraceae	Clostridiales	Clostridia	Firmicutes	Bacteria
365160	NA	Clostridium	Lachnospiraceae	Clostridiales	Clostridia	Firmicutes	Bacteria
358594	NA	Clostridium	Lachnospiraceae	Clostridiales	Clostridia	Firmicutes	Bacteria
204620	NA	Clostridium	Lachnospiraceae	Clostridiales	Clostridia	Firmicutes	Bacteria
31573	NA	Clostridium	Lachnospiraceae	Clostridiales	Clostridia	Firmicutes	Bacteria
204121	NA	Clostridium	Lachnospiraceae	Clostridiales	Clostridia	Firmicutes	Bacteria
92430	NA	Clostridium	Lachnospiraceae	Clostridiales	Clostridia	Firmicutes	Bacteria
591118	NA	Clostridium	Lachnospiraceae	Clostridiales	Clostridia	Firmicutes	Bacteria
329703	NA	Clostridium	Lachnospiraceae	Clostridiales	Clostridia	Firmicutes	Bacteria
48583	NA	Catonella	Lachnospiraceae	Clostridiales	Clostridia	Firmicutes	Bacteria
542686	NA	Butyrivibrio	Lachnospiraceae	Clostridiales	Clostridia	Firmicutes	Bacteria
13948	NA	Butyrivibrio	Lachnospiraceae	Clostridiales	Clostridia	Firmicutes	Bacteria
588409	NA	NA	Lachnospiraceae	Clostridiales	Clostridia	Firmicutes	Bacteria
312126	NA	NA	Lachnospiraceae	Clostridiales	Clostridia	Firmicutes	Bacteria
184136	NA	NA	NA	Clostridiales	Clostridia	Firmicutes	Bacteria
210095	NA	Clostridium	Ruminococcaceae	Clostridiales	Clostridia	Firmicutes	Bacteria
163601	NA	Clostridium	Ruminococcaceae	Clostridiales	Clostridia	Firmicutes	Bacteria
169961	NA	Clostridium	Ruminococcaceae	Clostridiales	Clostridia	Firmicutes	Bacteria
167602	NA	Clostridium	Ruminococcaceae	Clostridiales	Clostridia	Firmicutes	Bacteria
203788	NA	Clostridium	Ruminococcaceae	Clostridiales	Clostridia	Firmicutes	Bacteria
215843	NA	Clostridium	Ruminococcaceae	Clostridiales	Clostridia	Firmicutes	Bacteria
470114	Clostridiumleptum	Clostridium	Ruminococcaceae	Clostridiales	Clostridia	Firmicutes	Bacteria
170206	NA	Ruminococcus	Ruminococcaceae	Clostridiales	Clostridia	Firmicutes	Bacteria
365676	NA	Ruminococcus	Ruminococcaceae	Clostridiales	Clostridia	Firmicutes	Bacteria
223059	NA	Ruminococcus	Ruminococcaceae	Clostridiales	Clostridia	Firmicutes	Bacteria
144304	NA	Ruminococcus	Ruminococcaceae	Clostridiales	Clostridia	Firmicutes	Bacteria
74461	NA	NA	Ruminococcaceae	Clostridiales	Clostridia	Firmicutes	Bacteria
364099	NA	NA	Ruminococcaceae	Clostridiales	Clostridia	Firmicutes	Bacteria
187524	NA	NA	Ruminococcaceae	Clostridiales	Clostridia	Firmicutes	Bacteria
184450	NA	NA	Ruminococcaceae	Clostridiales	Clostridia	Firmicutes	Bacteria
136789	NA	NA	Ruminococcaceae	Clostridiales	Clostridia	Firmicutes	Bacteria
237133	NA	NA	Ruminococcaceae	Clostridiales	Clostridia	Firmicutes	Bacteria
392407	NA	NA	Ruminococcaceae	Clostridiales	Clostridia	Firmicutes	Bacteria
234170	NA	NA	Ruminococcaceae	Clostridiales	Clostridia	Firmicutes	Bacteria
167166	NA	NA	Ruminococcaceae	Clostridiales	Clostridia	Firmicutes	Bacteria
52759	NA	NA	Ruminococcaceae	Clostridiales	Clostridia	Firmicutes	Bacteria
323253	NA	NA	Ruminococcaceae	Clostridiales	Clostridia	Firmicutes	Bacteria
166689	NA	NA	Ruminococcaceae	Clostridiales	Clostridia	Firmicutes	Bacteria
178967	NA	NA	Ruminococcaceae	Clostridiales	Clostridia	Firmicutes	Bacteria
191541	NA	NA	Ruminococcaceae	Clostridiales	Clostridia	Firmicutes	Bacteria
212619	NA	NA	Ruminococcaceae	Clostridiales	Clostridia	Firmicutes	Bacteria
186456	NA	NA	Ruminococcaceae	Clostridiales	Clostridia	Firmicutes	Bacteria
369903	NA	NA	Ruminococcaceae	Clostridiales	Clostridia	Firmicutes	Bacteria
354737	NA	NA	Ruminococcaceae	Clostridiales	Clostridia	Firmicutes	Bacteria
291266	NA	NA	Ruminococcaceae	Clostridiales	Clostridia	Firmicutes	Bacteria
368137	NA	NA	Ruminococcaceae	Clostridiales	Clostridia	Firmicutes	Bacteria
195608	NA	NA	Ruminococcaceae	Clostridiales	Clostridia	Firmicutes	Bacteria
194219	NA	NA	Ruminococcaceae	Clostridiales	Clostridia	Firmicutes	Bacteria
471106	NA	NA	Ruminococcaceae	Clostridiales	Clostridia	Firmicutes	Bacteria
176861	NA	NA	Ruminococcaceae	Clostridiales	Clostridia	Firmicutes	Bacteria
178056	NA	Faecalibacterium	Ruminococcaceae	Clostridiales	Clostridia	Firmicutes	Bacteria
173135	NA	Faecalibacterium	Ruminococcaceae	Clostridiales	Clostridia	Firmicutes	Bacteria
179321	NA	Faecalibacterium	Ruminococcaceae	Clostridiales	Clostridia	Firmicutes	Bacteria
554436	NA	Faecalibacterium	Ruminococcaceae	Clostridiales	Clostridia	Firmicutes	Bacteria
175681	NA	Faecalibacterium	Ruminococcaceae	Clostridiales	Clostridia	Firmicutes	Bacteria
357470	NA	Faecalibacterium	Ruminococcaceae	Clostridiales	Clostridia	Firmicutes	Bacteria
367417	NA	Faecalibacterium	Ruminococcaceae	Clostridiales	Clostridia	Firmicutes	Bacteria
326792	NA	Faecalibacterium	Ruminococcaceae	Clostridiales	Clostridia	Firmicutes	Bacteria
308135	NA	Faecalibacterium	Ruminococcaceae	Clostridiales	Clostridia	Firmicutes	Bacteria
325407	NA	Faecalibacterium	Ruminococcaceae	Clostridiales	Clostridia	Firmicutes	Bacteria
531429	NA	Faecalibacterium	Ruminococcaceae	Clostridiales	Clostridia	Firmicutes	Bacteria
527741	NA	Faecalibacterium	Ruminococcaceae	Clostridiales	Clostridia	Firmicutes	Bacteria
215767	NA	Faecalibacterium	Ruminococcaceae	Clostridiales	Clostridia	Firmicutes	Bacteria
185390	NA	Faecalibacterium	Ruminococcaceae	Clostridiales	Clostridia	Firmicutes	Bacteria
368362	Faecalibacteriumprausnitzii	Faecalibacterium	Ruminococcaceae	Clostridiales	Clostridia	Firmicutes	Bacteria
188646	Faecalibacteriumprausnitzii	Faecalibacterium	Ruminococcaceae	Clostridiales	Clostridia	Firmicutes	Bacteria
180304	Faecalibacteriumprausnitzii	Faecalibacterium	Ruminococcaceae	Clostridiales	Clostridia	Firmicutes	Bacteria
171551	Faecalibacteriumprausnitzii	Faecalibacterium	Ruminococcaceae	Clostridiales	Clostridia	Firmicutes	Bacteria
290260	Faecalibacteriumprausnitzii	Faecalibacterium	Ruminococcaceae	Clostridiales	Clostridia	Firmicutes	Bacteria
367433	Faecalibacteriumprausnitzii	Faecalibacterium	Ruminococcaceae	Clostridiales	Clostridia	Firmicutes	Bacteria
185734	Faecalibacteriumprausnitzii	Faecalibacterium	Ruminococcaceae	Clostridiales	Clostridia	Firmicutes	Bacteria
176115	NA	Faecalibacterium	Ruminococcaceae	Clostridiales	Clostridia	Firmicutes	Bacteria
310301	NA	Faecalibacterium	Ruminococcaceae	Clostridiales	Clostridia	Firmicutes	Bacteria
193761	NA	Faecalibacterium	Ruminococcaceae	Clostridiales	Clostridia	Firmicutes	Bacteria
179291	NA	Faecalibacterium	Ruminococcaceae	Clostridiales	Clostridia	Firmicutes	Bacteria
179287	NA	Faecalibacterium	Ruminococcaceae	Clostridiales	Clostridia	Firmicutes	Bacteria
188900	NA	Faecalibacterium	Ruminococcaceae	Clostridiales	Clostridia	Firmicutes	Bacteria
327476	NA	Faecalibacterium	Ruminococcaceae	Clostridiales	Clostridia	Firmicutes	Bacteria
164241	NA	Faecalibacterium	Ruminococcaceae	Clostridiales	Clostridia	Firmicutes	Bacteria
189047	NA	NA	Ruminococcaceae	Clostridiales	Clostridia	Firmicutes	Bacteria
180658	NA	NA	Ruminococcaceae	Clostridiales	Clostridia	Firmicutes	Bacteria
360297	NA	NA	Ruminococcaceae	Clostridiales	Clostridia	Firmicutes	Bacteria
157966	NA	NA	Ruminococcaceae	Clostridiales	Clostridia	Firmicutes	Bacteria
72147	NA	NA	Ruminococcaceae	Clostridiales	Clostridia	Firmicutes	Bacteria
178512	NA	NA	Ruminococcaceae	Clostridiales	Clostridia	Firmicutes	Bacteria
258099	NA	NA	Ruminococcaceae	Clostridiales	Clostridia	Firmicutes	Bacteria
171788	NA	NA	Ruminococcaceae	Clostridiales	Clostridia	Firmicutes	Bacteria
315223	NA	Anaerotruncus	Ruminococcaceae	Clostridiales	Clostridia	Firmicutes	Bacteria
261022	Anaerotruncuscolihominis	Anaerotruncus	Ruminococcaceae	Clostridiales	Clostridia	Firmicutes	Bacteria
288588	NA	NA	Ruminococcaceae	Clostridiales	Clostridia	Firmicutes	Bacteria
173810	NA	Ruminococcus	Ruminococcaceae	Clostridiales	Clostridia	Firmicutes	Bacteria
274928	NA	Ruminococcus	Ruminococcaceae	Clostridiales	Clostridia	Firmicutes	Bacteria
269833	Ruminococcusflavefaciens	Ruminococcus	Ruminococcaceae	Clostridiales	Clostridia	Firmicutes	Bacteria
367055	NA	Ruminococcus	Ruminococcaceae	Clostridiales	Clostridia	Firmicutes	Bacteria
203708	NA	Ruminococcus	Ruminococcaceae	Clostridiales	Clostridia	Firmicutes	Bacteria
232828	NA	Clostridium	Ruminococcaceae	Clostridiales	Clostridia	Firmicutes	Bacteria
470117	Clostridiummethylpentosum	Clostridium	Ruminococcaceae	Clostridiales	Clostridia	Firmicutes	Bacteria
175074	NA	NA	Ruminococcaceae	Clostridiales	Clostridia	Firmicutes	Bacteria
209845	NA	NA	Ruminococcaceae	Clostridiales	Clostridia	Firmicutes	Bacteria
375225	NA	NA	Ruminococcaceae	Clostridiales	Clostridia	Firmicutes	Bacteria
579366	NA	NA	Ruminococcaceae	Clostridiales	Clostridia	Firmicutes	Bacteria
394980	NA	NA	Ruminococcaceae	Clostridiales	Clostridia	Firmicutes	Bacteria
130337	NA	NA	Ruminococcaceae	Clostridiales	Clostridia	Firmicutes	Bacteria
194651	NA	NA	Ruminococcaceae	Clostridiales	Clostridia	Firmicutes	Bacteria
170185	NA	NA	Ruminococcaceae	Clostridiales	Clostridia	Firmicutes	Bacteria
210552	NA	NA	Ruminococcaceae	Clostridiales	Clostridia	Firmicutes	Bacteria
210793	NA	NA	Ruminococcaceae	Clostridiales	Clostridia	Firmicutes	Bacteria
113822	NA	NA	Ruminococcaceae	Clostridiales	Clostridia	Firmicutes	Bacteria
207624	NA	NA	Ruminococcaceae	Clostridiales	Clostridia	Firmicutes	Bacteria
212532	NA	NA	Ruminococcaceae	Clostridiales	Clostridia	Firmicutes	Bacteria
181174	NA	NA	Ruminococcaceae	Clostridiales	Clostridia	Firmicutes	Bacteria
208386	NA	NA	Ruminococcaceae	Clostridiales	Clostridia	Firmicutes	Bacteria
100124	NA	NA	Ruminococcaceae	Clostridiales	Clostridia	Firmicutes	Bacteria
109546	NA	NA	Ruminococcaceae	Clostridiales	Clostridia	Firmicutes	Bacteria
207466	NA	NA	Ruminococcaceae	Clostridiales	Clostridia	Firmicutes	Bacteria
204593	NA	NA	Ruminococcaceae	Clostridiales	Clostridia	Firmicutes	Bacteria
181892	NA	Eubacterium	Ruminococcaceae	Clostridiales	Clostridia	Firmicutes	Bacteria
204889	NA	Eubacterium	Ruminococcaceae	Clostridiales	Clostridia	Firmicutes	Bacteria
187181	NA	Eubacterium	Ruminococcaceae	Clostridiales	Clostridia	Firmicutes	Bacteria
586517	NA	NA	Ruminococcaceae	Clostridiales	Clostridia	Firmicutes	Bacteria
291263	NA	NA	Ruminococcaceae	Clostridiales	Clostridia	Firmicutes	Bacteria
528722	NA	NA	Ruminococcaceae	Clostridiales	Clostridia	Firmicutes	Bacteria
358346	NA	NA	NA	Clostridiales	Clostridia	Firmicutes	Bacteria
174012	NA	NA	NA	Clostridiales	Clostridia	Firmicutes	Bacteria
274948	NA	Marinococcus	Bacillaceae	Bacillales	Bacilli	Firmicutes	Bacteria
137638	NA	Bacillus	Bacillaceae	Bacillales	Bacilli	Firmicutes	Bacteria
561398	NA	Bacillus	Bacillaceae	Bacillales	Bacilli	Firmicutes	Bacteria
137597	NA	Bacillus	Bacillaceae	Bacillales	Bacilli	Firmicutes	Bacteria
273830	NA	Bacillus	Bacillaceae	Bacillales	Bacilli	Firmicutes	Bacteria
532740	Bacillusbadius	Bacillus	Bacillaceae	Bacillales	Bacilli	Firmicutes	Bacteria
14628	Bacilluslongiquaesitum	Bacillus	Bacillaceae	Bacillales	Bacilli	Firmicutes	Bacteria
24211	Bacillusflexus	Bacillus	Bacillaceae	Bacillales	Bacilli	Firmicutes	Bacteria
130998	NA	Sporosarcina	Planococcaceae	Bacillales	Bacilli	Firmicutes	Bacteria
591504	NA	Planomicrobium	Planococcaceae	Bacillales	Bacilli	Firmicutes	Bacteria
107258	NA	Gemella	Gemellaceae	Gemellales	Bacilli	Firmicutes	Bacteria
154106	Gemellasanguinis	Gemella	Gemellaceae	Gemellales	Bacilli	Firmicutes	Bacteria
470462	NA	Gemella	Gemellaceae	Gemellales	Bacilli	Firmicutes	Bacteria
272578	NA	NA	Turicibacteraceae	Turicibacterales	Bacilli	Firmicutes	Bacteria
301364	NA	Turicibacter	Turicibacteraceae	Turicibacterales	Bacilli	Firmicutes	Bacteria
41248	NA	NA	Carnobacteriaceae	Lactobacillales	Bacilli	Firmicutes	Bacteria
28186	Enterococcushaemoperoxidus	Enterococcus	Enterococcaceae	Lactobacillales	Bacilli	Firmicutes	Bacteria
557059	NA	Enterococcus	Enterococcaceae	Lactobacillales	Bacilli	Firmicutes	Bacteria
512239	NA	NA	Enterococcaceae	Lactobacillales	Bacilli	Firmicutes	Bacteria
334656	NA	Vagococcus	Enterococcaceae	Lactobacillales	Bacilli	Firmicutes	Bacteria
140940	Carnobacteriumviridans	Carnobacterium	Carnobacteriaceae	Lactobacillales	Bacilli	Firmicutes	Bacteria
15054	Granulicatellaelegans	Granulicatella	Carnobacteriaceae	Lactobacillales	Bacilli	Firmicutes	Bacteria
470477	Granulicatellaadiacens	Granulicatella	Carnobacteriaceae	Lactobacillales	Bacilli	Firmicutes	Bacteria
15059	NA	NA	Carnobacteriaceae	Lactobacillales	Bacilli	Firmicutes	Bacteria
469920	Abiotrophiadefectiva	Abiotrophia	Aerococcaceae	Lactobacillales	Bacilli	Firmicutes	Bacteria
129773	NA	Abiotrophia	Aerococcaceae	Lactobacillales	Bacilli	Firmicutes	Bacteria
517319	NA	NA	Aerococcaceae	Lactobacillales	Bacilli	Firmicutes	Bacteria
15053	NA	Facklamia	Aerococcaceae	Lactobacillales	Bacilli	Firmicutes	Bacteria
363305	NA	Leuconostoc	Leuconostocaceae	Lactobacillales	Bacilli	Firmicutes	Bacteria
168242	NA	Leuconostoc	Leuconostocaceae	Lactobacillales	Bacilli	Firmicutes	Bacteria
246692	NA	Leuconostoc	Leuconostocaceae	Lactobacillales	Bacilli	Firmicutes	Bacteria
345575	NA	Streptococcus	Streptococcaceae	Lactobacillales	Bacilli	Firmicutes	Bacteria
303161	NA	Streptococcus	Streptococcaceae	Lactobacillales	Bacilli	Firmicutes	Bacteria
301608	NA	Streptococcus	Streptococcaceae	Lactobacillales	Bacilli	Firmicutes	Bacteria
302919	NA	Streptococcus	Streptococcaceae	Lactobacillales	Bacilli	Firmicutes	Bacteria
294794	NA	Streptococcus	Streptococcaceae	Lactobacillales	Bacilli	Firmicutes	Bacteria
306758	NA	Streptococcus	Streptococcaceae	Lactobacillales	Bacilli	Firmicutes	Bacteria
316587	NA	Streptococcus	Streptococcaceae	Lactobacillales	Bacilli	Firmicutes	Bacteria
98605	Streptococcussanguinis	Streptococcus	Streptococcaceae	Lactobacillales	Bacilli	Firmicutes	Bacteria
18951	Streptococcuspneumoniae	Streptococcus	Streptococcaceae	Lactobacillales	Bacilli	Firmicutes	Bacteria
511532	Streptococcusinfantis	Streptococcus	Streptococcaceae	Lactobacillales	Bacilli	Firmicutes	Bacteria
506496	NA	Streptococcus	Streptococcaceae	Lactobacillales	Bacilli	Firmicutes	Bacteria
332405	NA	Streptococcus	Streptococcaceae	Lactobacillales	Bacilli	Firmicutes	Bacteria
526804	NA	Streptococcus	Streptococcaceae	Lactobacillales	Bacilli	Firmicutes	Bacteria
534193	Streptococcusanginosus	Streptococcus	Streptococcaceae	Lactobacillales	Bacilli	Firmicutes	Bacteria
50448	NA	Streptococcus	Streptococcaceae	Lactobacillales	Bacilli	Firmicutes	Bacteria
108747	Streptococcusthermophilus	Streptococcus	Streptococcaceae	Lactobacillales	Bacilli	Firmicutes	Bacteria
144643	Streptococcussuis	Streptococcus	Streptococcaceae	Lactobacillales	Bacilli	Firmicutes	Bacteria
370433	Streptococcusmutans	Streptococcus	Streptococcaceae	Lactobacillales	Bacilli	Firmicutes	Bacteria
416992	NA	Streptococcus	Streptococcaceae	Lactobacillales	Bacilli	Firmicutes	Bacteria
15382	Streptococcusporcinus	Streptococcus	Streptococcaceae	Lactobacillales	Bacilli	Firmicutes	Bacteria
72003	Streptococcusphocae	Streptococcus	Streptococcaceae	Lactobacillales	Bacilli	Firmicutes	Bacteria
44359	Streptococcuspyogenes	Streptococcus	Streptococcaceae	Lactobacillales	Bacilli	Firmicutes	Bacteria
15357	Streptococcusdidelphis	Streptococcus	Streptococcaceae	Lactobacillales	Bacilli	Firmicutes	Bacteria
328458	Streptococcushyointestinalis	Streptococcus	Streptococcaceae	Lactobacillales	Bacilli	Firmicutes	Bacteria
242407	NA	Streptococcus	Streptococcaceae	Lactobacillales	Bacilli	Firmicutes	Bacteria
518033	NA	Lactobacillus	Lactobacillaceae	Lactobacillales	Bacilli	Firmicutes	Bacteria
470603	Lactobacillusjensenii	Lactobacillus	Lactobacillaceae	Lactobacillales	Bacilli	Firmicutes	Bacteria
252321	Lactobacillushelveticus	Lactobacillus	Lactobacillaceae	Lactobacillales	Bacilli	Firmicutes	Bacteria
514694	NA	Lactobacillus	Lactobacillaceae	Lactobacillales	Bacilli	Firmicutes	Bacteria
470599	Lactobacillusiners	Lactobacillus	Lactobacillaceae	Lactobacillales	Bacilli	Firmicutes	Bacteria
269541	NA	Staphylococcus	Staphylococcaceae	Bacillales	Bacilli	Firmicutes	Bacteria
378462	NA	Staphylococcus	Staphylococcaceae	Bacillales	Bacilli	Firmicutes	Bacteria
158047	Staphylococcusarlettae	Staphylococcus	Staphylococcaceae	Bacillales	Bacilli	Firmicutes	Bacteria
428705	Staphylococcusequorum	Staphylococcus	Staphylococcaceae	Bacillales	Bacilli	Firmicutes	Bacteria
326116	Staphylococcuscohnii	Staphylococcus	Staphylococcaceae	Bacillales	Bacilli	Firmicutes	Bacteria
192272	Salinicoccushalodurans	Salinicoccus	Staphylococcaceae	Bacillales	Bacilli	Firmicutes	Bacteria
184742	NA	Salinicoccus	Staphylococcaceae	Bacillales	Bacilli	Firmicutes	Bacteria
526718	NA	Salinicoccus	Staphylococcaceae	Bacillales	Bacilli	Firmicutes	Bacteria
578911	NA	Exiguobacterium	Exiguobacteraceae	Exiguobacterales	Bacilli	Firmicutes	Bacteria
589024	NA	Phascolarctobacterium	Veillonellaceae	Clostridiales	Clostridia	Firmicutes	Bacteria
469482	NA	Acidaminococcus	Veillonellaceae	Clostridiales	Clostridia	Firmicutes	Bacteria
13850	NA	NA	Veillonellaceae	Clostridiales	Clostridia	Firmicutes	Bacteria
470993	Selenomonassputigena	Selenomonas	Veillonellaceae	Clostridiales	Clostridia	Firmicutes	Bacteria
120969	NA	Selenomonas	Veillonellaceae	Clostridiales	Clostridia	Firmicutes	Bacteria
247733	NA	Selenomonas	Veillonellaceae	Clostridiales	Clostridia	Firmicutes	Bacteria
550364	NA	Selenomonas	Veillonellaceae	Clostridiales	Clostridia	Firmicutes	Bacteria
33071	NA	Selenomonas	Veillonellaceae	Clostridiales	Clostridia	Firmicutes	Bacteria
92034	NA	Selenomonas	Veillonellaceae	Clostridiales	Clostridia	Firmicutes	Bacteria
360574	NA	Selenomonas	Veillonellaceae	Clostridiales	Clostridia	Firmicutes	Bacteria
149091	NA	NA	Veillonellaceae	Clostridiales	Clostridia	Firmicutes	Bacteria
149335	NA	Mitsuokella	Veillonellaceae	Clostridiales	Clostridia	Firmicutes	Bacteria
470691	Mitsuokellamultacida	Mitsuokella	Veillonellaceae	Clostridiales	Clostridia	Firmicutes	Bacteria
161464	NA	Thermosinus	Veillonellaceae	Clostridiales	Clostridia	Firmicutes	Bacteria
535825	NA	NA	Veillonellaceae	Clostridiales	Clostridia	Firmicutes	Bacteria
13825	Dialisterpneumosintes	Dialister	Veillonellaceae	Clostridiales	Clostridia	Firmicutes	Bacteria
358364	Dialisterinvisus	Dialister	Veillonellaceae	Clostridiales	Clostridia	Firmicutes	Bacteria
400559	NA	Dialister	Veillonellaceae	Clostridiales	Clostridia	Firmicutes	Bacteria
128382	NA	Dialister	Veillonellaceae	Clostridiales	Clostridia	Firmicutes	Bacteria
155948	NA	Veillonella	Veillonellaceae	Clostridiales	Clostridia	Firmicutes	Bacteria
585419	NA	Veillonella	Veillonellaceae	Clostridiales	Clostridia	Firmicutes	Bacteria
516119	Veillonellaparvula	Veillonella	Veillonellaceae	Clostridiales	Clostridia	Firmicutes	Bacteria
114821	Veillonellaparvula	Veillonella	Veillonellaceae	Clostridiales	Clostridia	Firmicutes	Bacteria
145149	NA	Veillonella	Veillonellaceae	Clostridiales	Clostridia	Firmicutes	Bacteria
573384	NA	Veillonella	Veillonellaceae	Clostridiales	Clostridia	Firmicutes	Bacteria
471370	Desulfitobacteriumhafniense	Desulfitobacterium	Peptococcaceae	Clostridiales	Clostridia	Firmicutes	Bacteria
250833	Desulfosporosinusmeridiei	Desulfosporosinus	Peptococcaceae	Clostridiales	Clostridia	Firmicutes	Bacteria
110317	NA	NA	Peptococcaceae	Clostridiales	Clostridia	Firmicutes	Bacteria
68340	NA	Peptococcus	Peptococcaceae	Clostridiales	Clostridia	Firmicutes	Bacteria
13893	NA	Peptococcus	Peptococcaceae	Clostridiales	Clostridia	Firmicutes	Bacteria
246195	NA	TG5	Dethiosulfovibrionaceae	Synergistales	Synergistia	Synergistetes	Bacteria
92501	NA	TG5	Dethiosulfovibrionaceae	Synergistales	Synergistia	Synergistetes	Bacteria
535321	NA	NA	NA	NA	NA	SR1	Bacteria
200359	NA	NA	NA	NA	NA	SR1	Bacteria
